codigo_SGO,Identificacao_OAE,UF,Rodovia_(BR),km,Extensao_(m),Largura_(m),Tipo_Estrutura,Latitude,Longitude,Nota_Atual_SGO_(2021),Visita_SR_(Data_Realizada),Data_Inspecao_Realizada,Visita_na_OAE,Faixa_Extensao_OAE,Corredor,Obs.:,Tipo_Inspecao 
210084,"Viaduto km 1,71 (LD)",SE,235,"1,71","43","17,55",Viga caixão de concreto protendido,-10.90761667,-37.09091667,"2",28/01/2025,12/02/2025,,20<OAE<=60m (A2),1,,InR
210086,"Viaduto km 1,71 (LE)",SE,235,"1,71","43","14,4",Laje de concreto armado,-10.907792,-37.090918,"3",28/01/2025,12/02/2025,,20<OAE<=60m (A2),1,,InR
210012,Viaduto sobre a BR-101,SE,235,"8,34","42","18,2",Viga de concreto protendido,-10.8842188,-37.1330408,"3",28/01/2025,17/02/2025,,20<OAE<=60m (A2),1,,InR
200155,Viaduto Ponte Real do Colégio I (LE),AL,101,"246,6","36","12",Viga de concreto protendido,-10.18171474,-36.82845286,"4",29/11/2025,18/02/2025,,20<OAE<=60m (A2),1,,InR
210050,Viaduto sobre a BR-235,SE,101,"91,77","40,35","24,2",Viga de concreto protendido,-10.90276026,-37.13170693,"4",28/01/2025,18/02/2025,,20<OAE<=60m (A2),1,,InR
200084,Ponte sobre o Rio Boacica (LE),AL,101,"217,1","75","13,5",Viga de concreto protendido,-10.0382573,-36.643156,"4",29/11/2025,19/02/2025,,60>OAE<=120m (A3),1,,InR
210011,Ponte  Sobre o Rio Madre de Deus,SE,235,"17,91","8,3","9,65",Viga de concreto armado,-10.8466958,-37.20870607,"3",28/01/2025,19/02/2025,,OAE<=20m (A1),1,,InR
210013,Pontilhão sobre o Rio Madre,SE,235,"18,24","5,2","9,6",Laje de concreto armado,-10.84427557,-37.21043074,"2",28/01/2025,19/02/2025,,OAE<=20m (A1),1,,InR
210014,"Pontilhão sobre o Riacho Buti Br-235/SE km 18,96",SE,235,"18,96","5,2","9",Laje de concreto armado,-10.84087225,-37.21547101,"2",28/01/2025,19/02/2025,,OAE<=20m (A1),1,,InR
200146,Viaduto Junqueiro I (LD),AL,101,"183,19","13,3","11,95",Laje de concreto armado,-9.8972788,-36.41655275,"4",29/11/2025,20/02/2025,,OAE<=20m (A1),1,,InR
200165,Viaduto Junqueiro I (LE),AL,101,"183,19","15,04","11,95",Laje de concreto armado,-9.89741216,-36.41648656,"4",29/11/2025,20/02/2025,,OAE<=20m (A1),1,,InR
210018,Ponte sobre o Rio das Pedras,SE,235,"41","11,55","9,6",Viga de concreto armado,-10.7698362,-37.37309291,"2",28/01/2025,20/02/2025,,OAE<=20m (A1),1,,InR
210020,Ponte sobre o Riacho do Guri,SE,235,"68,14","9,9","12,8",Laje de concreto armado,-10.57304246,-37.50417434,"3",28/01/2025,21/02/2025,,OAE<=20m (A1),1,,InR
210021,Ponte sobre o Riacho Imbira,SE,235,"69,59","12,5","12,8",Viga de concreto armado,-10.56422155,-37.51376402,"3",28/01/2025,21/02/2025,,OAE<=20m (A1),1,,InR
210027,Ponte sobre o Riacho Coité,SE,235,"75,5","27,5","12,8",Viga de concreto armado,-10.54238224,-37.55952451,"3",28/01/2025,21/02/2025,,20<OAE<=60m (A2),1,,InR
200071,Viaduto Teotônio Vilela III,AL,101,"174,71","36,1","24,3",Viga de concreto protendido,-9.9070563,-36.3506544,"4",29/11/2025,22/02/2025,,20<OAE<=60m (A2),1,,InR
200072,Viaduto Teotônio Vilela IV (LD),AL,101,"178,33","14,3","12,45",Ponte em laje de concreto protendido,-9.8910577,-36.37939083,"4",29/11/2025,22/02/2025,,OAE<=20m (A1),1,,InR
200077,Viaduto Teotônio Vilela IV (LE),AL,101,"178,33","14,3","11,7",Ponte em laje de concreto protendido,-9.89119227,-36.3794684,"4",29/11/2025,22/02/2025,,OAE<=20m (A1),1,,InR
200152,Viaduto São Sebastião I (LD),AL,101,"195,95","14,3","11,5",Ponte em laje de concreto armado,-9.93441814,-36.49875475,"4",29/11/2025,22/02/2025,,OAE<=20m (A1),1,,InR
200153,Viaduto São Sebastião I (LE),AL,101,"195,95","14,3","12,2",Ponte em laje de concreto armado,-9.93455518,-36.4988156,"4",29/11/2025,22/02/2025,,OAE<=20m (A1),1,,InR
200154,Viaduto Ponte Real do Colégio I (LD),AL,101,"246,6","36","12",Viga de concreto protendido,-10.18166265,-36.82859649,"4",29/11/2025,22/02/2025,,20<OAE<=60m (A2),1,,InR
200045,Viaduto Campo Alegre II (LD),AL,101,"163,96","14,5","12,25",Ponte em laje de concreto protendido,-9.90042973,-36.25726486,"4",29/11/2025,24/02/2025,,OAE<=20m (A1),1,,InR
200046,Viaduto Campo Alegre II (LE),AL,101,"163,96","14,5","12,15",Ponte em laje de concreto protendido,-9.90058526,-36.25726938,"4",29/11/2025,24/02/2025,,OAE<=20m (A1),1,,InR
200047,Viaduto sobre AL-105 (LD),AL,101,"168,28","14,95","11,95",Laje de concreto armado,-9.89915695,-36.29657622,"4",29/11/2025,24/02/2025,,OAE<=20m (A1),1,,InR
200048,Viaduto sobre AL-105 (LE),AL,101,"168,28","14,95","11,95",Laje de concreto armado,-9.89931157,-36.29658042,"4",29/11/2025,24/02/2025,,OAE<=20m (A1),1,,InR
40623,Ponte sobre o Rio Jacuípe (LE),PE,101,"214,42","75,97","11,5",Viga de concreto armado,-8.87899544,-35.62896605,"3",30/01/2025,24/02/2025,,60>OAE<=120m (A3),1,,InR
210023,Ponte sobre o Rio Salgado II,SE,235,"85,5","37","12,8",Viga de concreto armado,-10.54265758,-37.64201635,"3",28/01/2025,24/02/2025,,20<OAE<=60m (A2),1,,InR
210038,Ponte Frei Paulo I,SE,235,"91,66","7,73","13,7",Laje de concreto armado,-10.49039839,-37.65659496,"4",28/01/2025,24/02/2025,,OAE<=20m (A1),1,,InR
210089,Passarela,SE,235,"2,1","0","-",Não informado,-10.90723991,-37.09455109,"-",28/01/2025,24/02/2025,,OAE<=20m (A1),1,Passarela,InCR
210091,Passarela,SE,235,"4,7","0","-",Não informado,-10.906759,-37.099085,"-",28/01/2025,24/02/2025,,OAE<=20m (A1),1,Passarela,InCR
200043,Viaduto Campo Alegre I (LD),AL,101,"156,07","15","12,05",Ponte em laje de concreto protendido,-9.89099373,-36.18883951,"4",29/11/2025,25/02/2025,,OAE<=20m (A1),1,,InR
200044,Viaduto Campo Alegre I (LE),AL,101,"156,07","15","12,1",Ponte em laje de concreto protendido,-9.89114758,-36.18881401,"4",29/11/2025,25/02/2025,,OAE<=20m (A1),1,,InR
200171,Viaduto Jequiá da Praia III (LD),AL,101,"151,14","15","12",Laje de concreto armado,-9.89409309,-36.1449577,"4",29/11/2025,25/02/2025,,OAE<=20m (A1),1,,InR
200172,Viaduto Jequiá da Praia III (LE),AL,101,"151,14","15","12",Laje de concreto armado,-9.89424571,-36.1449256,"4",29/11/2025,25/02/2025,,OAE<=20m (A1),1,,InR
210019,Ponte sobre o Rio Tabocas,SE,235,"46,48","10,3","9,5",Viga de concreto armado,-10.73575167,-37.40835498,"3",28/01/2025,27/02/2025,,OAE<=20m (A1),1,,InR
210022,Ponte sobre o Rio Salgado I,SE,235,"80,52","31,2","13,6",Viga de concreto armado,-10.54463321,-37.60406097,"2",28/01/2025,28/02/2025,,20<OAE<=60m (A2),1,,InR
200039,Viaduto Jequiá da Praia I (LD),AL,101,"143,64","15,2","12",Ponte em laje de concreto protendido,-9.84045176,-36.1355797,"4",29/11/2025,03/03/2025,,OAE<=20m (A1),1,,InR
200040,Viaduto Jequiá da Praia I (LE),AL,101,"143,64","15,2","12",Ponte em laje de concreto protendido,-9.84053126,-36.1354435,"4",29/11/2025,03/03/2025,,OAE<=20m (A1),1,,InR
200041,Viaduto Jequiá da Praia II (LD),AL,101,"147,06","14,4","11,6",Ponte em laje de concreto protendido,-9.86839794,-36.14103651,"4",29/11/2025,03/03/2025,,OAE<=20m (A1),1,,InR
200042,Viaduto Jequiá da Praia II (LE),AL,101,"147,06","14,4","12,15",Ponte em laje de concreto protendido,-9.86834395,-36.14089522,"4",29/11/2025,03/03/2025,,OAE<=20m (A1),1,,InR
40750,Passarela do Ibura,PE,101,"77","44,4","-",Viga de concreto armado,-8.1268,-34.943982,"-",30/01/2025,04/03/2025,,20<OAE<=60m (A2),1,Passarela,InCR
200176,Passagem inferior Pilar I (LE),AL,101,"106,33","15","12",Laje de concreto armado,-9.58593749,-35.9996977,"4",29/11/2025,12/03/2025,,OAE<=20m (A1),1,,InR
200177,Passagem inferior Pilar I (LD),AL,101,"106,33","15","12",Laje de concreto armado,-9.58578319,-35.99972021,"4",29/11/2025,12/03/2025,,OAE<=20m (A1),1,,InR
210015,"Ponte km 22,63",SE,235,"22,63","8,35","9,5",Viga de concreto armado,-10.8201315,-37.2402476,"2",28/01/2025,19/03/2025,,OAE<=20m (A1),1,,InR
210016,Pontilhão sobre o Riacho Cabotah,SE,235,"19,31","5","9,5",Laje de concreto armado,-10.83898727,-37.21783891,"2",28/01/2025,19/03/2025,,OAE<=20m (A1),1,,InR
210017,Ponte sobre o Rio Cotinguiba,SE,235,"26,77","12,8","9,5",Viga de concreto armado,-10.80013112,-37.27123333,"3",28/01/2025,19/03/2025,,OAE<=20m (A1),1,,InR
200029,Viaduto sob a BR-316,AL,101,"101,47","60,4","12,9",Viga de concreto protendido,-9.56578497,-35.96990584,"4",29/11/2025,24/03/2025,,20<OAE<=60m (A2),1,,InR
200022,Ponte sobre o Rio Satuba (LE),AL,101,"96,82","76,2","13,7",Viga de concreto armado,-9.5330028,-35.94985287,"4",29/11/2025,25/03/2025,,60>OAE<=120m (A3),1,,InR
200018,Ponte sobre o Rio Satuba (LD),AL,101,"96,83","51","11,5",Viga de concreto armado,-9.53303632,-35.95002872,"4",29/11/2025,26/03/2025,,20<OAE<=60m (A2),1,,InR
200017,Ponte sobre o Rio Uruba (LD),AL,101,"96,46","41,3","11,8",Viga caixão de concreto armado,-9.52841439,-35.94681861,"4",29/11/2025,27/03/2025,,20<OAE<=60m (A2),1,,InCR
200016,Viaduto Rio Largo II (LD),AL,101,"86","75,45","11,3",Viga de concreto armado,-9.4707704,-35.8799486,"4",29/11/2025,31/03/2025,,60>OAE<=120m (A3),1,,InCR
200141,"Viaduto km 88,00 (LE)",AL,101,"88","10,55","12,2",Ponte em laje de concreto protendido,-9.48325295,-35.89356909,"4",29/11/2025,31/03/2025,,OAE<=20m (A1),1,,InR
200142,"Viaduto km 88,00 (LD)",AL,101,"88","10,55","12,65",Ponte em laje de concreto protendido,-9.48313153,-35.89366545,"4",29/11/2025,31/03/2025,,OAE<=20m (A1),1,,InR
200157,Viaduto Rio Largo II (LE),AL,101,"86","76,5","13,3",Viga de concreto protendido,-9.47082362,-35.87982042,"4",29/11/2025,31/03/2025,,60>OAE<=120m (A3),1,,InR
40278,"Viaduto km 72,92",PE,101,"72,91","49,1","16,6",Viga caixão de concreto armado,-8.09244538,-34.94736651,"3",30/01/2025,31/03/2025,,20<OAE<=60m (A2),1,,InR
210034,Viaduto Nossa Senhora do Socorro I,SE,101,"85,62","12,2","27,8",Viga de concreto armado,-10.84792889,-37.13668748,"4",28/01/2025,17/04/2025,,OAE<=20m (A1),3,,InR
210005,Ponte sobre o Rio Cotinguiba (LD),SE,101,"83,87","180,5","11,3",Viga de concreto armado,-10.83393369,-37.13801735,"4",28/01/2025,30/04/2025,,120<OAE<=500m (A4),3,,InR
210048,Ponte sobre o Rio Cotinguiba (LE),SE,101,"83,88","181,4","11,4",Viga de concreto armado,-10.83392457,-37.13791269,"3",28/01/2025,30/04/2025,,120<OAE<=500m (A4),3,,InR
210049,Viaduto Nossa Senhora do Socorro II,SE,101,"85,79","21,1","25,8",Viga de concreto armado,-10.84950655,-37.13653543,"4",28/01/2025,30/04/2025,,OAE<=20m (A1),3,,InR
210090,Passarela,SE,101,"87,9","0","-",Não informado,-10.870461,-37.13455,"-",28/01/2025,30/04/2025,,OAE<=20m (A1),3,Passarela,InCR
210069,Viaduto Laranjeiras I,SE,101,"81,8","23,2","28,45",Viga de concreto armado,-10.81361348,-37.13978216,"4",28/01/2025,07/05/2025,,20<OAE<=60m (A2),3,,InR
210028,Ponte sobre o Rio Sergipe (LE),SE,101,"77,13","275","11,25",Viga de concreto armado,-10.77602967,-37.13303783,"4",28/01/2025,08/05/2025,,120<OAE<=500m (A4),3,,InCR
210047,Ponte sobre o Rio Sergipe (LD),SE,101,"76,84","269,5","12,95",Viga de concreto protendido,-10.77591404,-37.13309092,"4",28/01/2025,08/05/2025,,120<OAE<=500m (A4),3,,InR
40153,Viaduto Recife 01 (LE),PE,408,"96,05","45,75","10,35",Viga de concreto protendido,-8.06461141,-34.99027009,"4",30/01/2025,13/05/2025,,20<OAE<=60m (A2),3,,InR
40154,Viaduto Recife I (LD),PE,408,"96,06","45,5","10,35",Viga de concreto protendido,-8.0647063,-34.99026827,"4",30/01/2025,13/05/2025,,20<OAE<=60m (A2),3,,InR
140198,Viaduto Abel Cabral,RN,101,"98,66","30,5","26,4",Viga de concreto protendido,-5.86926667,-35.21843333,"4",18/03/2025,13/05/2025,,20<OAE<=60m (A2),2,,InR
140204,Túnel da Avenida das Alagoas,RN,101,"97,72","7,6","58,6",Viga de concreto armado,-5.8617,-35.21495,"3",18/03/2025,13/05/2025,,OAE<=20m (A1),2,,InR
200028,Viaduto sob a BR-104 (LE),AL,101,"79,14","80","7,36",Não informado,-9.44110558,-35.83744218,"4",29/11/2025,14/05/2025,,60>OAE<=120m (A3),1,,InR
140008,Ponte sobre o Rio Punaú,RN,101,"27,23","32","10,7",Viga de concreto armado,-5.34805946,-35.39104053,"4",18/03/2025,14/05/2025,,20<OAE<=60m (A2),2,,InR
140009,Ponte sobre o Rio Maxaranguape,RN,101,"45,33","40","10,7",Viga de concreto armado,-5.4881703,-35.32406608,"4",18/03/2025,14/05/2025,,20<OAE<=60m (A2),2,,InR
140010,Ponte sobre o Riacho Riachão,RN,101,"48,06","32","10,7",Viga de concreto armado,-5.51255814,-35.32036173,"4",18/03/2025,14/05/2025,,20<OAE<=60m (A2),2,,InR
140011,Ponte sobre o Rio Ceará-Mirim,RN,101,"67,83","103,6","11,6",Laje de concreto armado,-5.6653,-35.25188333,"2",18/03/2025,14/05/2025,,60>OAE<=120m (A3),2,,InR
40172,Viaduto Jaboatão dos Guararapes II (LD),PE,408,"97,04","23,6","11,4",Viga de concreto protendido,-8.07333625,-34.99211119,"4",30/01/2025,15/05/2025,,20<OAE<=60m (A2),3,,InR
40173,Viaduto Jaboatão dos Guararapes II (LE),PE,408,"97,04","23,6","11,4",Viga de concreto protendido,-8.07336336,-34.99201118,"4",30/01/2025,15/05/2025,,20<OAE<=60m (A2),3,,InR
40275,Viaduto sob a Rua Leandro Barreto,PE,101,"71,55","187","11,2",Viga caixão de concreto armado,-8.08126089,-34.94395077,"3",30/01/2025,19/05/2025,,120<OAE<=500m (A4),1,,InR
200027,Viaduto sob a BR-104 (LD),AL,101,"79,14","80","7,36",Não informado,-9.44122528,-35.83751118,"4",29/11/2025,20/05/2025,,60>OAE<=120m (A3),1,,InR
200138,Viaduto Rio Largo I (LE),AL,101,"80,5","10,85","12,7",Laje de concreto armado,-9.44695687,-35.84551924,"4",29/11/2025,20/05/2025,,OAE<=20m (A1),1,,InR
200139,Viaduto Rio Largo I (LD),AL,101,"80,5","10,85","12,6",Laje de concreto armado,-9.44680118,-35.8455345,"4",29/11/2025,20/05/2025,,OAE<=20m (A1),1,,InR
40273,"Viaduto km 70,87 (LD)",PE,101,"70,87","343,4","9,5",Viga caixão de concreto armado,-8.07516667,-34.94436667,"2",30/01/2025,20/05/2025,,120<OAE<=500m (A4),1,,InR
40274,"Viaduto km 70,85 (LE)",PE,101,"70,85","270,4","9,5",Viga caixão de concreto armado,-8.07505,-34.94435,"2",30/01/2025,20/05/2025,,120<OAE<=500m (A4),1,,InR
200169,Passagem inferior Messias I (LE),AL,101,"71,1","8","20,1",Laje de concreto armado,-9.37224909,-35.82921422,"4",29/11/2025,22/05/2025,,OAE<=20m (A1),1,,InR
40156,Viaduto sob a BR-232 (LE),PE,408,"97,75","189","11,9",Viga caixão de concreto armado,-8.08014751,-34.99195598,"3",30/01/2025,22/05/2025,,120<OAE<=500m (A4),3,,InR
40157,Viaduto sob a BR-232 (LD),PE,408,"104,21","164,2","12",Viga de concreto protendido,-8.08021464,-34.99173601,"5",30/01/2025,22/05/2025,,120<OAE<=500m (A4),3,,InR
200170,Passagem inferior Messias I (LD),AL,101,"71,2","8","19,12",Laje de concreto armado,-9.37239886,-35.82929995,"4",29/11/2025,23/05/2025,,OAE<=20m (A1),1,,InR
210033,Ponte sobre o Rio Ganhamaroba (LE),SE,101,"69,99","22","12,95",Viga de concreto armado,-10.73340389,-37.08601532,"2",28/01/2025,27/05/2025,,OAE<=20m (A1),3,,InR
210070,Ponte sobre o Rio Ganhamaroba (LD),SE,101,"69,98","49,5","12,95",Viga de concreto protendido,-10.73320189,-37.08601901,"4",28/01/2025,27/05/2025,,20<OAE<=60m (A2),3,,InR
200175,Ponte sobre o Rio Uruba (LE),AL,101,"96,71","40","14",Viga de concreto protendido,-9.52858333,-35.94678333,"4",29/11/2025,28/05/2025,,20<OAE<=60m (A2),1,,InR
210003,Viaduto sobre Ferrovia Maruim I (LD),SE,101,"67,2","34,6","12,95",Viga de concreto armado,-10.71822028,-37.06551295,"4",28/01/2025,28/05/2025,,20<OAE<=60m (A2),3,,InR
210004,Viaduto sobre Ferrovia Maruim I (LE),SE,101,"67,19","23,95","10,235",Laje de concreto protendido,-10.71829741,-37.065417,"2",28/01/2025,30/05/2025,,20<OAE<=60m (A2),3,,InR
140197,Viaduto Neópolis,RN,101,"97,08","31,5","26,5",Viga de concreto protendido,-5.85846229,-35.21337735,"4",18/03/2025,31/05/2025,,20<OAE<=60m (A2),2,,InR
140200,Passagem inferior Av. Maria Lacerda,RN,101,"99,39","26,8","19,4",Viga de concreto protendido,-5.87572433,-35.22249908,"5",18/03/2025,31/05/2025,,20<OAE<=60m (A2),2,,InR
140013,"Viaduto km 84,42",RN,101,"84,42","167,4","17",Viga de concreto armado,-5.77551667,-35.25445,"4",18/03/2025,01/06/2025,,120<OAE<=500m (A4),2,,InR
140014,Ponte sobre o Rio Potengi (LD),RN,101,"85,4","590","10,6",Viga de concreto armado,-5.7794828,-35.2486475,"2",18/03/2025,01/06/2025,,500<OAE<=1000m (A5),2,,InR
140015,Ponte sobre o Rio Potengi (LE),RN,101,"85,39","590","16,1",Viga de concreto armado,-5.77935508,-35.24857412,"2",18/03/2025,01/06/2025,,500<OAE<=1000m (A5),2,,InR
140017,"Viaduto km 103,94 sobre Ferrovia",RN,101,"103,94","127","9,3",Viga de concreto armado,-5.89166667,-35.2554,"3",18/03/2025,01/06/2025,,120<OAE<=500m (A4),2,,InR
140195,"Passagem Inferior km 84,46",RN,101,"84,46","95,6","11,8",Laje de concreto armado,-5.77528333,-35.25405,"4",18/03/2025,01/06/2025,,60>OAE<=120m (A3),2,,InR
210008,Ponte sobre o Rio Siriri (LE),SE,101,"64,88","38,35","13",Viga de concreto armado,-10.70303231,-37.05124954,"3",28/01/2025,02/06/2025,,20<OAE<=60m (A2),3,,InR
210071,Ponte sobre o Rio Siriri (LD),SE,101,"64,87","74,75","12,95",Viga de concreto protendido,-10.7028277,-37.05123739,"4",28/01/2025,02/06/2025,,60>OAE<=120m (A3),3,,InR
40624,Ponte sobre o Rio Jacuípe (LD),PE,101,"214,42","76","13,6",Viga de concreto armado,-8.87900016,-35.62911673,"4",30/01/2025,03/06/2025,,60>OAE<=120m (A3),1,,InR
210092,Viaduto Rosário do Catete I ,SE,101,"59","24","12",Ponte em laje de concreto protendido,-10.66001,-37.029596,"-",28/01/2025,,03/06/2025,20<OAE<=60m (A2),3,Obra sem uso,InCR
210026,Ponte sobre o Rio Lagoa Grande (LE),SE,101,"62,19","33","13",Viga de concreto armado,-10.68444071,-37.03567052,"4",28/01/2025,03/06/2025,,20<OAE<=60m (A2),3,,InR
210046,Ponte sobre o Rio Lagoa Grande (LD),SE,101,"61,98","39,7","12,95",Viga de concreto protendido,-10.68433924,-37.0357605,"4",28/01/2025,03/06/2025,,20<OAE<=60m (A2),3,,InR
210025,Ponte sobre o Rio Cafundó (LE),SE,101,"46,03","10,3","12,95",Viga de concreto armado,-10.57774869,-36.96498535,"4",28/01/2025,04/06/2025,,OAE<=20m (A1),3,,InR
210043,Ponte sobre o Rio Cafundó (LD),SE,101,"47,02","24,5","12,95",Viga de concreto armado,-10.57767135,-36.96510662,"4",28/01/2025,04/06/2025,,20<OAE<=60m (A2),3,,InR
40264,Viaduto sob a BR-232 (LD),PE,101,"69,91","304","13",Viga caixão de concreto armado,-8.06755709,-34.94383699,"3",30/01/2025,05/06/2025,,120<OAE<=500m (A4),1,,InR
40650,Viaduto,PE,101,"70,13","165","8,5",Não informado,-8.0686903,-34.94094849,"-",30/01/2025,,05/06/2025,120<OAE<=500m (A4),1,OAE em esfera estadual,InCR
210032,Ponte sobre o Rio Lagartixo (LE),SE,101,"43,24","71,1","12,95",Viga de concreto armado,-10.54612583,-36.96999852,"4",28/01/2025,05/06/2025,,60>OAE<=120m (A3),3,,InR
210081,Ponte sobre o Rio Lagartixo (LD),SE,101,"43,2","124,94","12,95",Viga de concreto protendido,-10.54577373,-36.96990626,"4",28/01/2025,05/06/2025,,120<OAE<=500m (A4),3,,InR
40270,Viaduto Recife IV (LD),PE,101,"68,06","366,67","9,35",Viga caixão de concreto armado,-8.05068227,-34.94598037,"3",30/01/2025,06/06/2025,,120<OAE<=500m (A4),1,,InR
40271,Viaduto Recife IV (LE),PE,101,"68,06","366,67","9,35",Viga caixão de concreto armado,-8.05070736,-34.94586444,"2",30/01/2025,06/06/2025,,120<OAE<=500m (A4),1,,InR
210024,Ponte sobre o Rio Japaratuba (LE),SE,101,"42,46","100,45","11,4",Viga de concreto armado,-10.54040894,-36.96598395,"2",28/01/2025,09/06/2025,,60>OAE<=120m (A3),3,,InR
210042,Ponte sobre o Rio Japaratuba (LD),SE,101,"42,47","119,9","12,95",Viga de concreto protendido,-10.54032453,-36.96608243,"4",28/01/2025,09/06/2025,,60>OAE<=120m (A3),3,,InR
40272,"Viaduto km 69,44",PE,101,"69,44","341,5","9,2",Viga caixão de concreto armado,-8.06308333,-34.94425,"3",30/01/2025,10/06/2025,,120<OAE<=500m (A4),1,,InR
40115,"Viaduto km 76,14 (LD)",PE,101,"76,14","39","9,3",Viga caixão de concreto armado,-8.1193,-34.94316667,"4",30/01/2025,11/06/2025,,20<OAE<=60m (A2),1,,InR
40116,"Viaduto km 76,14 (LE)",PE,101,"76,14","39","8,8",Viga caixão de concreto armado,-8.1191,-34.94303333,"4",30/01/2025,11/06/2025,,20<OAE<=60m (A2),1,,InR
210072,Ponte sobre o Rio Japaratuba Mirim (LD),SE,101,"30,86","119,97","12,95",Viga de concreto protendido,-10.44845272,-36.93806555,"4",28/01/2025,11/06/2025,,60>OAE<=120m (A3),3,,InR
210073,Ponte sobre o Rio Japaratuba Mirim (LE),SE,101,"30,89","80,32","11,25",Viga de concreto armado,-10.44867803,-36.93801351,"3",28/01/2025,11/06/2025,,60>OAE<=120m (A3),3,,InR
40276,"Viaduto km 72,53 sobre Ferrovia (LD)",PE,101,"72,53","61,4","13,7",Viga caixão de concreto armado,-8.08926667,-34.94696667,"3",30/01/2025,12/06/2025,,20<OAE<=60m (A2),1,,InR
40277,"Viaduto km 72,53 sobre Ferrovia (LE)",PE,101,"72,53","61,2","13,7",Viga caixão de concreto armado,-8.0892,-34.9468,"4",30/01/2025,12/06/2025,,20<OAE<=60m (A2),1,,InR
40279,Ponte sobre Rio Tejipió (LD),PE,101,"73,19","32","13,9",Viga caixão de concreto armado,-8.09453333,-34.94855,"3",30/01/2025,12/06/2025,,20<OAE<=60m (A2),1,,InR
40280,Ponte sobre Rio Tejipió (LE),PE,101,"73,18","30","13,9",Viga caixão de concreto armado,-8.0946,-34.94841667,"1",30/01/2025,12/06/2025,,20<OAE<=60m (A2),1,,InR
210001,Ponte sobre o Riacho Patu (LE),SE,101,"29,31","16","11,4",Viga de concreto armado,-10.43528094,-36.93339205,"4",28/01/2025,12/06/2025,,20<OAE<=60m (A2),3,,InR
210041,Ponte sobre o Riacho Patu (LD),SE,101,"29,3","39,6","12,95",Viga de concreto protendido,-10.43513916,-36.93348691,"4",28/01/2025,12/06/2025,,20<OAE<=60m (A2),3,,InR
40268,Viaduto Recife III (LD),PE,101,"66,58","231,82","9,25",Viga caixão de concreto armado,-8.03791048,-34.94178536,"3",30/01/2025,16/06/2025,,120<OAE<=500m (A4),1,,InR
40269,Viaduto Recife III (LE),PE,101,"66,58","231,82","9,25",Viga caixão de concreto armado,-8.03794313,-34.94160573,"2",30/01/2025,16/06/2025,,120<OAE<=500m (A4),1,,InR
140024,Ponte sobre o Rio Levada (LE),RN,101,"166,2","49,9","11,5",Viga de concreto armado,-6.41693318,-35.12646258,"3",18/03/2025,16/06/2025,,20<OAE<=60m (A2),1,,InR
40266,Ponte sobre o Rio Capibaribe (LD),PE,101,"65,35","92,3","12,3",Viga caixão de concreto armado,-8.0270282,-34.94307859,"3",30/01/2025,17/06/2025,,60>OAE<=120m (A3),1,,InR
40267,Ponte sobre o Rio Capibaribe (LE),PE,101,"65,35","92,3","12,3",Viga caixão de concreto armado,-8.02704818,-34.94296449,"2",30/01/2025,17/06/2025,,60>OAE<=120m (A3),1,,InR
40265,Ponte sobre o Riacho Besouro,PE,101,"64,88","30,4","25,05",Viga caixão de concreto armado,-8.02287641,-34.94287193,"3",30/01/2025,17/06/2025,,20<OAE<=60m (A2),1,,InR
140046,"Viaduto km 147,79 (LD)",RN,101,"147,79","75,6","13,8",Viga de concreto armado,-6.27641667,-35.20686667,"4",18/03/2025,17/06/2025,,60>OAE<=120m (A3),1,,InR
140051,Viaduto Canguaretama I (LE),RN,101,"161,64","80,24","14",Viga de concreto armado,-6.38171728,-35.14660761,"4",18/03/2025,17/06/2025,,60>OAE<=120m (A3),1,,InR
140199,Viaduto Emaús,RN,101,"101,25","31,3","26,6",Viga de concreto protendido,-5.88677639,-35.23242473,"5",18/03/2025,17/06/2025,,20<OAE<=60m (A2),2,,InR
210010,Viaduto sobre Ferrovia Cedro de São João I (LE),SE,101,"10,12","31","12,75",Viga de concreto armado,-10.27660198,-36.87266623,"4",28/01/2025,18/06/2025,,20<OAE<=60m (A2),3,,InR
210061,Viaduto sobre Ferrovia Cedro de São João I (LD),SE,101,"10,1","74,75","12,95",Viga de concreto protendido,-10.27646918,-36.87272131,"4",28/01/2025,18/06/2025,,60>OAE<=120m (A3),3,,InR
40261,"Viaduto km 64,07 (LD)",PE,101,"64,07","36","10,5",Viga caixão de concreto armado,-8.01668333,-34.94095,"3",30/01/2025,20/06/2025,,20<OAE<=60m (A2),1,,InR
40262,"Viaduto km 64,07 (LE)",PE,101,"64,07","36","10,5",Viga caixão de concreto armado,-8.01676667,-34.94088333,"3",30/01/2025,20/06/2025,,20<OAE<=60m (A2),1,,InR
220095,Ponte sobre o Rio Pimenta Bueno,RO,435,"23,22","58","8,1",Viga de concreto armado,-12.86708043,-60.37038686,"4",13/05/2025,21/06/2025,,20<OAE<=60m (A2),10,,InR
130024,Ponte sobre o Rio Dois Rios (LD),PB,101,"123,52","25,3","10,8",Viga de concreto armado,-7.46351206,-34.97878479,"3",19/03/2025,22/06/2025,,20<OAE<=60m (A2),3,,InR
220142,Ponte sobre o Rio Escondido,RO,435,"93,15","63,5","8,1",Viga de concreto armado,-13.19096319,-60.67402917,"4",13/05/2025,22/06/2025,,60>OAE<=120m (A3),10,,InR
220144,Ponte sobre o Rio Caladinho,RO,435,"82,87","29,7","8",Viga de concreto armado,-13.18965064,-60.58677199,"4",13/05/2025,22/06/2025,,20<OAE<=60m (A2),10,,InR
220147,Ponte sobre o Rio Santa Cruz,RO,435,"145,01","45","8,9",Não informado,-13.3891873,-60.95048644,"-",13/05/2025,22/06/2025,,20<OAE<=60m (A2),10,,InCR
220149,Ponte sobre Igarapé Branco,RO,435,"133,37","30","8,8",Não informado,-13.28434448,-60.95143135,"-",13/05/2025,22/06/2025,,20<OAE<=60m (A2),10,,InCR
200091,Ponte sobre o Riacho da Cruz,AL,423,"92,6","21","8,3",Viga de concreto armado,-9.36859753,-38.09388808,"4",29/11/2025,23/06/2025,,OAE<=20m (A1),7,,InR
40263,Viaduto sob a BR-232 (LE),PE,101,"69,91","304","13",Viga caixão de concreto armado,-8.06741816,-34.94389735,"2",30/01/2025,23/06/2025,,120<OAE<=500m (A4),1,,InR
40259,Viaduto sobre a PE-004 (LD),PE,101,"63,18","42,1","9,2",Viga caixão de concreto armado,-8.00885726,-34.93772982,"3",30/01/2025,23/06/2025,,20<OAE<=60m (A2),1,,InR
40260,Viaduto Recife II (LE),PE,101,"63,19","42,1","9,2",Viga caixão de concreto armado,-8.00883798,-34.93755028,"3",30/01/2025,23/06/2025,,20<OAE<=60m (A2),1,,InR
220096,Ponte sobre o Rio Colorado,RO,435,"52","42,4","8",Viga de concreto armado,-13.09646484,-60.37247519,"4",13/05/2025,23/06/2025,,20<OAE<=60m (A2),10,,InR
220143,Ponte sobre o Rio Sete Voltas,RO,435,"81,46","28","8,3",Viga de concreto armado,-13.19236004,-60.57479227,"4",13/05/2025,23/06/2025,,20<OAE<=60m (A2),10,,InR
210039,Viaduto sobre Ferrovia Propriá III (LD),SE,101,"3,95","74,5","12,95",Viga de concreto protendido,-10.23050348,-36.8435727,"4",28/01/2025,23/06/2025,,60>OAE<=120m (A3),3,,InR
210040,Viaduto sobre Ferrovia Propriá III (LE),SE,101,"3,96","54,8","11,4",Viga de concreto armado,-10.23064062,-36.8437597,"4",28/01/2025,23/06/2025,,20<OAE<=60m (A2),3,,InR
210082,Viaduto Propriá I (LE),SE,101,"1,2","9,2","16,6",Laje de concreto armado,-10.21656704,-36.8236675,"4",28/01/2025,23/06/2025,,OAE<=20m (A1),3,,InR
210083,Viaduto Inservível Ferroviário Propriá I,SE,101,"1,2","8,35","6,4",Laje de concreto armado,-10.21645574,-36.8238075,"4",28/01/2025,23/06/2025,,OAE<=20m (A1),3,,InR
210085,Viaduto Propriá I (LD),SE,101,"1,2","8,61","13,3",Laje de concreto armado,-10.21649105,-36.82376069,"4",28/01/2025,23/06/2025,,OAE<=20m (A1),3,,InR
200050,Ponte sobre o Riacho Cardoso,AL,423,"73,09","8,45","8,2",Viga de concreto armado,-9.31201992,-37.92588742,"4",29/11/2025,24/06/2025,,OAE<=20m (A1),7,,InR
200060,Ponte sobre o Riacho Pariconha,AL,423,"83,32","10,9","8,25",Viga de concreto armado,-9.34100138,-38.01414869,"4",29/11/2025,24/06/2025,,OAE<=20m (A1),7,,InR
200088,Ponte sobre o Riacho Salgadinho,AL,423,"63,2","17,1","8,2",Viga de concreto armado,-9.29423844,-37.83758414,"4",29/11/2025,24/06/2025,,OAE<=20m (A1),7,,InR
200089,Ponte sobre o Riacho Sossego,AL,423,"81,76","8","8,6",Viga de concreto armado,-9.33626282,-38.00074128,"4",29/11/2025,24/06/2025,,OAE<=20m (A1),7,,InR
200092,Ponte sobre o Riacho Taboleiro,AL,423,"70,53","16,1","8,6",Viga de concreto armado,-9.30742928,-37.9029958,"4",29/11/2025,24/06/2025,,OAE<=20m (A1),7,,InR
200096,Ponte sobre o Riacho Mandacaru,AL,423,"59,55","6","8,6",Laje de concreto armado,-9.28773333,-37.80508333,"4",29/11/2025,24/06/2025,,OAE<=20m (A1),7,,InR
130035,Viaduto Bayeux III (LD),PB,101,"85,86","80,4","9,1",Viga de concreto armado,-7.1505525,-34.91109835,"4",19/03/2025,24/06/2025,,60>OAE<=120m (A3),16,,InR
130036,Viaduto Bayeux III (LE),PB,101,"85,85","80,4","9,1",Viga de concreto armado,-7.1504941,-34.91118156,"4",19/03/2025,24/06/2025,,60>OAE<=120m (A3),16,,InR
130037,Viaduto Bayeux II,PB,101,"82,67","17,15","23",Laje de concreto armado,-7.13199766,-34.9318046,"4",19/03/2025,24/06/2025,,OAE<=20m (A1),16,,InR
130038,Viaduto Bayeux I,PB,101,"82,53","17,2","23",Laje de concreto armado,-7.13130028,-34.93293839,"4",19/03/2025,24/06/2025,,OAE<=20m (A1),16,,InR
40257,Viaduto Recife I (LD),PE,101,"61,22","6,5","13,2",Laje de concreto armado,-7.99257444,-34.93702508,"4",30/01/2025,24/06/2025,,OAE<=20m (A1),1,,InR
40258,Passagem Inferior Recife I (LE),PE,101,"61,27","8,55","12,7",Laje de concreto armado,-7.99246421,-34.93675043,"2",30/01/2025,24/06/2025,,OAE<=20m (A1),1,,InR
220076,Ponte sobre o Rio Igarapé Melgacinho,RO,364,"141,43","32,25","12,8",Viga de concreto armado,-12.01448552,-60.85923207,"4",13/05/2025,24/06/2025,,20<OAE<=60m (A2),10,,InR
200090,Ponte sobre o Rio Canapi,AL,423,"37,11","61,2","8,4",Laje de concreto armado,-9.22483984,-37.61086364,"4",29/11/2025,25/06/2025,,20<OAE<=60m (A2),7,,InR
200097,Ponte sobre o Riacho das Batatas,AL,423,"49,2","8,2","8,3",Viga de concreto armado,-9.25934295,-37.71538602,"4",29/11/2025,25/06/2025,,OAE<=20m (A1),7,,InR
220087,Ponte sobre o Rio Barão de Melgaço,RO,364,"198,4","97","10",Viga de concreto armado,-11.66696189,-61.19188013,"4",13/05/2025,25/06/2025,,60>OAE<=120m (A3),10,,InR
220089,"Viaduto km 196,94",RO,364,"196,94","30,1","12",Viga de concreto protendido,-11.67928333,-61.18766667,"4",13/05/2025,25/06/2025,,20<OAE<=60m (A2),10,,InR
200059,Ponte sobre o Rio Analó,AL,423,"33,56","11","8,6",Viga de concreto armado,-9.21479896,-37.58018341,"4",29/11/2025,26/06/2025,,OAE<=20m (A1),7,,InR
140023,Ponte sobre o Rio Levada (LD),RN,101,"166,19","60,35","13,8",Viga de concreto armado,-6.4169556,-35.12664184,"4",18/03/2025,26/06/2025,,20<OAE<=60m (A2),1,,InR
140050,Viaduto Canguaretama I (LD),RN,101,"161,64","80,24","14",Viga de concreto armado,-6.38178906,-35.14673339,"4",18/03/2025,26/06/2025,,60>OAE<=120m (A3),1,,InR
220066,Ponte sobre o Rio Ávila,RO,364,"64,11","30","10,35",Viga de concreto armado,-12.50469555,-60.47150338,"4",13/05/2025,26/06/2025,,20<OAE<=60m (A2),10,,InR
220090,Viaduto Pimenta Bueno II,RO,364,"197,94","30,1","12",Viga de concreto protendido,-11.67093598,-61.19121114,"4",13/05/2025,26/06/2025,,20<OAE<=60m (A2),10,,InR
220075,Ponte sobre o Afluente do Rio Ji-paraná,RO,429,"2,95","48,5","10,04",Viga de concreto armado,-11.2004216,-61.92836716,"4",13/05/2025,27/06/2025,,20<OAE<=60m (A2),9,,InR
220088,Ponte sobre o Rio Riozinho,RO,364,"224,38","60","10",Viga de concreto armado,-11.51290289,-61.35664513,"4",13/05/2025,27/06/2025,,20<OAE<=60m (A2),10,,InR
220137,Ponte sobre o Igarapé Grande,RO,364,"276,14","60,8","10,3",Viga de concreto armado,-11.38753156,-61.76963943,"4",13/05/2025,27/06/2025,,20<OAE<=60m (A2),10,,InR
130031,Ponte sobre o Rio Gramame (LD),PB,101,"93,75","74","13,4",Viga de concreto armado,-7.21244986,-34.91115901,"4",19/03/2025,28/06/2025,,60>OAE<=120m (A3),3,,InR
220100,Ponte sobre o Rio São José,RO,429,"35,99","46,9","12,8",Viga de concreto armado,-11.24423678,-62.20759771,"4",13/05/2025,28/06/2025,,20<OAE<=60m (A2),9,,InR
220081,Ponte sobre o Córrego Terra Boa,RO,429,"78,19","40,1","12,8",Viga de concreto protendido,-11.50993116,-62.46372028,"4",13/05/2025,29/06/2025,,20<OAE<=60m (A2),9,,InR
220123,Ponte sobre o Rio Xibutaia,RO,429,"103,66","75,1","12,7",Viga de concreto armado,-11.63078326,-62.62923741,"4",13/05/2025,30/06/2025,,60>OAE<=120m (A3),9,,InR
220124,Ponte sobre o Rio São Miguel,RO,429,"130,31","100","12,8",Viga de concreto protendido,-11.73432635,-62.80844186,"4",13/05/2025,30/06/2025,,60>OAE<=120m (A3),9,,InR
220074,Ponte sobre o Rio Caio Espíndola,RO,429,"191,08","80","12,8",Viga de concreto armado,-11.96235976,-63.2687794,"4",13/05/2025,01/07/2025,,60>OAE<=120m (A3),9,,InR
130302,Viaduto Cabedelo I,PB,230,"4,23","52","25,7",Viga de concreto protendido,-7.00560154,-34.82943336,"4",19/03/2025,02/07/2025,,20<OAE<=60m (A2),15,,InR
130307,Viaduto Cabedelo IV,PB,230,"9,22","42","25,6",Viga de concreto armado,-7.0472169,-34.84823165,"4",19/03/2025,02/07/2025,,20<OAE<=60m (A2),15,,InR
130039,"Viaduto km 80,48 sobre Ferrovia (LD)",PB,101,"80,48","30","11,5",Viga de concreto armado,-7.12165,-34.94808333,"4",19/03/2025,03/07/2025,,20<OAE<=60m (A2),18,,InR
130040,Viaduto sobre ferrovia Santa Rita V (LE),PB,101,"80,49","39,55","13,8",Viga de concreto armado,-7.12166824,-34.94788656,"4",19/03/2025,03/07/2025,,20<OAE<=60m (A2),18,,InR
140156,Ponte sobre o Rio Angicos,RN,304,"55,67","124,5","9,7",Viga de concreto armado,-5.28889856,-37.28862704,"4",18/03/2025,08/07/2025,,120<OAE<=500m (A4),5,,InR
220085,"Viaduto km 713,06",RO,364,"713,06","82,5","10,8",Viga de concreto protendido,-8.77283333,-63.87993333,"4",13/05/2025,08/07/2025,,60>OAE<=120m (A3),6,,InR
220091,"Viaduto km 713,46 (LD)",RO,364,"713,46","30","8",Viga caixão de concreto protendido,-8.7713,-63.88283333,"4",13/05/2025,08/07/2025,,20<OAE<=60m (A2),5,,InR
220092,"Viaduto km 713,71 (LE)",RO,364,"713,71","30","10,4",Viga caixão de concreto protendido,-8.77135,-63.88293333,"3",13/05/2025,08/07/2025,,20<OAE<=60m (A2),5,,InR
220110,"Viaduto km 711,75",RO,364,"711,75","14","23,6",Viga caixão de concreto armado,-8.77801667,-63.87143333,"4",13/05/2025,08/07/2025,,OAE<=20m (A1),6,,InR
220120,"Viaduto km 711,83",RO,364,"711,83","14","23,6",Viga caixão de concreto armado,-8.77765,-63.87206667,"4",13/05/2025,08/07/2025,,OAE<=20m (A1),6,,InR
220070,"Viaduto km 715,86",RO,364,"715,86","13,6","25,5",Viga caixão de concreto armado,-8.78476667,-63.89728333,"4",13/05/2025,09/07/2025,,OAE<=20m (A1),5,,InR
220103,Viaduto Av. Campos Sales I,RO,364,"715,76","13,6","25,8",Laje de concreto armado,-8.78427971,-63.89682027,"4",13/05/2025,09/07/2025,,OAE<=20m (A1),5,,InR
220127,Ponte sobre o Igarapé do Índio,RO,319,"30,29","31,2","10,8",Viga de concreto armado,-8.07453642,-63.59605307,"4",13/05/2025,10/07/2025,,20<OAE<=60m (A2),1,,InR
220069,"Viaduto km 714,18",RO,364,"714,18","20,4","22,6",Laje de concreto armado,-8.77436667,-63.8864,"4",13/05/2025,10/07/2025,,OAE<=20m (A1),5,,InR
220077,"Viaduto km 714,12",RO,364,"714,12","20,3","23,5",Laje de concreto armado,-8.77398333,-63.88598333,"4",13/05/2025,10/07/2025,,OAE<=20m (A1),5,,InR
220145,"Viaduto km 716,27",RO,364,"716,27","15,2","28,6",Laje de concreto armado,-8.78743333,-63.9001,"4",13/05/2025,10/07/2025,,OAE<=20m (A1),5,,InR
130185,Ponte sobre o Rio Jaguaribe (LD),PB,230,"15,32","23","12,05",Viga de concreto armado,-7.09964088,-34.84786006,"4",19/03/2025,11/07/2025,,20<OAE<=60m (A2),15,,InR
130194,Viaduto João Pessoa II,PB,230,"17,79","22,4","12,3",Viga de concreto protendido,-7.12109618,-34.84526773,"4",19/03/2025,11/07/2025,,20<OAE<=60m (A2),15,,InR
130196,Ponte sobre o Rio Jaguaribe (LE),PB,230,"14,99","23","11,75",Viga de concreto armado,-7.09963189,-34.84771805,"3",19/03/2025,11/07/2025,,20<OAE<=60m (A2),15,,InR
130235,Viaduto João Pessoa I (LE),PB,230,"17,63","22,4","15,15",Laje de concreto armado,-7.11962579,-34.84525674,"4",19/03/2025,11/07/2025,,20<OAE<=60m (A2),15,,InR
130256,Viaduto João Pessoa I (LD),PB,230,"17,64","22,4","15,15",Laje de concreto armado,-7.1197708,-34.84526418,"3",19/03/2025,11/07/2025,,20<OAE<=60m (A2),15,,InR
130026,Passagem inferior Caaporã II,PB,101,"123,42","5,3","29,2",Laje de concreto armado,-7.46260738,-34.979153,"4",19/03/2025,12/07/2025,,OAE<=20m (A1),3,,InR
130027,Passagem inferior Caaporã I,PB,101,"122,07","6,9","54,75",Laje de concreto armado,-7.45099244,-34.98010158,"4",19/03/2025,12/07/2025,,OAE<=20m (A1),3,,InR
130028,Ponte sobre o Rio Papocas (LD),PB,101,"119,81","25","10,8",Viga de concreto protendido,-7.4345,-34.97126667,"4",19/03/2025,12/07/2025,,20<OAE<=60m (A2),3,,InR
130029,Ponte sobre o Rio Papocas (LE),PB,101,"119,84","39,7","13,6",Viga de concreto armado,-7.43459039,-34.97114905,"4",19/03/2025,12/07/2025,,20<OAE<=60m (A2),3,,InR
130030,Passagem inferior Alhandra I,PB,101,"110,63","6,9","47,8",Laje de concreto armado,-7.35797185,-34.95098476,"4",19/03/2025,12/07/2025,,OAE<=20m (A1),3,,InR
130222,Ponte sobre o Rio Jaguaribe (Central),PB,230,"14,99","23","8,4",Viga de concreto armado,-7.09963639,-34.84780036,"3",19/03/2025,12/07/2025,,20<OAE<=60m (A2),15,,InR
220078,Ponte sobre o Igarapé Bate Estaca (LE),RO,364,"719,28","30,2","10,1",Viga de concreto armado,-8.80878333,-63.91688333,"4",13/05/2025,12/07/2025,,20<OAE<=60m (A2),5,,InR
220140,Ponte sobre o Rio Madeira,RO,319,"56,6","980","12,4",Viga de concreto protendido,-8.73836667,-63.92705,"4",13/05/2025,12/07/2025,,500<OAE<=1000m (A5),5,,InR
220126,Ponte sobre o Igarapé Bate Estaca (LD),RO,364,"719,24","53,3","11,7",Viga de concreto protendido,-8.80850716,-63.91695846,"4",13/05/2025,12/07/2025,,20<OAE<=60m (A2),5,,InR
220128,Ponte sobre o Rio Caracol,RO,364,"790,97","60,9","10,1",Viga caixão de concreto protendido,-9.2111173,-64.33575726,"4",13/05/2025,13/07/2025,,20<OAE<=60m (A2),2,,InR
220131,Ponte sobre o Rio Jaci Paraná,RO,364,"799,04","168","9,8",Mista (viga metálica e laje de concreto),-9.25741667,-64.3871,"3",13/05/2025,13/07/2025,,120<OAE<=500m (A4),2,,InR
220135,Ponte sobre o Rio Jirau,RO,364,"843,59","40,4","9,8",Mista (viga metálica e laje de concreto),-9.42975,-64.702,"4",13/05/2025,13/07/2025,,20<OAE<=60m (A2),2,,InR
40281,"Viaduto km 82,01",PE,101,"82,01","235","9,2",Viga caixão de concreto armado,-8.1684,-34.93768333,"2",30/01/2025,14/07/2025,,120<OAE<=500m (A4),1,,InR
140176,Viaduto Mossoró I (LE),RN,304,"34,35","66","12,15",Viga de concreto armado,-5.15570571,-37.34937931,"4",18/03/2025,14/07/2025,,60>OAE<=120m (A3),5,,InR
140177,Viaduto Mossoró I (LD),RN,304,"34,35","66","12,15",Viga caixão de concreto protendido,-5.1556377,-37.34948738,"4",18/03/2025,14/07/2025,,60>OAE<=120m (A3),5,,InR
140179,"Viaduto km 36,10 (LE)",RN,304,"36,1","66,3","12",Viga de concreto protendido,-5.16912854,-37.35606453,"4",18/03/2025,14/07/2025,,60>OAE<=120m (A3),5,,InR
140180,"Viaduto km 37,59 (LD)",RN,304,"37,59","60,4","12",Viga de concreto protendido,-5.17841667,-37.36598333,"4",18/03/2025,14/07/2025,,20<OAE<=60m (A2),5,,InR
140181,Viaduto Mossoró III (LE),RN,304,"37,59","59,25","12,8",Viga de concreto protendido,-5.17845038,-37.3658797,"4",18/03/2025,14/07/2025,,20<OAE<=60m (A2),5,,InR
140183,"Viaduto km 47,59",RN,304,"47,59","22","12",Viga de concreto protendido,-5.22591667,-37.32441667,"4",18/03/2025,14/07/2025,,OAE<=20m (A1),5,,InR
220063,Ponte sobre o Rio Marmelo,RO,364,"992,58","175,4","10",Viga de concreto protendido,-9.68401264,-65.93452256,"4",13/05/2025,14/07/2025,,120<OAE<=500m (A4),4,,InR
40590,Viaduto sobre Ferrovia Xexéu II (LD),PE,101,"214","40,35","14,25",Viga de concreto protendido,-8.87530559,-35.62945705,"4",30/01/2025,15/07/2025,,20<OAE<=60m (A2),1,,InR
40627,Viaduto sobre Ferrovia Xexéu II (LE),PE,101,"213,99","35,5","12,5",Viga de concreto armado,-8.87517343,-35.6293155,"3",30/01/2025,15/07/2025,,20<OAE<=60m (A2),1,,InR
220061,Ponte sobre o Rio Tamborete,RO,364,"954,06","42,2","10",Viga de concreto protendido,-9.64797702,-65.58887712,"4",13/05/2025,15/07/2025,,20<OAE<=60m (A2),4,,InR
220062,"Ponte km 956,41",RO,364,"956,41","85,5","9,7",Viga de concreto protendido,-9.64726667,-65.60376667,"4",13/05/2025,15/07/2025,,60>OAE<=120m (A3),4,,InR
220114,Ponte sobre o Rio Marmelo,RO,364,"988,97","40,2","9,8",Viga de concreto armado,-9.68217721,-65.9012245,"4",13/05/2025,15/07/2025,,20<OAE<=60m (A2),4,,InR
210051,Ponte sobre o Rio Poxim Açu (LD),SE,101,"96,94","39,8","12,95",Viga de concreto protendido,-10.9225,-37.17443333,"5",28/01/2025,15/07/2025,,20<OAE<=60m (A2),2,,InR
210052,Ponte sobre o Rio Poxim Açu (LE),SE,101,"97,25","34,1","12,95",Viga de concreto armado,-10.9226177,-37.17442892,"4",28/01/2025,15/07/2025,,20<OAE<=60m (A2),2,,InR
210067,Ponte sobre o Rio Poxim Mirim (LE),SE,101,"96,09","19,4","11,3",Viga de concreto armado,-10.91656728,-37.16574964,"4",28/01/2025,15/07/2025,,OAE<=20m (A1),2,,InR
210068,Ponte sobre o Rio Poxim Mirim (LD),SE,101,"96,08","39,6","12,95",Viga de concreto protendido,-10.91640618,-37.16574857,"4",28/01/2025,15/07/2025,,20<OAE<=60m (A2),2,,InR
140027,"Viaduto km 133,19 (LD)",RN,101,"133,19","11,5","11,2",Laje de concreto armado,-6.14648333,-35.22735,"4",18/03/2025,16/07/2025,,OAE<=20m (A1),1,,InR
140028,"Viaduto km 133,20 (LE)",RN,101,"133,2","11,5","12",Laje de concreto armado,-6.14651667,-35.22718333,"4",18/03/2025,16/07/2025,,OAE<=20m (A1),1,,InR
140031,Viaduto Canguaretama II (LD),RN,101,"168,72","15,9","12,1",Laje de concreto armado,-6.4367512,-35.11529665,"4",18/03/2025,16/07/2025,,OAE<=20m (A1),1,,InR
140032,Viaduto Canguaretama II (LE),RN,101,"168,72","15,9","12,1",Laje de concreto armado,-6.43662118,-35.11518794,"4",18/03/2025,16/07/2025,,OAE<=20m (A1),1,,InR
140033,Viaduto Canguaretama III (LD),RN,101,"175,41","11,1","12",Laje de concreto armado,-6.49571533,-35.1134468,"4",18/03/2025,16/07/2025,,OAE<=20m (A1),1,,InR
140034,Viaduto Canguaretama III (LE),RN,101,"175,41","11,1","11,2",Laje de concreto armado,-6.49572152,-35.11328865,"4",18/03/2025,16/07/2025,,OAE<=20m (A1),1,,InR
140035,Viaduto sobre a RN-061 (LD),RN,101,"141,47","15","12",Laje de concreto armado,-6.21797641,-35.2159376,"4",18/03/2025,16/07/2025,,OAE<=20m (A1),1,,InR
140036,Viaduto sobre a RN-061 (LE),RN,101,"141,48","15","11,3",Laje de concreto armado,-6.21798776,-35.21578217,"4",18/03/2025,16/07/2025,,OAE<=20m (A1),1,,InR
140047,"Viaduto km 147,79 (LE)",RN,101,"147,79","75,6","13,8",Viga de concreto armado,-6.27636667,-35.20673333,"4",18/03/2025,16/07/2025,,60>OAE<=120m (A3),1,,InR
140048,Viaduto Goianinha IV (LD),RN,101,"151,07","11","12,1",Laje de concreto armado,-6.30143197,-35.19259826,"4",18/03/2025,16/07/2025,,OAE<=20m (A1),1,,InR
140049,Viaduto Goianinha IV (LE),RN,101,"151,07","10,1","11,3",Laje de concreto armado,-6.30135575,-35.19246383,"4",18/03/2025,16/07/2025,,OAE<=20m (A1),1,,InR
140212,"Ponte km 3,78",RN,427,"3,78","23","10",Viga de concreto armado,-6.29878333,-36.52633333,"3",18/03/2025,16/07/2025,,20<OAE<=60m (A2),6,,InR
140102,Ponte sobre o Riacho Maria da Paz,RN,427,"5,38","11","8,7",Viga de concreto armado,-6.3098266,-36.53547406,"3",18/03/2025,16/07/2025,,OAE<=20m (A1),6,,InR
140103,Ponte sobre o Afluente do Rio Currais Novos,RN,427,"5,97","6,9","9,8",Laje de concreto armado,-6.31422768,-36.53835403,"3",18/03/2025,16/07/2025,,OAE<=20m (A1),6,,InR
140104,Ponte sobre o Riacho Boca de Laje,RN,427,"9,14","23","10",Viga de concreto armado,-6.33136667,-36.5543,"3",18/03/2025,16/07/2025,,20<OAE<=60m (A2),6,,InR
140127,Ponte sobre o Riacho do Açude,RN,427,"25,94","12,7","8,3",Viga de concreto armado,-6.42074752,-36.64171418,"3",18/03/2025,16/07/2025,,OAE<=20m (A1),6,,InR
220166,Ponte sobre o Rio Ribeirão,RO,425,"60,89","130","12,15","-",-10.231741,-65.282453,"-",13/05/2025,16/07/2025,,120<OAE<=500m (A4),3,,InCR
220160,Ponte do Abunã,RO,364,"937,6","1500","15",Viga caixão de concreto protendido,-9.666049,-65.444681,"-",13/05/2025,16/07/2025,,OAE>1000m (A6),4,,InCR
210064,Ponte sobre o Rio Pitanga (LD),SE,101,"103,32","39,6","12,95",Viga de concreto protendido,-10.95260102,-37.21953885,"4",28/01/2025,16/07/2025,,20<OAE<=60m (A2),2,,InR
210065,Ponte sobre o Rio Pitanga (LE),SE,101,"103,32","39,65","11,2",Viga de concreto protendido,-10.95271036,-37.21948474,"4",28/01/2025,16/07/2025,,20<OAE<=60m (A2),2,,InR
210066,Ponte sobre o Rio Pitanga (LE - Marginal),SE,101,"103,32","34,3","8,45",Viga de concreto armado,-10.95278998,-37.21939675,"4",28/01/2025,16/07/2025,,20<OAE<=60m (A2),2,,InR
130032,Ponte sobre o Rio Gramame (LE),PB,101,"93,76","68","13,6",Viga de concreto armado,-7.21254987,-34.91104455,"2",19/03/2025,17/07/2025,,60>OAE<=120m (A3),3,,InR
130033,Ponte sobre o Rio Mumbaba (LD),PB,101,"93,29","75","13,75",Viga de concreto armado,-7.20823916,-34.90978501,"2",19/03/2025,17/07/2025,,60>OAE<=120m (A3),3,,InR
130034,Ponte sobre o Rio Mumbaba (LE),PB,101,"93,3","49,7","11,5",Viga de concreto armado,-7.20839657,-34.90965748,"4",19/03/2025,17/07/2025,,20<OAE<=60m (A2),3,,InR
130181,Ponte sobre o Riacho Bodocongó,PB,230,"157,14","25,5","13",Viga de concreto armado,-7.265,-35.91868333,"3",19/03/2025,17/07/2025,,20<OAE<=60m (A2),5,,InR
130197,Viaduto Pastor Pacheco de Brito (LD),PB,104,"127,59","11,45","11,75",Laje de concreto armado,-7.25584617,-35.87593739,"4",19/03/2025,17/07/2025,,OAE<=20m (A1),5,,InR
130198,Viaduto Pastor Pacheco de Brito II (LD),PB,104,"127,65","11,45","11,75",Laje de concreto armado,-7.25620072,-35.87619741,"4",19/03/2025,17/07/2025,,OAE<=20m (A1),5,,InR
130293,"Viaduto km 88,31",PB,101,"88,31","197","23,5",Viga de concreto protendido,-7.16571667,-34.8975,"3",19/03/2025,17/07/2025,,120<OAE<=500m (A4),16,,InR
140105,Ponte sobre o Riacho do Tigre,RN,427,"13,96","10,7","10,2",Viga de concreto armado,-6.34595272,-36.58763874,"4",18/03/2025,17/07/2025,,OAE<=20m (A1),6,,InR
140106,"Ponte km 15,93",RN,427,"15,93","21","10",Viga de concreto armado,-6.34851667,-36.60305,"3",18/03/2025,17/07/2025,,OAE<=20m (A1),6,,InR
140107,Ponte sobre o Riacho Cardeiro,RN,427,"18,19","11","10,4",Viga de concreto armado,-6.35819998,-36.61899091,"3",18/03/2025,17/07/2025,,OAE<=20m (A1),6,,InR
220107,Ponte sobre o Igarapé Bananeiras,RO,421,"108,99","30","10,2",Viga de concreto armado,-10.64112145,-65.29395296,"4",13/05/2025,17/07/2025,,20<OAE<=60m (A2),3,,InR
220133,Ponte sobre o Igarapé Misericórdia,RO,425,"66,62","20,2","10",Viga de concreto armado,-10.28301917,-65.29582096,"4",13/05/2025,17/07/2025,,OAE<=20m (A1),3,,InR
130187,Viaduto Pastor Pacheco de Brito (LE),PB,104,"127,6","11,55","11,75",Laje de concreto armado,-7.25593733,-35.87581603,"4",19/03/2025,18/07/2025,,OAE<=20m (A1),5,,InR
140064,Ponte sobre o Riacho Logradouro,RN,226,"100,78","8,1","9,1",Viga de concreto armado,-6.25157521,-35.93147804,"2",18/03/2025,18/07/2025,,OAE<=20m (A1),6,,InR
140110,Ponte sobre o Rio Acauã,RN,427,"28,08","144,7","13",Viga caixão de concreto armado,-6.43978333,-36.6387,"3",18/03/2025,18/07/2025,,120<OAE<=500m (A4),6,,InR
140112,Ponte sobre o Rio Carnaúba,RN,427,"38,82","35,15","8,3",Viga de concreto armado,-6.532681,-36.64810229,"4",18/03/2025,18/07/2025,,20<OAE<=60m (A2),6,,InR
220084,Ponte sobre o Rio Lage,RO,425,"85,26","30,3","10",Viga de concreto armado,-10.4430621,-65.34459647,"4",13/05/2025,18/07/2025,,20<OAE<=60m (A2),3,,InR
220112,Ponte sobre o Rio Ribeirão,RO,425,"78,99","58,9","5,1",Treliça metálica,-10.23175,-65.28265,"3",13/05/2025,18/07/2025,,20<OAE<=60m (A2),3,,InR
210053,Ponte sobre o Riacho Pindoba (LD),SE,101,"109,88","26","12,95",Viga de concreto protendido,-10.96891667,-37.27835,"4",28/01/2025,18/07/2025,,20<OAE<=60m (A2),2,,InR
210054,Ponte sobre o Riacho Pindoba (LE),SE,101,"110,1","24,65","12,95",Viga de concreto protendido,-10.96903277,-37.27830896,"4",28/01/2025,18/07/2025,,20<OAE<=60m (A2),2,,InR
140067,Ponte sobre o Riacho do Oito,RN,226,"117,74","11,1","10",Viga de concreto armado,-6.19282718,-36.05683979,"2",18/03/2025,19/07/2025,,OAE<=20m (A1),6,,InR
140068,Ponte sobre o Riacho Bento Nunes,RN,226,"122,98","11,1","10",Viga de concreto armado,-6.18606667,-36.1008,"2",18/03/2025,19/07/2025,,OAE<=20m (A1),6,,InR
220119,Ponte sobre o Rio Igarapé das Araras,RO,425,"52,04","84,3","5",Treliça metálica,-10.013,-65.31541667,"3",13/05/2025,19/07/2025,,60>OAE<=120m (A3),3,,InR
220093,Ponte sobre o Igarapé do Cirilo,RO,364,"870,29","99,4","9,8",Mista (viga metálica e laje de concreto),-9.59278333,-64.88346667,"4",13/05/2025,19/07/2025,,60>OAE<=120m (A3),2,,InR
220151,Ponte sobre o Rio Araras,RO,425,"33,86","132,82","12,8","-",-10.01283272,-65.31527144,"-",13/05/2025,19/07/2025,,120<OAE<=500m (A4),3,,InCR
220132,Ponte sobre o Rio Mutum Paraná,RO,364,"876,5","212,3","10",Mista (viga metálica e laje de concreto),-9.61735,-64.93235,"4",13/05/2025,19/07/2025,,120<OAE<=500m (A4),2,,InR
140069,"Ponte km 143,80",RN,226,"143,8","20","10",Viga de concreto armado,-6.19108333,-36.257,"3",18/03/2025,20/07/2025,,OAE<=20m (A1),6,,InR
220101,"Ponte km 863,15",RO,364,"863,15","100","9,8",Mista (viga metálica e laje de concreto),-9.54958333,-64.83956667,"3",13/05/2025,20/07/2025,,60>OAE<=120m (A3),2,,InR
220109,Ponte sobre o Rio Candeias (LD),RO,364,"693,92","161,6","10",Viga caixão de concreto protendido,-8.79865,-63.71691667,"3",13/05/2025,20/07/2025,,120<OAE<=500m (A4),6,,InR
220125,Ponte sobre o Rio Candeias (LE),RO,364,"693,89","211,6","11,4",Viga caixão de concreto protendido,-8.79868333,-63.71651667,"4",13/05/2025,20/07/2025,,120<OAE<=500m (A4),6,,InR
40035,Ponte sobre o Riacho Mirim (LE),PE,101,"210,91","40,2","12,1",Viga de concreto protendido,-8.84773416,-35.63324108,"4",30/01/2025,21/07/2025,,20<OAE<=60m (A2),1,,InR
40586,Ponte sobre o Riacho Mirim (LD),PE,101,"210,92","40,2","14,3",Viga de concreto protendido,-8.84769946,-35.63340784,"4",30/01/2025,21/07/2025,,20<OAE<=60m (A2),1,,InR
40610,Viaduto sobre Estrada Carroçável (LE),PE,101,"206,94","25,3","13,5",Viga de concreto protendido,-8.82173385,-35.64074578,"4",30/01/2025,21/07/2025,,20<OAE<=60m (A2),1,,InR
40282,"Viaduto km 82,99 sobre Ferrovia (LD)",PE,101,"82,99","260,16","13,55",Viga de concreto armado,-8.17491667,-34.94275,"1",30/01/2025,21/07/2025,,120<OAE<=500m (A4),1,,InR
40034,Viaduto sobre Estrada Carroçável (LD),PE,101,"206,95","17,7","12",Viga de concreto armado,-8.82172291,-35.64090776,"4",30/01/2025,21/07/2025,,OAE<=20m (A1),1,,InR
220083,Ponte sobre o Rio Novo,RO,364,"668,79","78,3","15,8",Viga de concreto protendido,-8.77464176,-63.48774886,"3",13/05/2025,21/07/2025,,60>OAE<=120m (A3),6,,InR
210055,Ponte sobre o Rio Vaza Barris I (LD),SE,101,"113,66","29,5","12,95",Viga de concreto armado,-10.99349046,-37.2988732,"4",28/01/2025,21/07/2025,,20<OAE<=60m (A2),2,,InR
210056,Ponte sobre o Rio Vaza Barris I (LE),SE,101,"113,66","17,4","11,3",Viga de concreto armado,-10.99362736,-37.29884002,"4",28/01/2025,21/07/2025,,OAE<=20m (A1),2,,InR
210074,"Viaduto km 111,72 sobre Ferrovia (LE)",SE,101,"111,72","9,95","11,3",Viga de concreto armado,-10.98193333,-37.28913333,"4",28/01/2025,21/07/2025,,OAE<=20m (A1),2,,InR
210075,Viaduto sobre Ferrovia São Cristóvão (LD),SE,101,"111,96","39,6","12,9",Viga de concreto protendido,-10.98183757,-37.28918761,"4",28/01/2025,21/07/2025,,20<OAE<=60m (A2),2,,InR
200087,Ponte sobre o Rio Canapi,AL,316,"35,05","50","14,65",Viga de concreto armado,-9.11656516,-37.60869327,"2",29/11/2025,22/07/2025,,20<OAE<=60m (A2),5,,InR
200136,Ponte Canapi I,AL,316,"46,36","17","14,25",Viga de concreto protendido,-9.17561032,-37.53078905,"4",29/11/2025,22/07/2025,,OAE<=20m (A1),5,,InR
40603,Ponte Inservível sobre o Riacho das Traíras (LD),PE,232,"538,35","80,74","5,8",Viga de concreto armado,-8.08077619,-39.3997758,"3",30/01/2025,22/07/2025,,60>OAE<=120m (A3),11,,InR
40606,Ponte sobre a Transposição do Rio São Francisco,PE,232,"513,07","36","13",Viga de concreto protendido,-8.07022891,-39.17234633,"4",30/01/2025,22/07/2025,,20<OAE<=60m (A2),11,,InR
140072,Ponte sobre o Rio Currais Novos,RN,226,"175,13","64,3","8,5",Viga de concreto armado,-6.25753333,-36.51041667,"4",18/03/2025,22/07/2025,,60>OAE<=120m (A3),6,,InR
140074,Ponte sobre o Riacho Frei Damião,RN,427,"178,1","23","10",Viga de concreto armado,-6.27912955,-36.52201193,"3",18/03/2025,22/07/2025,,20<OAE<=60m (A2),6,,InR
220067,Ponte sobre o Rio Branco,RO,364,"523,67","122,85","9,9",Viga de concreto protendido,-9.84603324,-63.05939371,"3",13/05/2025,22/07/2025,,120<OAE<=500m (A4),6,,InR
220111,Ponte sobre o Rio Preto do Crespo,RO,364,"569,88","123,2","10,1",Viga de concreto protendido,-9.48045,-63.1009,"4",13/05/2025,22/07/2025,,120<OAE<=500m (A4),6,,InR
200134,Ponte sobre o Rio Croatá,AL,316,"9,14","33,3","14,25",Viga de concreto protendido,-8.99654679,-37.8030115,"4",29/11/2025,23/07/2025,,20<OAE<=60m (A2),5,,InR
200135,Ponte sobre o Rio Florêncio,AL,316,"11,32","11","14,25",Viga de concreto protendido,-9.01382809,-37.79238175,"4",29/11/2025,23/07/2025,,OAE<=20m (A1),5,,InR
130265,Viaduto Campina Grande II (LD),PB,104,"125,45","12,5","11,25",Laje de concreto armado,-7.23905381,-35.86905675,"4",19/03/2025,23/07/2025,,OAE<=20m (A1),5,,InR
130266,Viaduto Campina Grande I (LD),PB,104,"125,43","12,9","11,5",Laje de concreto armado,-7.238881,-35.86896392,"4",19/03/2025,23/07/2025,,OAE<=20m (A1),5,,InR
40284,Ponte sobre o Rio Jaboatão (LD),PE,101,"84,65","600","11",Viga de concreto protendido,-8.17873333,-34.95688333,"2",30/01/2025,23/07/2025,,500<OAE<=1000m (A5),1,,InR
40351,Ponte sobre o afluente do Rio Brígida,PE,316,"140,36","30","10",Viga de concreto armado,-8.08531302,-39.60376673,"3",30/01/2025,23/07/2025,,20<OAE<=60m (A2),11,,InR
40352,Ponte sobre o Rio Brigida,PE,316,"141,99","99,8","10",Viga de concreto armado,-8.09266686,-39.59124045,"4",30/01/2025,23/07/2025,,60>OAE<=120m (A3),11,,InR
220072,Ponte sobre o Ribeirão do Cacau,RO,429,"54,66","38,3","9,7",Viga caixão de concreto protendido,-11.37075758,-62.30976629,"4",13/05/2025,23/07/2025,,20<OAE<=60m (A2),9,,InR
220073,Ponte sobre o Rio São Domingos,RO,429,"275,56","100","12,8",Viga de concreto protendido,-12.05437511,-64.00073294,"4",13/05/2025,23/07/2025,,60>OAE<=120m (A3),9,,InR
220097,Ponte sobre o Rio Fuxico II,RO,429,"268,38","80,2","12,8",Viga de concreto protendido,-12.06353779,-63.9354909,"3",13/05/2025,23/07/2025,,60>OAE<=120m (A3),9,,InR
220102,Ponte sobre o Rio Fuxico,RO,429,"251,5","50,2","12,8",Viga de concreto protendido,-12.07521089,-63.7842244,"4",13/05/2025,23/07/2025,,20<OAE<=60m (A2),9,,InR
220113,Ponte sobre o Rio Jamari,RO,421,"1,99","108","5,2",Mista (viga metálica e laje de concreto),-9.92536667,-63.07125,"2",13/05/2025,23/07/2025,,60>OAE<=120m (A3),7,,InR
220117,Ponte sobre o Rio São Domingos I,RO,429,"296,54","50,2","12,8",Viga de concreto protendido,-12.13189809,-64.17276375,"4",13/05/2025,23/07/2025,,20<OAE<=60m (A2),9,,InR
220118,Ponte sobre o Igarapé Conceição,RO,429,"271,76","75,1","12,8",Viga de concreto protendido,-12.06191667,-63.59385,"4",13/05/2025,23/07/2025,,60>OAE<=120m (A3),9,,InR
220139,Ponte sobre o Rio Manoel Correa,RO,429,"191,65","75,4","12,8",Viga de concreto armado,-11.9662883,-63.27215504,"4",13/05/2025,23/07/2025,,60>OAE<=120m (A3),9,,InR
220141,"Ponte km 360,80",RO,429,"360,8","15,5","12,4",Laje de concreto armado,-12.29293333,-64.26331667,"4",13/05/2025,23/07/2025,,OAE<=20m (A1),9,OAC - Bueiro,InR
220146,Ponte sobre o Rio Jamari I,RO,421,"2,04","119","11,05",Não informado,-9.92539213,-63.07091417,"-",13/05/2025,23/07/2025,,60>OAE<=120m (A3),7,,InCR
200102,Ponte sobre o Riacho dos Touros,AL,423,"20,57","46","13,1",Viga caixão de concreto protendido,-9.17827388,-37.46802385,"4",29/11/2025,24/07/2025,,20<OAE<=60m (A2),6,,InR
200131,Pontilhão sobre o Riacho Faveira,AL,316,"8,54","9","14,25",Viga de concreto protendido,-8.99168608,-37.80578303,"4",29/11/2025,24/07/2025,,OAE<=20m (A1),5,,InR
200137,Ponte sobre a várzea do Rio Moxotó,AL,316,"2,11","9","14,25",Viga de concreto protendido,-8.93531156,-37.8224268,"4",29/11/2025,24/07/2025,,OAE<=20m (A1),5,,InR
40285,Ponte sobre o Rio Jaboatão (LE),PE,101,"84,75","600","11,7",Viga de concreto protendido,-8.1788457,-34.9567951,"3",30/01/2025,24/07/2025,,500<OAE<=1000m (A5),1,,InR
40091,Ponte sobre o Riacho Jibóia,PE,232,"542","64","10",Viga de concreto armado,-8.08891034,-39.43087789,"3",30/01/2025,24/07/2025,,60>OAE<=120m (A3),11,,InR
40349,Ponte sobre o Rio Quixaba,PE,316,"120,87","64","10",Viga de concreto armado,-8.01485827,-39.76578887,"4",30/01/2025,24/07/2025,,60>OAE<=120m (A3),11,,InR
140124,Ponte sobre o Rio Pitomba,RN,427,"143,54","59,2","10",Viga de concreto armado,-6.62445313,-37.33386879,"1",18/03/2025,24/07/2025,,20<OAE<=60m (A2),6,,InR
140178,Viaduto Mossoró II (LD),RN,304,"36,1","66,3","12",Viga de concreto protendido,-5.16904169,-37.35614049,"4",18/03/2025,24/07/2025,,60>OAE<=120m (A3),5,,InR
130204,Ponte sobre o Rio do Boi,PB,230,"189,69","21,2","8",Viga de concreto armado,-7.13651667,-36.1523,"4",19/03/2025,25/07/2025,,OAE<=20m (A1),19,,InR
130218,Viaduto Campina Grande I (LE),PB,104,"125,43","12,9","11,5",Laje de concreto armado,-7.23895392,-35.8688278,"4",19/03/2025,25/07/2025,,OAE<=20m (A1),5,,InR
40283,"Viaduto km 82,99 sobre Ferrovia (LE)",PE,101,"82,99","260,16","13,55",Viga de concreto protendido,-8.17501667,-34.94261667,"1",30/01/2025,25/07/2025,,120<OAE<=500m (A4),1,,InR
220098,Ponte sobre o Rio Santa Cruz,RO,421,"42","42,5","10,2",Viga caixão de concreto armado,-10.21393333,-63.2472,"4",13/05/2025,25/07/2025,,20<OAE<=60m (A2),7,,InR
220099,Ponte sobre o Rio Igarapé Bom Futuro,RO,421,"34,1","39,5","10",Viga de concreto armado,-10.14936667,-63.23078333,"4",13/05/2025,25/07/2025,,20<OAE<=60m (A2),7,,InR
220105,Ponte sobre o Rio Boa Vista,RO,421,"55,22","48,3","10",Viga de concreto armado,-10.30128333,-63.32321667,"4",13/05/2025,25/07/2025,,20<OAE<=60m (A2),7,,InR
220121,Ponte sobre o Rio Igarapé Itapoana,RO,421,"7,76","53,5","10,9",Viga de concreto armado,-9.9551,-63.11156667,"4",13/05/2025,25/07/2025,,20<OAE<=60m (A2),7,,InR
130186,Ponte sobre o Rio Jaguaribe (LE),PB,230,"18,6","47,6","13,8",Viga caixão de concreto protendido,-7.12626667,-34.84545,"4",19/03/2025,26/07/2025,,20<OAE<=60m (A2),15,,InR
130221,Viaduto João Pessoa IV (LD),PB,230,"18,26","22,3","15",Viga caixão de concreto armado,-7.1251008,-34.84530226,"4",19/03/2025,26/07/2025,,20<OAE<=60m (A2),15,,InR
130242,"Viaduto km 18,24 (LE)",PB,230,"18,24","22,3","15",Viga caixão de concreto armado,-7.12495,-34.84533333,"4",19/03/2025,26/07/2025,,20<OAE<=60m (A2),15,,InR
130246,Viaduto João Pessoa III,PB,230,"17,94","22,3","12,3",Laje de concreto armado,-7.12233831,-34.84526296,"4",19/03/2025,26/07/2025,,20<OAE<=60m (A2),15,,InR
130257,Ponte sobre o Rio Jaguaribe (LD),PB,230,"18,6","46,5","13,8",Viga caixão de concreto protendido,-7.12623333,-34.84556667,"3",19/03/2025,26/07/2025,,20<OAE<=60m (A2),15,,InR
140111,Ponte sobre o Riacho do Bico,RN,427,"29,77","60","10",Viga de concreto armado,-6.4541,-36.63835,"3",18/03/2025,26/07/2025,,20<OAE<=60m (A2),6,,InR
140113,Ponte sobre o Riacho do Meio,RN,427,"50,54","30","10",Viga de concreto armado,-6.56285278,-36.74480674,"3",18/03/2025,26/07/2025,,20<OAE<=60m (A2),6,,InR
140114,Ponte sobre o Riacho da Cobra,RN,427,"53,76","38,3","10",Viga de concreto armado,-6.58420106,-36.76399713,"3",18/03/2025,26/07/2025,,20<OAE<=60m (A2),6,,InR
220065,Ponte sobre o Rio Valha-Me-Deus,RO,364,"474,38","29,9","12,8",Viga de concreto armado,-10.17299305,-62.82854712,"4",13/05/2025,26/07/2025,,20<OAE<=60m (A2),8,,InR
220082,Ponte sobre o Rio Igarapé Andira,RO,364,"465,33","20,2","12,8",Viga de concreto armado,-10.22254603,-62.76477018,"4",13/05/2025,26/07/2025,,OAE<=20m (A1),8,,InR
220136,Ponte sobre o Rio Jamari,RO,364,"622,08","278,4","11",Viga de concreto armado,-9.08071667,-63.30348333,"1",13/05/2025,26/07/2025,,120<OAE<=500m (A4),6,,InR
130191,Ponte sobre o Rio Patu,PB,230,"81,43","13,3","8,2",Viga de concreto armado,-7.17475,-35.3317,"2",19/03/2025,27/07/2025,,OAE<=20m (A1),17,,InR
130195,Ponte sobre o Riacho Convento (LE),PB,230,"134,84","10,9","11,8",Laje de concreto armado,-7.28022452,-35.76137433,"4",19/03/2025,27/07/2025,,OAE<=20m (A1),17,,InR
130243,Ponte sobre o Rio Cajá,PB,230,"83,24","11,9","8,25",Viga de concreto armado,-7.16855,-35.3466,"3",19/03/2025,27/07/2025,,OAE<=20m (A1),17,,InR
140115,Ponte sobre o Rio Seridó,RN,427,"56,31","99","10",Viga de concreto armado,-6.59402949,-36.7829796,"2",18/03/2025,27/07/2025,,60>OAE<=120m (A3),6,,InR
220086,Ponte sobre o Rio Igarapé São José,RO,364,"463,18","30,3","12,8",Viga de concreto armado,-10.23351124,-62.74853725,"4",13/05/2025,27/07/2025,,20<OAE<=60m (A2),8,,InR
130192,"Viaduto km 65,02 sobre Ferrovia (LD)",PB,230,"65,02","7,6","11,9",Viga de concreto armado,-7.19203333,-35.18083333,"3",19/03/2025,28/07/2025,,OAE<=20m (A1),17,,InR
130245,Ponte sobre o Rio Salamargo (LE),PB,230,"59,11","6","11,5",Viga de concreto armado,-7.20426908,-35.12938632,"4",19/03/2025,28/07/2025,,OAE<=20m (A1),17,,InR
130253,Ponte sobre o Rio Salamargo (LD),PB,230,"59,02","6","11,5",Viga de concreto armado,-7.20411667,-35.12941667,"4",19/03/2025,28/07/2025,,OAE<=20m (A1),17,,InR
40607,Ponte sobre o Rio Moxotó (LE),PE,316,"434,7","83,5","8,8",Viga de concreto armado,-8.91696667,-37.82761667,"4",30/01/2025,28/07/2025,,60>OAE<=120m (A3),12,,InR
40608,Ponte sobre o Rio Moxotó (LD),PE,316,"437,1","80,7","7,75",Viga de concreto armado,-8.9170365,-37.82763239,"4",30/01/2025,28/07/2025,,60>OAE<=120m (A3),12,,InR
40111,Viaduto sobre Ferrovia Salgueiro I,PE,232,"517,16","7","13",Laje de concreto armado,-8.06188778,-39.2083259,"4",30/01/2025,28/07/2025,,OAE<=20m (A1),11,,InR
40112,Ponte sobre o Riacho das Traíras (LE),PE,232,"538,26","100,2","10",Viga de concreto armado,-8.08147895,-39.39867462,"3",30/01/2025,28/07/2025,,60>OAE<=120m (A3),11,,InR
40350,Ponte sobre o Rio Favela,PE,316,"125,85","32","10",Viga de concreto armado,-8.03276895,-39.72433856,"4",30/01/2025,28/07/2025,,20<OAE<=60m (A2),11,,InR
220068,Ponte sobre o Rio Igarapé Miolo,RO,364,"357,65","34,6","12,9",Viga de concreto armado,-10.79211112,-62.03917135,"4",13/05/2025,28/07/2025,,20<OAE<=60m (A2),8,,InR
220104,Ponte sobre o Igarapé Boa Vista,RO,364,"372,63","64,8","12,8",Viga de concreto armado,-10.75114052,-62.1677532,"4",13/05/2025,28/07/2025,,60>OAE<=120m (A3),8,,InR
220129,Ponte sobre o Rio Jaru,RO,364,"426,67","209,9","8,6",Viga de concreto protendido,-10.44715,-62.46401667,"3",13/05/2025,28/07/2025,,120<OAE<=500m (A4),8,,InR
210058,Viaduto Itaporanga d'Ajuda I (LD),SE,101,"124,18","39,8","10,8",Viga de concreto protendido,-11.04446619,-37.36510919,"4",28/01/2025,28/07/2025,,20<OAE<=60m (A2),2,,InR
210059,Viaduto Itaporanga d'Ajuda I (LE),SE,101,"124,18","39,8","10,6",Viga de concreto protendido,-11.04436171,-37.36510554,"4",28/01/2025,28/07/2025,,20<OAE<=60m (A2),2,,InR
200101,Ponte sobre o Riacho Navio,AL,423,"18,9","55","13,1",Viga caixão de concreto protendido,-9.17357708,-37.45362046,"4",29/11/2025,29/07/2025,,20<OAE<=60m (A2),6,,InR
200103,Ponte sobre o Riacho Lages,AL,423,"23,9","40","13,1",Viga de concreto armado,-9.18762077,-37.49668484,"4",29/11/2025,29/07/2025,,20<OAE<=60m (A2),6,,InR
130203,Ponte sobre o Rio Soledade,PB,230,"212,82","30,2","10",Viga de concreto armado,-7.0707085,-36.34779096,"3",19/03/2025,29/07/2025,,20<OAE<=60m (A2),19,,InR
130208,Ponte sobre o Afluente do Riacho Vaca Brava II,PB,104,"110,46","6","12,15",Viga de concreto armado,-7.12559349,-35.8620446,"2",19/03/2025,29/07/2025,,OAE<=20m (A1),4,,InR
40340,Ponte sobre o Rio dos Moraes,PE,316,"41,83","64","10",Viga de concreto armado,-7.67289179,-40.38031692,"4",30/01/2025,29/07/2025,,60>OAE<=120m (A3),11,,InR
40341,Ponte sobre o Rio Trindade,PE,316,"59,41","30","10",Viga de concreto armado,-7.76940415,-40.25874973,"2",30/01/2025,29/07/2025,,20<OAE<=60m (A2),11,,InR
40286,Viaduto sobre Ferrovia Jaboatão dos Guararapes II (LD),PE,101,"86,56","30,5","14,4",Viga de concreto protendido,-8.18620583,-34.97153593,"3",30/01/2025,29/07/2025,,20<OAE<=60m (A2),1,,InR
40287,Viaduto sobre Ferrovia Jaboatão dos Guararapes II (LE),PE,101,"86,55","30,3","11,7",Viga de concreto protendido,-8.18628348,-34.97135041,"4",30/01/2025,29/07/2025,,20<OAE<=60m (A2),1,,InR
40343,Ponte sobre o Riacho São João,PE,316,"71,11","50,2","10",Viga de concreto armado,-7.81608171,-40.16750793,"3",30/01/2025,29/07/2025,,20<OAE<=60m (A2),11,,InR
140043,"Viaduto km 145,44 (LE)",RN,101,"145,44","42","13,8",Viga de concreto armado,-6.2556,-35.2139,"4",18/03/2025,29/07/2025,,20<OAE<=60m (A2),1,,InR
140044,Viaduto Goianinha II (LD),RN,101,"145,57","40,3","13,8",Viga de concreto armado,-6.25677559,-35.21354227,"4",18/03/2025,29/07/2025,,20<OAE<=60m (A2),1,,InR
140045,Viaduto Goianinha II (LE),RN,101,"145,57","40,3","13,8",Viga de concreto armado,-6.25672246,-35.21340707,"4",18/03/2025,29/07/2025,,20<OAE<=60m (A2),1,,InR
140190,Viaduto Goianinha I (LD),RN,101,"145,48","42","13,8",Viga de concreto armado,-6.25598639,-35.21388395,"4",18/03/2025,29/07/2025,,20<OAE<=60m (A2),1,,InR
140207,"Viaduto km 105,65",RN,101,"105,65","16","24,4",Viga de concreto protendido,-5.90555,-35.26038333,"4",18/03/2025,29/07/2025,,OAE<=20m (A1),1,,InR
220150,Ponte sobre o Rio Ji-Paraná II,RO,364,"1,65","463","12,4",Não informado,-10.91873997,-61.94477388,"-",13/05/2025,29/07/2025,,120<OAE<=500m (A4),8,,InCR
200095,Ponte sobre o Riacho da Laje,AL,316,"50,17","16,5","9,8",Viga de concreto armado,-9.19957402,-37.5061044,"4",29/11/2025,30/07/2025,,OAE<=20m (A1),2,,InR
200105,Ponte sobre o Rio das Cobras,AL,316,"52,4","12,1","9,8",Viga de concreto armado,-9.21046573,-37.48904475,"4",29/11/2025,30/07/2025,,OAE<=20m (A1),2,,InR
130247,Ponte sobre o Rio Baixa Verde,PB,230,"233,55","9","8,5",Laje de concreto armado,-7.04580285,-36.52419744,"3",19/03/2025,30/07/2025,,OAE<=20m (A1),19,,InR
130260,Ponte sobre o Riacho do Espinheiro,PB,230,"223,55","16,4","8,3",Viga de concreto armado,-7.03775806,-36.4351453,"2",19/03/2025,30/07/2025,,OAE<=20m (A1),19,,InR
40342,Ponte sobre o Riacho do Pati,PE,316,"61,94","32","10",Viga de concreto armado,-7.78134322,-40.23986138,"2",30/01/2025,30/07/2025,,20<OAE<=60m (A2),11,,InR
40288,Viaduto sobre Ferrovia Jabotão dos Guararapes III (LD),PE,101,"89,64","25,1","11,7",Viga caixão de concreto protendido,-8.2128406,-34.98656564,"4",30/01/2025,30/07/2025,,20<OAE<=60m (A2),1,,InR
40289,Viaduto sobre Ferrovia Jaboatão dos Guararapes III (LE),PE,101,"89,95","25,1","11,7",Viga de concreto protendido,-8.21289746,-34.98643115,"4",30/01/2025,30/07/2025,,20<OAE<=60m (A2),1,,InR
40344,Ponte sobre o Rio Pradicó,PE,316,"76,19","50,2","10",Viga de concreto armado,-7.84384618,-40.13083107,"2",30/01/2025,30/07/2025,,20<OAE<=60m (A2),11,,InR
40345,Ponte sobre o Riacho da Volta,PE,316,"103,45","100","10",Viga de concreto armado,-7.95309212,-39.91099927,"3",30/01/2025,30/07/2025,,60>OAE<=120m (A3),11,,InR
40346,Ponte sobre o Riacho Gravatá,PE,316,"104,3","30","10",Viga de concreto armado,-7.95605588,-39.9039678,"3",30/01/2025,30/07/2025,,20<OAE<=60m (A2),11,,InR
40348,Ponte sobre o Rio Atravessada,PE,316,"111,87","24","10",Viga de concreto armado,-7.98280535,-39.840734,"3",30/01/2025,30/07/2025,,20<OAE<=60m (A2),11,,InR
40347,Ponte sobre o afluente do Riacho Gravatá,PE,316,"110,52","25","10",Viga de concreto armado,-7.97801382,-39.85202851,"3",30/01/2025,30/07/2025,,20<OAE<=60m (A2),11,,InR
140206,"Viaduto km 105,75",RN,101,"105,75","21,95","24,35",Viga de concreto protendido,-5.9064,-35.2606,"4",18/03/2025,30/07/2025,,OAE<=20m (A1),1,,InR
210076,Ponte sobre o Rio Vaza Barris (LD),SE,101,"114,1","239,96","12,95",Viga de concreto protendido,-10.99616566,-37.30196163,"4",28/01/2025,30/07/2025,,120<OAE<=500m (A4),2,,InR
200106,Ponte sobre o Rio Capiá,AL,316,"53,41","60,9","10,7",Viga de concreto armado,-9.21535394,-37.48128701,"4",29/11/2025,31/07/2025,,20<OAE<=60m (A2),2,,InR
130220,Ponte sobre o Riacho Seridozinho,PB,230,"250","11,2","9,7",Laje de concreto armado,-7.05043887,-36.6562645,"4",19/03/2025,31/07/2025,,OAE<=20m (A1),19,,InR
130232,Pontilhão sobre a Várzea do Riacho da Ilha,PB,230,"234,81","5,65","10,05",Laje de concreto armado,-7.04910278,-36.53309956,"3",19/03/2025,31/07/2025,,OAE<=20m (A1),19,,InR
130250,Ponte sobre o Riacho São Gonçalo,PB,230,"280,29","20","8",Viga de concreto armado,-6.92122298,-36.85318358,"3",19/03/2025,31/07/2025,,OAE<=20m (A1),19,,InR
40652,Passarela,PE,101,"86,3","0","-",Não informado,-8.18479203,-34.96836428,"-",30/01/2025,31/07/2025,,OAE<=20m (A1),1,Passarela,InCR
130045,Ponte sobre o Rio Paraíba (LD),PB,101,"77,55","175,55","13,6",Viga de concreto armado,-7.10428357,-34.96442185,"2",19/03/2025,01/08/2025,,120<OAE<=500m (A4),18,,InR
130046,Ponte sobre o Rio Paraíba (LE),PB,101,"77,54","180","13,6",Viga de concreto armado,-7.10418333,-34.96438333,"2",19/03/2025,01/08/2025,,120<OAE<=500m (A4),18,,InR
130229,Viaduto sobre Ferrovia São Miguel de Taipu I (LE),PB,230,"65,12","7,6","11,9",Viga de concreto armado,-7.19214568,-35.18093426,"4",19/03/2025,01/08/2025,,OAE<=20m (A1),17,,InR
220064,Viaduto Ji- Paraná III,RO,364,"342,06","7,9","27,6",Laje de concreto armado,-10.88233715,-61.93955056,"4",13/05/2025,01/08/2025,,OAE<=20m (A1),8,,InR
220122,Ponte sobre o Rio Machado,RO,364,"342,11","272,3","23,9",Viga de concreto armado,-10.88213333,-61.93991667,"4",13/05/2025,01/08/2025,,120<OAE<=500m (A4),8,,InR
220138,"Viaduto km 340,82",RO,364,"340,82","323,1","21",Viga de concreto protendido,-10.88943333,-61.93136667,"4",13/05/2025,01/08/2025,,120<OAE<=500m (A4),8,,InR
220148,Ponte sobre o Rio Urupá,RO,364,"4","130","12,5","-",-10.91046812,-61.96356826,"-",13/05/2025,01/08/2025,,120<OAE<=500m (A4),8,,InCR
200100,Ponte sobre o Rio Capiá,AL,423,"15,33","111","13,1",Laje de concreto armado,-9.16349972,-37.42281879,"4",29/11/2025,02/08/2025,,60>OAE<=120m (A3),6,,InR
220071,Ponte sobre o Rio Muqui,RO,429,"42,52","120","10",Viga de concreto armado,-11.29146542,-62.23249543,"4",13/05/2025,02/08/2025,,60>OAE<=120m (A3),9,,InR
220079,"Ponte km 145,66",RO,429,"145,66","40,2","12,7",Viga de concreto protendido,-11.63895,-62.63298333,"4",13/05/2025,02/08/2025,,20<OAE<=60m (A2),9,,InR
220080,Ponte sobre o Rio Bananeiras,RO,429,"155,22","80","12,8",Viga de concreto protendido,-11.76285888,-63.02328418,"4",13/05/2025,02/08/2025,,60>OAE<=120m (A3),9,,InR
220106,Ponte sobre o Rio Preto,RO,429,"133,24","75,6","12,8",Viga de concreto protendido,-11.75498779,-62.82412257,"4",13/05/2025,02/08/2025,,60>OAE<=120m (A3),9,,InR
220108,Ponte sobre o Igarapé Sossego,RO,429,"72,27","50","12,8",Viga de concreto protendido,-11.49102999,-62.41540033,"4",13/05/2025,02/08/2025,,20<OAE<=60m (A2),9,,InR
220115,Ponte sobre o Rio Machado,RO,429,"44,44","300,9","10,1",Viga de concreto armado,-11.19933333,-61.93263333,"3",13/05/2025,02/08/2025,,120<OAE<=500m (A4),9,,InR
220116,Ponte sobre o Rio Cantarinho,RO,429,"215,6","75","12,8",Viga de concreto protendido,-12.05136315,-63.45575772,"4",13/05/2025,02/08/2025,,60>OAE<=120m (A3),9,,InR
220134,Ponte sobre o Igarapé Leitão,RO,364,"312,26","59,85","10,5",Viga de concreto armado,-11.13333171,-61.90114665,"3",13/05/2025,02/08/2025,,20<OAE<=60m (A2),8,,InR
200107,Ponte sobre o Rio Tigre,AL,316,"58,42","22","9,8",Viga de concreto armado,-9.23965,-37.4428,"4",29/11/2025,04/08/2025,,OAE<=20m (A1),2,,InR
200108,Ponte sobre o Riacho do Sítio,AL,316,"71,71","11,1","9,9",Viga de concreto armado,-9.30402148,-37.34067716,"4",29/11/2025,04/08/2025,,OAE<=20m (A1),2,,InR
200109,Ponte sobre o Riacho Mocambo,AL,316,"77,38","9","9,8",Laje de concreto armado,-9.3317854,-37.29728906,"4",29/11/2025,04/08/2025,,OAE<=20m (A1),2,,InR
130259,Ponte sobre o Riacho Logradouro,PB,230,"175,69","8,85","10",Viga de concreto armado,-7.17386966,-36.03235097,"2",19/03/2025,04/08/2025,,OAE<=20m (A1),5,,InR
130269,Ponte sobre o Riacho Santa Luzia,PB,230,"214,88","28","8",Laje de concreto armado,-7.0575996,-36.36036513,"3",19/03/2025,04/08/2025,,20<OAE<=60m (A2),19,,InR
130289,Viaduto Cidade Universitária (LE),PB,230,"20,39","40","9,7",Viga caixão de concreto protendido,-7.13753333,-34.8536,"4",19/03/2025,04/08/2025,,20<OAE<=60m (A2),15,,InR
130291,Viaduto Cidade Universitária (LD),PB,230,"20,25","42","9,7",Viga caixão de concreto protendido,-7.13754929,-34.85367485,"3",19/03/2025,04/08/2025,,20<OAE<=60m (A2),15,,InR
130300,Viaduto Cristo Redentor (LE),PB,230,"23,95","29,2","10",Laje de concreto armado,-7.16521667,-34.86263333,"4",19/03/2025,04/08/2025,,20<OAE<=60m (A2),15,,InR
130301,Viaduto Cristo Redentor (LD),PB,230,"23,95","29,2","10",Laje de concreto armado,-7.16518333,-34.86273333,"3",19/03/2025,04/08/2025,,20<OAE<=60m (A2),15,,InR
40290,Ponte sobre o Riacho Contra Açude (LD),PE,101,"91,9","60","11",Viga de concreto protendido,-8.22816524,-34.9952264,"4",30/01/2025,04/08/2025,,20<OAE<=60m (A2),1,,InR
40291,Ponte sobre o Riacho Contra Açude (LE),PE,101,"91,9","60","11",Viga de concreto protendido,-8.22824994,-34.99510731,"4",30/01/2025,04/08/2025,,20<OAE<=60m (A2),1,,InR
40164,Ponte sobre o Riacho do Mandim,PE,116,"28,04","64","10",Viga de concreto armado,-8.08649661,-39.12663886,"3",30/01/2025,04/08/2025,,60>OAE<=120m (A3),5,,InR
40163,Viaduto sobre Ferrovia Salgueiro I,PE,116,"13,9","7","13,15",Laje de concreto armado,-7.96680168,-39.13478048,"4",30/01/2025,04/08/2025,,OAE<=20m (A1),5,,InR
140076,Ponte sobre o Afluente do Rio Seridó,RN,226,"219,67","5,2","12,4",Laje de concreto armado,-6.13076395,-36.8286403,"3",18/03/2025,04/08/2025,,OAE<=20m (A1),7,,InR
140119,Ponte sobre o Rio Sabugi,RN,427,"103,87","100","9,1",Viga de concreto armado,-6.44821667,-37.13975,"4",18/03/2025,04/08/2025,,60>OAE<=120m (A3),6,,InR
140193,Ponte sobre o Rio Seridó II,RN,427,"107,97","248","14,8",Viga de concreto protendido,-6.44422656,-37.12130028,"3",18/03/2025,04/08/2025,,120<OAE<=500m (A4),6,,InR
130277,Ponte sobre o Rio Boa Vista,PB,230,"199,39","31,6","8,4",Viga de concreto armado,-7.10536941,-36.23236716,"3",19/03/2025,05/08/2025,,20<OAE<=60m (A2),19,,InR
40165,Ponte sobre o Riacho dos Icós,PE,116,"28,96","98,5","10",Viga de concreto armado,-8.09552354,-39.1249166,"2",30/01/2025,05/08/2025,,60>OAE<=120m (A3),5,,InR
40166,Ponte sobre o Riacho da Ingazeira,PE,116,"35,58","52,5","9,9",Viga de concreto armado,-8.15079995,-39.1102841,"3",30/01/2025,05/08/2025,,20<OAE<=60m (A2),5,,InR
40167,Ponte sobre o Rio Faustino,PE,116,"37,4","42","10",Viga caixão de concreto armado,-8.16686872,-39.10658488,"3",30/01/2025,05/08/2025,,20<OAE<=60m (A2),5,,InR
140077,Ponte sobre o Rio Piranhas - Açu,RN,226,"245,66","352","11,9",Viga de concreto armado,-6.02971667,-37.01858333,"4",18/03/2025,05/08/2025,,120<OAE<=500m (A4),7,,InR
140078,Ponte Sobre Riacho Riachão,RN,226,"250,21","19,7","10,8",Viga de concreto armado,-5.9981878,-37.03548265,"4",18/03/2025,05/08/2025,,OAE<=20m (A1),7,,InR
140079,Ponte Sobre Riacho do Alemão,RN,226,"254,84","16","11",Laje de concreto armado,-5.95625321,-37.03933106,"4",18/03/2025,05/08/2025,,OAE<=20m (A1),7,,InR
140080,Ponte sobre o Riacho do Açude,RN,226,"257,17","31,5","10,8",Viga de concreto armado,-5.9422065,-37.05322305,"4",18/03/2025,05/08/2025,,20<OAE<=60m (A2),7,,InR
140081,Ponte sobre o Riacho do Vital,RN,226,"259,58","32,4","10,8",Laje de concreto armado,-5.9303,-37.07221667,"4",18/03/2025,05/08/2025,,20<OAE<=60m (A2),7,,InR
140082,Ponte sobre o Riacho do Areré,RN,226,"268,22","32,5","11",Laje de concreto armado,-5.89075,-37.13803333,"4",18/03/2025,05/08/2025,,20<OAE<=60m (A2),7,,InR
140083,"Ponte km 270,21",RN,226,"270,21","32,5","11",Laje de concreto armado,-5.88915,-37.15596667,"3",18/03/2025,05/08/2025,,20<OAE<=60m (A2),7,,InR
140120,Ponte sobre o Riacho Anastácio,RN,427,"113,06","12,3","8,2",Laje de concreto armado,-6.46655,-37.20218333,"4",18/03/2025,05/08/2025,,OAE<=20m (A1),6,,InR
140121,Ponte sobre o Riacho das Emas,RN,427,"130,75","14,1","8,2",Laje de concreto armado,-6.54517675,-37.2540226,"4",18/03/2025,05/08/2025,,OAE<=20m (A1),6,,InR
140122,Ponte sobre o Riacho das Areias,RN,427,"130,6","16,3","8,2",Laje de concreto armado,-6.5884,-37.29533333,"3",18/03/2025,05/08/2025,,OAE<=20m (A1),6,,InR
140123,Ponte sobre o Rio Solidão,RN,427,"141,18","40","10",Viga de concreto armado,-6.60895602,-37.32095328,"4",18/03/2025,05/08/2025,,20<OAE<=60m (A2),6,,InR
140125,Ponte sobre o Rio Canuto,RN,427,"147,01","10,65","8,6",Laje de concreto armado,-6.6385655,-37.3615272,"4",18/03/2025,05/08/2025,,OAE<=20m (A1),6,,InR
140126,Ponte sobre o Rio Espinharas,RN,427,"150,85","150","10",Viga de concreto armado,-6.65932552,-37.38702376,"4",18/03/2025,05/08/2025,,120<OAE<=500m (A4),6,,InR
130213,Ponte sobre o Rio Boa Vista,PB,412,"19,29","30","13,15",Viga de concreto armado,-7.26083628,-36.23540859,"2",19/03/2025,06/08/2025,,20<OAE<=60m (A2),1,,InR
40088,Ponte sobre o Riacho Três Riachos,PE,232,"487,98","56","10",Viga de concreto armado,-8.00596282,-38.96601079,"1",30/01/2025,06/08/2025,,20<OAE<=60m (A2),5,,InR
40090,Ponte sobre o Rio Pitombeira,PE,232,"499,95","68","10",Viga de concreto armado,-8.03919662,-39.0628305,"3",30/01/2025,06/08/2025,,60>OAE<=120m (A3),5,,InR
40110,Ponte sobre o Rio Mandim,PE,232,"504,9","58","10",Viga de concreto armado,-8.05984239,-39.10237162,"3",30/01/2025,06/08/2025,,20<OAE<=60m (A2),5,,InR
40132,"Viaduto km 94,09 (LD)",PE,101,"94,09","36","11,3",Viga de concreto protendido,-8.24863333,-35.00781667,"4",30/01/2025,06/08/2025,,20<OAE<=60m (A2),1,,InR
40133,"Viaduto km 94,13 (LE)",PE,101,"94,13","40,4","11",Viga de concreto protendido,-8.24875,-35.00803333,"4",30/01/2025,06/08/2025,,20<OAE<=60m (A2),1,,InR
40628,"Ponte Inservível km 483,52",PE,232,"483,52","13,1","6",Viga de concreto armado,-8.00765,-38.91923333,"4",30/01/2025,06/08/2025,,OAE<=20m (A1),5,,InR
40086,Ponte Verdejante II,PE,232,"484,07","7,4","10,3",Viga de concreto armado,-8.00867055,-38.93466554,"3",30/01/2025,06/08/2025,,OAE<=20m (A1),5,,InR
40089,Ponte sobre o Riacho Algodões,PE,232,"494,3","4,6","11",Laje de concreto armado,-8.01528532,-39.02078309,"3",30/01/2025,06/08/2025,,OAE<=20m (A1),5,,InR
140084,Ponte Sobre o Riacho do Tapuio,RN,226,"275,37","48,1","11",Laje de concreto armado,-5.8624,-37.19051667,"1",18/03/2025,06/08/2025,,20<OAE<=60m (A2),7,,InR
140085,"Ponte km 287,48",RN,226,"287,48","20,6","10,4",Viga de concreto armado,-5.8613,-37.29306667,"4",18/03/2025,06/08/2025,,OAE<=20m (A1),7,,InR
140192,Ponte sobre o Rio Seridó I,RN,427,"1,19","200,6","13,8",Viga de concreto protendido,-6.47215,-37.05971667,"4",18/03/2025,06/08/2025,,120<OAE<=500m (A4),6,,InR
210029,Ponte sobre o Rio Tejupeba (LE),SE,101,"120,32","29,9","12,85",Viga de concreto armado,-11.03639094,-37.33846221,"3",28/01/2025,06/08/2025,,20<OAE<=60m (A2),2,,InR
210036,Ponte sobre o Rio Tabocas (LD),SE,101,"123,29","22,5","13",Viga de concreto armado,-11.03995,-37.36481667,"4",28/01/2025,06/08/2025,,20<OAE<=60m (A2),2,,InR
210077,Ponte sobre o Rio Tabocas (LE),SE,101,"123,29","19,95","12,95",Viga de concreto armado,-11.03991667,-37.36468333,"4",28/01/2025,06/08/2025,,OAE<=20m (A1),2,,InR
200049,Ponte sobre o Rio Ipanema,AL,316,"83,16","101","8,3",Viga de concreto armado,-9.3666,-37.25951667,"4",29/11/2025,07/08/2025,,60>OAE<=120m (A3),2,,InR
200110,Ponte sobre o Afluente do Rio Ipanema I,AL,316,"84,62","12","11",Viga de concreto armado,-9.36864809,-37.24664939,"3",29/11/2025,07/08/2025,,OAE<=20m (A1),2,,InR
200111,Viaduto Deraldo Campos,AL,316,"84,95","8,4","10,1",Laje de concreto armado,-9.36981821,-37.24392496,"4",29/11/2025,07/08/2025,,OAE<=20m (A1),2,,InR
130201,Ponte sobre o Açude São Sebastião,PB,104,"100,7","30","10",Viga de concreto armado,-7.05115527,-35.85524533,"1",19/03/2025,07/08/2025,,20<OAE<=60m (A2),4,,InR
130244,Ponte Remígio I,PB,104,"73,01","12","8",Viga de concreto armado,-6.89142588,-35.90190461,"2",19/03/2025,07/08/2025,,OAE<=20m (A1),4,,InR
40107,Ponte sobre o Rio Barreiras,PE,232,"479,44","42","10",Viga de concreto protendido,-8.01479053,-38.8945014,"4",30/01/2025,07/08/2025,,20<OAE<=60m (A2),5,,InR
40016,Ponte Mirandiba II,PE,232,"468,41","11,4","11,4",Viga de concreto armado,-8.02086433,-38.79704977,"2",30/01/2025,07/08/2025,,OAE<=20m (A1),5,,InR
40085,Ponte Verdejante I,PE,232,"482,27","11,3","11",Laje de concreto protendido,-8.0070349,-38.91880115,"3",30/01/2025,07/08/2025,,OAE<=20m (A1),5,,InR
40007,Pontilhão sobre o Afluente do Riacho Barriguda,PE,232,"466,95","4","11,3",Laje de concreto armado,-8.02363085,-38.78412906,"2",30/01/2025,07/08/2025,,OAE<=20m (A1),5,,InR
210037,Ponte sobre o Rio Fundo (LD),SE,101,"128","74,7","12,95",Viga de concreto protendido,-11.07783842,-37.36586258,"4",28/01/2025,07/08/2025,,60>OAE<=120m (A3),2,,InR
210057,Ponte sobre o Rio Tejupeba (LD),SE,101,"120,31","29,3","12,85",Viga de concreto protendido,-11.03626862,-37.3385007,"4",28/01/2025,07/08/2025,,20<OAE<=60m (A2),2,,InR
210078,Ponte sobre o Rio Fundo (LE),SE,101,"128","60","12,95",Viga de concreto armado,-11.07796322,-37.36578637,"4",28/01/2025,07/08/2025,,20<OAE<=60m (A2),2,,InR
130025,Ponte sobre o Rio Dois Rios (LE),PB,101,"123,53","39,7","13,6",Viga de concreto armado,-7.46340173,-34.97867233,"4",19/03/2025,08/08/2025,,20<OAE<=60m (A2),3,,InR
130214,Ponte sobre o Afluente do Rio Boa Vista I,PB,412,"29,13","26","13",Viga de concreto armado,-7.29576388,-36.31375162,"2",19/03/2025,08/08/2025,,20<OAE<=60m (A2),1,,InR
130287,Ponte sobre o Rio Joãozinho,PB,412,"27,72","73,8","13",Viga de concreto armado,-7.29125872,-36.30191037,"4",19/03/2025,08/08/2025,,60>OAE<=120m (A3),1,,InR
40118,Ponte sobre o Rio Gurjaú (LE),PE,101,"95,32","45","11,7",Viga de concreto protendido,-8.25080414,-35.01393035,"3",30/01/2025,08/08/2025,,20<OAE<=60m (A2),1,,InR
130041,Ponte sobre o Rio Preto (LD),PB,101,"79,5","74,57","13,7",Viga de concreto armado,-7.11602009,-34.95354965,"2",19/03/2025,09/08/2025,,60>OAE<=120m (A3),18,,InR
130042,Ponte sobre o Rio Preto (LE),PB,101,"79,58","70","11,5",Viga de concreto armado,-7.11593856,-34.95281673,"3",19/03/2025,09/08/2025,,60>OAE<=120m (A3),18,,InR
130043,Viaduto Santa Rita V (LD),PB,101,"78,38","30","13,6",Viga de concreto armado,-7.11141437,-34.96207732,"4",19/03/2025,09/08/2025,,20<OAE<=60m (A2),18,,InR
130044,Viaduto Santa Rita V (LE),PB,101,"78,38","23,1","11,5",Viga de concreto armado,-7.11136594,-34.96193226,"4",19/03/2025,09/08/2025,,20<OAE<=60m (A2),18,,InR
140012,"Ponte km 165,76 (LE)",RN,101,"165,76","50","11,5",Viga de concreto armado,-6.41358333,-35.12835,"1",18/03/2025,09/08/2025,,20<OAE<=60m (A2),1,,InR
140018,Ponte sobre Rio Trairi (LD),RN,101,"127,85","39,6","11,5",Viga de concreto armado,-6.1008,-35.2344,"3",18/03/2025,09/08/2025,,20<OAE<=60m (A2),1,,InR
140019,Ponte sobre o Rio Trairi (LE),RN,101,"127,85","39,6","13,8",Viga de concreto armado,-6.1008,-35.23421667,"4",18/03/2025,09/08/2025,,20<OAE<=60m (A2),1,,InR
140020,Ponte sobre o Rio Curimataú (LD),RN,101,"165,47","120","13,5",Viga de concreto armado,-6.4113,-35.12985,"2",18/03/2025,09/08/2025,,60>OAE<=120m (A3),1,,InR
140021,Ponte sobre o Rio Curimataú (LE),RN,101,"165,47","101","11,5",Viga de concreto armado,-6.41126667,-35.12968333,"2",18/03/2025,09/08/2025,,60>OAE<=120m (A3),1,,InR
140022,"Ponte km 165,76 (LD)",RN,101,"165,76","61","13,7",Viga de concreto armado,-6.41361667,-35.12853333,"4",18/03/2025,09/08/2025,,20<OAE<=60m (A2),1,,InR
140030,Ponte sobre o Rio Baldum (LE),RN,101,"136,97","25,05","13,8",Viga de concreto armado,-6.17826192,-35.21707262,"4",18/03/2025,09/08/2025,,20<OAE<=60m (A2),1,,InR
140037,"Ponte km 143,44  (LD)",RN,101,"143,44","40","13,6",Viga de concreto armado,-6.23671667,-35.21706667,"4",18/03/2025,09/08/2025,,20<OAE<=60m (A2),1,,InR
140038,"Ponte km 143,44 (LE)",RN,101,"143,44","40","11,5",Viga de concreto armado,-6.23671667,-35.2169,"3",18/03/2025,09/08/2025,,20<OAE<=60m (A2),1,,InR
140052,Ponte sobre o Rio do Espinho (LD),RN,101,"164,45","60","13,8",Viga de concreto armado,-6.4034191,-35.13438956,"4",18/03/2025,09/08/2025,,20<OAE<=60m (A2),1,,InR
140053,Ponte sobre o Rio do Espinho (LE),RN,101,"164,45","50","11,6",Viga de concreto armado,-6.40328333,-35.13425,"3",18/03/2025,10/08/2025,,20<OAE<=60m (A2),1,,InR
140060,Ponte Inservível sobre o Rio Jundiaí,RN,226,"17,34","30,75","10",Viga de concreto armado,-5.865555,-35.35500149,"2",18/03/2025,10/08/2025,,20<OAE<=60m (A2),4,,InR
140196,Viaduto Clementino Camara,RN,101,"107,53","39,4","24,6",Viga de concreto protendido,-5.92217746,-35.26491703,"4",18/03/2025,10/08/2025,,20<OAE<=60m (A2),1,,InR
140202,Viaduto Pium PI-01,RN,101,"109,31","24,8","12,5",Viga de concreto protendido,-5.93837217,-35.26491281,"4",18/03/2025,10/08/2025,,20<OAE<=60m (A2),1,,InR
140203,Viaduto Pium PI-02,RN,101,"109,49","24,9","12,3",Viga de concreto protendido,-5.94005597,-35.26491316,"4",18/03/2025,10/08/2025,,20<OAE<=60m (A2),1,,InR
140208,Ponte sobre o Rio Jundiaí (LD),RN,226,"17,34","30,75","11,5",Viga de concreto protendido,-5.86545,-35.355,"4",18/03/2025,10/08/2025,,20<OAE<=60m (A2),4,,InR
200114,Ponte sobre o Riacho São Vicente,AL,316,"127,29","20","13,3",Viga de concreto armado,-9.39320994,-36.87327964,"4",29/11/2025,11/08/2025,,OAE<=20m (A1),2,,InR
200126,Ponte sobre o Riacho do Sertão,AL,316,"114,66","30","13,2",Laje de concreto armado,-9.40406675,-36.98718372,"4",29/11/2025,11/08/2025,,20<OAE<=60m (A2),2,,InR
130209,Ponte sobre o Rio Araçaji,PB,104,"84,11","23,2","12,8",Viga de concreto armado,-6.94399804,-35.82099842,"3",19/03/2025,11/08/2025,,20<OAE<=60m (A2),4,,InR
130223,Viaduto Cabedelo V (LE),PB,230,"14,82","29","8,8",Laje de concreto armado,-7.09800004,-34.84784064,"3",19/03/2025,11/08/2025,,20<OAE<=60m (A2),15,,InR
130236,"Ponte Inservível km 82,09",PB,104,"82,09","33,5","10",Viga de concreto armado,-6.93765,-35.82901667,"2",19/03/2025,,11/08/2025,20<OAE<=60m (A2),4,,InR
130239,Viaduto Cabedelo V (LD),PB,230,"14,82","29","8,8",Laje de concreto armado,-7.09800618,-34.84792373,"4",19/03/2025,11/08/2025,,20<OAE<=60m (A2),15,,InR
130303,Viaduto Cabedelo III,PB,230,"8,33","42","25,6",Viga de concreto protendido,-7.03980628,-34.84486491,"4",19/03/2025,11/08/2025,,20<OAE<=60m (A2),15,,InR
130306,"Viaduto km 6,00",PB,230,"6","51,12","27,2",Viga de concreto protendido,-7.0204,-34.83603333,"4",19/03/2025,11/08/2025,,20<OAE<=60m (A2),15,,InR
40119,Ponte sobre o Rio Pirapama (LD),PE,101,"101,74","68","11",Viga de concreto protendido,-8.28141667,-35.0571,"4",30/01/2025,11/08/2025,,60>OAE<=120m (A3),1,,InR
40120,Ponte sobre o Rio Pirapama (LE),PE,101,"101,74","68","11",Viga caixão de concreto protendido,-8.2815,-35.05698333,"4",30/01/2025,11/08/2025,,60>OAE<=120m (A3),1,,InR
40622,Ponte sobre a Transposição do Rio São Francisco,PE,116,"20,83","42,5","13",Viga de concreto protendido,-8.02466667,-39.1445,"4",30/01/2025,11/08/2025,,20<OAE<=60m (A2),5,,InR
40125,Viaduto sobre a PE-025 (LE),PE,101,"76","25,6","11,65",Viga de concreto protendido,-8.25167899,-35.02627225,"4",30/01/2025,11/08/2025,,20<OAE<=60m (A2),1,,InR
40131,Viaduto sobre a PE-025 (LD),PE,101,"96,69","25,7","11,65",Viga de concreto protendido,-8.25154219,-35.0263195,"4",30/01/2025,11/08/2025,,20<OAE<=60m (A2),1,,InR
140185,Ponte sobre o Riacho Santa Maria,RN,406,"43,19","30","9,8",Viga de concreto armado,-5.28633333,-36.28406667,"2",18/03/2025,11/08/2025,,20<OAE<=60m (A2),3,,InR
140186,Ponte sobre o Rio Ceará-Mirim,RN,406,"128,92","100","10",Viga de concreto armado,-5.62188034,-35.60546071,"3",18/03/2025,11/08/2025,,60>OAE<=120m (A3),3,,InR
210030,Ponte sobre o Riacho dos Macacos (LD),SE,101,"129,35","35,3","12,85",Viga de concreto protendido,-11.08882055,-37.37094045,"4",28/01/2025,11/08/2025,,20<OAE<=60m (A2),2,,InR
210035,Ponte sobre o Rio Vaza Barris (LE),SE,101,"114,1","240,72","11,3",Viga de concreto armado,-10.99624611,-37.30186092,"3",28/01/2025,11/08/2025,,120<OAE<=500m (A4),2,,InR
210060,Ponte sobre o Riacho dos Macacos (LE),SE,101,"129,35","16,7","12,85",Viga de concreto armado,-11.08885186,-37.37082778,"4",28/01/2025,11/08/2025,,OAE<=20m (A1),2,,InR
200115,Ponte sobre o Riacho São Francisco,AL,316,"127,91","20","13,1",Viga de concreto armado,-9.39258299,-36.86766351,"4",29/11/2025,12/08/2025,,OAE<=20m (A1),2,,InR
200116,Ponte sobre o Rio Traipu,AL,316,"132,46","85","13",Viga caixão de concreto armado,-9.39030129,-36.82631867,"4",29/11/2025,12/08/2025,,60>OAE<=120m (A3),2,,InR
200117,Ponte sobre o Riacho do Boi,AL,316,"135","30","13",Viga de concreto armado,-9.38946975,-36.80317773,"4",29/11/2025,12/08/2025,,20<OAE<=60m (A2),2,,InR
200159,Ponte Inservível sobre o Riacho São Vicente,AL,316,"127,3","8,9","5,8",Viga de concreto armado,-9.39308333,-36.87325,"2",29/11/2025,12/08/2025,,OAE<=20m (A1),2,,InR
200168,Ponte Inservível sobre o Riacho Traipú,AL,316,"132,46","60","5,9",Viga de concreto armado,-9.39055,-36.8263,"2",29/11/2025,12/08/2025,,20<OAE<=60m (A2),2,,InR
130202,Ponte sobre o Riacho Urubu,PB,104,"62,88","22,2","8,3",Viga de concreto armado,-6.82801667,-35.93873333,"3",19/03/2025,12/08/2025,,20<OAE<=60m (A2),4,,InR
130216,Ponte sobre o Rio Santa Cruz,PB,104,"48,35","11,9","8,3",Viga de concreto armado,-6.74573914,-36.03728814,"3",19/03/2025,12/08/2025,,OAE<=20m (A1),4,,InR
130227,Ponte sobre o Riacho São Luiz,PB,104,"53,8","36","13",Viga de concreto armado,-6.77649396,-35.9994785,"2",19/03/2025,12/08/2025,,20<OAE<=60m (A2),4,,InR
130234,Ponte sobre o Rio Bola,PB,104,"58,45","20,3","10",Viga de concreto armado,-6.79635,-35.9592,"2",19/03/2025,12/08/2025,,OAE<=20m (A1),4,,InR
130276,Ponte sobre o Rio Curimataú,PB,104,"64,12","49,5","10",Viga de concreto armado,-6.8372,-35.93265,"2",19/03/2025,12/08/2025,,20<OAE<=60m (A2),4,,InR
40005,Ponte sobre o Afluente do Riacho São Cristovão I,PE,232,"446,68","11","11",Viga de concreto armado,-7.99716453,-38.62067647,"2",30/01/2025,12/08/2025,,OAE<=20m (A1),5,,InR
40006,Pontilhão sobre o Afluente do Riacho dos Picos II,PE,232,"440,1","4,7","12,7",Laje de concreto armado,-8.01273069,-38.56536394,"1",30/01/2025,12/08/2025,,OAE<=20m (A1),5,,InCR
40083,Ponte sobre o Rio São Cristovão,PE,232,"444,45","98","10",Viga caixão de concreto armado,-8.00627704,-38.60314873,"3",30/01/2025,12/08/2025,,60>OAE<=120m (A3),5,,InR
40087,"Pontilhão km 489,88",PE,232,"489,88","5,85","11,5",Viga de concreto armado,-8.0062,-38.97161667,"3",30/01/2025,12/08/2025,,OAE<=20m (A1),5,Levar em reunião dia 29/06 - inservível,InR
40082,Ponte sobre o Riacho do Exu,PE,232,"424,79","48","10",Viga de concreto armado,-8.00107363,-38.428481,"3",30/01/2025,12/08/2025,,20<OAE<=60m (A2),5,,InR
40105,"Ponte km 438,99",PE,232,"438,99","6","11",Viga de concreto armado,-8.01043333,-38.5507,"4",30/01/2025,12/08/2025,,OAE<=20m (A1),5,,InR
40106,"Viaduto km 441,54 sobre Ferrovia",PE,232,"441,54","10,1","13",Laje de concreto armado,-8.01316667,-38.57273333,"4",30/01/2025,12/08/2025,,OAE<=20m (A1),5,,InR
40081,Ponte sobre o Riacho Ingazeira,PE,232,"419,18","11","10,2",Viga de concreto armado,-7.99922461,-38.37882929,"3",30/01/2025,12/08/2025,,OAE<=20m (A1),5,,InR
40594,"Ponte km 444,67",PE,232,"444,67","13,2","14,9",Laje de concreto armado,-8.00605,-38.59856667,"4",30/01/2025,12/08/2025,,OAE<=20m (A1),5,,InR
140039,"Ponte km 143,78 (LD)",RN,101,"143,78","40","13,8",Viga de concreto armado,-6.23996667,-35.21728333,"4",18/03/2025,12/08/2025,,20<OAE<=60m (A2),1,,InR
140040,"Ponte km 143,78 (LE)",RN,101,"143,78","40","11,5",Viga de concreto armado,-6.23996667,-35.21711667,"4",18/03/2025,12/08/2025,,20<OAE<=60m (A2),1,,InR
140041,Ponte sobre o Rio Jacu (LD),RN,101,"144,11","120","13,8",Viga de concreto armado,-6.24315,-35.21746667,"2",18/03/2025,12/08/2025,,60>OAE<=120m (A3),1,,InR
140042,Ponte sobre o Rio Jacu (LE),RN,101,"144,11","96","11,5",Viga de concreto armado,-6.2432,-35.21733333,"2",18/03/2025,12/08/2025,,60>OAE<=120m (A3),1,,InR
210031,Ponte sobre o Rio João Dias,SE,101,"158,62","11","9,8",Viga de concreto armado,-11.30315,-37.48738333,"4",28/01/2025,12/08/2025,,OAE<=20m (A1),2,,InR
210080,Ponte sobre o Rio Itamirim,SE,101,"189,41","39,8","12,1",Viga de concreto armado,-11.41695148,-37.7032839,"4",28/01/2025,12/08/2025,,20<OAE<=60m (A2),2,,InR
200034,Viaduto sobre a AL-115,AL,316,"154,79","45,7","12,95",Não informado,-9.42722213,-36.63468395,"5",29/11/2025,13/08/2025,,20<OAE<=60m (A2),2,,InR
200119,Ponte sobre Riacho Guedes,AL,316,"148,69","30","13",Viga caixão de concreto armado,-9.41058264,-36.68305577,"4",29/11/2025,13/08/2025,,20<OAE<=60m (A2),2,,InR
200120,Ponte sobre Riacho Salgado,AL,316,"153,8","20","13",Viga caixão de concreto armado,-9.43132799,-36.64262391,"4",29/11/2025,13/08/2025,,OAE<=20m (A1),2,,InR
200162,"Ponte Inservível km 148,71",AL,316,"148,71","12,9","5,7",Viga de concreto armado,-9.41056667,-36.68283333,"2",29/11/2025,13/08/2025,,OAE<=20m (A1),2,Levar em reunião dia 29/06 - inservível,InR
40080,Ponte sobre o Córrego Luanda,PE,232,"412,11","60,4","10",Viga de concreto armado,-7.98266913,-38.31889541,"3",30/01/2025,13/08/2025,,20<OAE<=60m (A2),5,,InR
40104,"Viaduto km 409,61",PE,232,"409,61","18","11,4",Viga de concreto armado,-7.98211667,-38.29615,"4",30/01/2025,13/08/2025,,OAE<=20m (A1),5,,InR
40015,Ponte sobre o Açude Borborema,PE,232,"410,27","34","11,4",Viga de concreto armado,-7.98191346,-38.30341293,"2",30/01/2025,13/08/2025,,20<OAE<=60m (A2),5,,InR
40079,Viaduto Serra Talhada II,PE,232,"408,67","28,5","11",Viga caixão de concreto armado,-7.98198266,-38.2892158,"4",30/01/2025,13/08/2025,,20<OAE<=60m (A2),5,,InR
40294,"Viaduto km 101,89 (LD)",PE,101,"101,89","25,4","11",Viga caixão de concreto protendido,-8.2826,-35.05786667,"4",30/01/2025,13/08/2025,,20<OAE<=60m (A2),1,,InR
40296,Viaduto sobre a antiga BR-101 (LD),PE,101,"103,29","25,4","11",Viga de concreto protendido,-8.2938819,-35.05678525,"4",30/01/2025,13/08/2025,,20<OAE<=60m (A2),1,,InR
40297,"Viaduto km 103,19 (LE)",PE,101,"103,19","25,4","11",Viga de concreto protendido,-8.29396667,-35.05666667,"4",30/01/2025,13/08/2025,,20<OAE<=60m (A2),1,,InR
40078,Ponte sobre o Açude Quitandinha,PE,232,"406,8","13,5","15,45",Viga de concreto armado,-7.98523661,-38.27238958,"5",30/01/2025,13/08/2025,,OAE<=20m (A1),5,,InR
40600,"Ponte km 1,61",PE,232,"1,61","40","11,4",Viga de concreto armado,-7.96821667,-38.28695,"4",30/01/2025,13/08/2025,,20<OAE<=60m (A2),5,,InR
130225,Ponte sobre o Riacho Peleiro,PB,104,"43,2","60","10",Viga de concreto armado,-6.71713333,-36.06283333,"1",19/03/2025,14/08/2025,,20<OAE<=60m (A2),4,,InR
130231,Ponte sobre o Rio Meio,PB,104,"24,4","40,4","10",Viga de concreto armado,-6.60428333,-36.14008333,"3",19/03/2025,14/08/2025,,20<OAE<=60m (A2),4,,InR
40074,Ponte Flores I,PE,232,"376,22","8,8","9,8",Viga de concreto armado,-8.03140553,-38.02138151,"4",30/01/2025,14/08/2025,,OAE<=20m (A1),5,,InR
40076,Ponte sobre o Afluente Riacho do Bom Jesus,PE,232,"381,99","7,25","11,5",Viga de concreto armado,-8.0409171,-38.07040083,"3",30/01/2025,14/08/2025,,OAE<=20m (A1),5,,InR
40073,Ponte sobre o Riacho da Onça,PE,232,"375,63","10,5","10",Viga de concreto armado,-8.02842878,-38.01692007,"3",30/01/2025,14/08/2025,,OAE<=20m (A1),5,,InR
40075,Ponte sobre o Riacho do Bom Jesus,PE,232,"379,26","52,3","10",Viga de concreto armado,-8.0391684,-38.04635397,"3",30/01/2025,14/08/2025,,20<OAE<=60m (A2),5,,InR
40101,Ponte Serra Talhada I,PE,232,"387,68","17,65","9,9",Viga de concreto armado,-8.03235262,-38.12030856,"1",30/01/2025,14/08/2025,,OAE<=20m (A1),5,,InR
40103,Ponte sobre o Riacho da Gama,PE,232,"398,07","35","10",Viga de concreto armado,-8.01282196,-38.21125191,"3",30/01/2025,14/08/2025,,20<OAE<=60m (A2),5,,InR
40102,Ponte sobre o Riacho Saco da Bola,PE,232,"389,02","39","10",Viga de concreto armado,-8.03204242,-38.12973742,"4",30/01/2025,14/08/2025,,20<OAE<=60m (A2),5,,InR
40298,Ponte sobre o Rio Pirapama (LD),PE,101,"104,77","34,75","14,15",Viga de concreto protendido,-8.29968027,-35.06834867,"4",30/01/2025,14/08/2025,,20<OAE<=60m (A2),1,,InR
40295,"Viaduto km 101,89 (LE)",PE,101,"101,89","25,4","11",Viga de concreto protendido,-8.28266667,-35.05773333,"3",30/01/2025,14/08/2025,,20<OAE<=60m (A2),1,,InR
40124,Ponte sobre o Rio Pirapama (LE),PE,101,"104,78","13,7","11,5",Viga de concreto protendido,-8.29985055,-35.06826468,"3",30/01/2025,14/08/2025,,OAE<=20m (A1),1,,InR
140029,Ponte sobre o Rio Baldum (LD),RN,101,"136,99","15","11,5",Viga de concreto armado,-6.17833333,-35.21721667,"4",18/03/2025,14/08/2025,,OAE<=20m (A1),1,,InR
140073,Ponte sobre o Rio Totoró,RN,226,"177,12","34,4","8,5",Viga de concreto armado,-6.26962028,-36.52306516,"3",18/03/2025,14/08/2025,,20<OAE<=60m (A2),6,,InR
140108,Ponte sobre o Riacho Serra do Juazeiro,RN,427,"22,97","14,4","8,5",Viga de concreto armado,-6.39749328,-36.63417421,"2",18/03/2025,14/08/2025,,OAE<=20m (A1),6,,InR
140109,Ponte sobre o Riacho da Serra,RN,427,"25,49","11","8,3",Viga de concreto armado,-6.41681819,-36.64161124,"3",18/03/2025,14/08/2025,,OAE<=20m (A1),6,,InR
210093,Viaduto km 3,SE,101,"3,65","39","12",Não informado,-10.23032806,-36.84094832,"-",28/01/2025,14/08/2025,,20<OAE<=60m (A2),3,,InCR
200167,Ponte sobre o Rio São Francisco (LE),AL,101,"247,89","848","25,7",Viga de concreto protendido,-10.20705,-36.8198,"4",28/01/2025,14/08/2025,,500<OAE<=1000m (A5),3,,InR
200113,Ponte sobre o Rio Dois Riachos,AL,316,"103,36","100","10,8",Viga de concreto armado,-9.38842329,-37.0856694,"4",29/11/2025,15/08/2025,,60>OAE<=120m (A3),2,,InR
130226,Ponte sobre o Riacho Cachorro,PB,412,"51,86","26","13",Viga de concreto armado,-7.36251667,-36.50313333,"3",19/03/2025,15/08/2025,,20<OAE<=60m (A2),1,,InR
130238,Ponte sobre o Afluente do Rio Taperoá I,PB,412,"54,39","22,1","13",Viga de concreto armado,-7.37776372,-36.51997343,"4",19/03/2025,15/08/2025,,20<OAE<=60m (A2),1,,InR
40077,Ponte sobre o Rio Pajeú,PE,232,"403,1","112","10",Viga caixão de concreto protendido,-8.00056667,-38.24435,"3",30/01/2025,15/08/2025,,60>OAE<=120m (A3),5,,InR
200145,Ponte Inservível sobre o Riacho São Francisco,AL,316,"127,92","11","5,7",Viga de concreto armado,-9.39248333,-36.86763333,"2",29/11/2025,17/08/2025,,OAE<=20m (A1),2,,InR
130047,Viaduto Santa Rita IV (LD),PB,101,"77,19","30","13,6",Viga de concreto armado,-7.10118999,-34.96544751,"4",19/03/2025,17/08/2025,,20<OAE<=60m (A2),18,,InR
130048,"Viaduto km 77,19 (LE)",PB,101,"77,19","24","11,5",Viga de concreto armado,-7.10118333,-34.96533333,"4",19/03/2025,17/08/2025,,20<OAE<=60m (A2),18,,InR
130150,Ponte sobre o Rio Caboco (LD),PB,101,"76,39","60","13,7",Viga de concreto protendido,-7.09431781,-34.96770054,"2",19/03/2025,17/08/2025,,20<OAE<=60m (A2),18,,InR
130151,Ponte sobre o Rio Caboco (LE),PB,101,"76,39","50","11,5",Viga de concreto armado,-7.09426667,-34.96758333,"3",19/03/2025,17/08/2025,,20<OAE<=60m (A2),18,,InR
200118,Ponte sobre o Rio Lunga,AL,316,"171,93","17,5","8,3",Viga de concreto armado,-9.53093802,-36.5332444,"4",29/11/2025,18/08/2025,,OAE<=20m (A1),2,,InR
200121,Ponte sobre o Riacho das Panelas,AL,316,"157,65","8,5","8,3",Viga de concreto armado,-9.4309306,-36.61527394,"2",29/11/2025,18/08/2025,,OAE<=20m (A1),2,,InR
200122,Ponte sobre o Rio Coruripe,AL,316,"164,61","17,9","7,8",Laje de concreto armado,-9.47969342,-36.57536489,"4",29/11/2025,18/08/2025,,OAE<=20m (A1),2,,InR
200123,Pontilhão sobre o Rio do Anjo,AL,316,"165,52","4","8,3",Laje de concreto armado,-9.48606667,-36.57011667,"4",29/11/2025,18/08/2025,,OAE<=20m (A1),2,,InR
200125,Ponte sobre Riacho Alegre,AL,316,"174,15","7,4","8,2",Viga caixão de concreto armado,-9.54656044,-36.52036888,"4",29/11/2025,18/08/2025,,OAE<=20m (A1),2,,InR
130189,Viaduto Pastor Pacheco de Brito II (LE),PB,104,"127,65","11,6","11,75",Laje de concreto armado,-7.25628862,-35.87607952,"4",19/03/2025,18/08/2025,,OAE<=20m (A1),5,,InR
130200,Pontilhão sobre o Riacho da Cobra,PB,230,"192,32","6","10",Viga de concreto armado,-7.12841889,-36.1727635,"3",19/03/2025,18/08/2025,,OAE<=20m (A1),19,,InR
130264,Viaduto Campina Grande II (LE),PB,104,"125,45","12,5","11,25",Laje de concreto armado,-7.23913118,-35.86892492,"4",19/03/2025,18/08/2025,,OAE<=20m (A1),5,,InR
130267,"Viaduto km 128,18 sobre Ferrovia",PB,104,"128,18","49,6","13,4",Viga caixão de concreto protendido,-7.2741,-35.88686667,"3",19/03/2025,18/08/2025,,20<OAE<=60m (A2),5,,InR
40292,Viaduto Cabo de Santo Agostinho I (LD),PE,101,"92,25","25","11",Viga de concreto protendido,-8.23066005,-34.99706306,"4",30/01/2025,18/08/2025,,20<OAE<=60m (A2),1,,InR
40293,Viaduto Cabo de Santo Agostinho I (LE),PE,101,"92,25","25","11",Viga caixão de concreto protendido,-8.23074555,-34.99694579,"4",30/01/2025,18/08/2025,,20<OAE<=60m (A2),1,,InR
40631,Viaduto Escada I (LE),PE,101,"126,68","19","11,6","-",-8.3720246,-35.2328485,"-",30/01/2025,18/08/2025,,OAE<=20m (A1),1,,InCR
28,Passarela,PE,232,"-","-","-","-",-7.991536,-38.335945,"-",30/01/2025,18/08/2025,,OAE<=20m (A1),5,Passarela,InCR
200128,Ponte sobre o Rio São Francisco (LD),AL,101,"247,89","832,05","11,5",Laje de concreto armado,-10.20708333,-36.82,"3",28/01/2025,18/08/2025,,500<OAE<=1000m (A5),3,,InR
200065,Ponte sobre o Rio Paraíba,AL,316,"241,83","83","8,05",Viga de concreto armado,-9.50737975,-36.02272463,"3",29/11/2025,19/08/2025,,60>OAE<=120m (A3),2,,InR
200075,Pontilhão sobre o Riacho Corumbá,AL,316,"225,2","3","14,3",Viga de concreto armado,-9.4826,-36.15293333,"4",29/11/2025,19/08/2025,,OAE<=20m (A1),2,,InR
130249,Ponte sobre o Rio Taperoá,PB,412,"56,5","130","13",Viga de concreto armado,-7.39302175,-36.52999372,"1",19/03/2025,19/08/2025,,120<OAE<=500m (A4),1,,InR
130261,Ponte sobre o Afluente do Rio Taperoá II,PB,412,"55,82","30","13",Viga de concreto armado,-7.3870728,-36.52863806,"3",19/03/2025,19/08/2025,,20<OAE<=60m (A2),1,,InR
40004,Ponte sobre o Afluente do Riacho do Navio I,PE,232,"341,86","22","10",Viga de concreto armado,-8.08870492,-37.73025002,"2",30/01/2025,19/08/2025,,OAE<=20m (A1),5,,InR
40057,Ponte sobre o Afluente do Riacho do Navio II,PE,232,"347,55","22","10",Laje de concreto armado,-8.08776836,-37.78065558,"3",30/01/2025,19/08/2025,,OAE<=20m (A1),5,,InR
40071,Ponte sobre o Riacho da Várzea Grande,PE,232,"325,73","98","10",Viga caixão de concreto armado,-8.09177601,-37.58633091,"2",30/01/2025,19/08/2025,,60>OAE<=120m (A3),5,,InR
40072,"Pontilhão km 343,98",PE,232,"343,98","5,5","9,92",Viga de concreto armado,-8.0891,-37.73441667,"4",30/01/2025,19/08/2025,,OAE<=20m (A1),5,,InR
40095,Ponte sobre o Riacho de Fora,PE,232,"318,4","36","9,9",Viga de concreto armado,-8.12485323,-37.5309198,"4",30/01/2025,19/08/2025,,20<OAE<=60m (A2),5,,InR
40069,Ponte sobre o Rio Moxotó,PE,232,"311,18","80,3","10",Viga caixão de concreto armado,-8.14200935,-37.47029436,"4",30/01/2025,19/08/2025,,60>OAE<=120m (A3),5,,InR
40070,Ponte sobre o Riacho Barreiro,PE,232,"314,01","48","10",Viga de concreto armado,-8.13488409,-37.48982347,"2",30/01/2025,19/08/2025,,20<OAE<=60m (A2),5,,InR
40621,Ponte sobre a Transposição do Rio São Francisco,PE,232,"312,31","31,3","13,1",Viga de concreto protendido,-8.13648333,-37.47498333,"4",30/01/2025,19/08/2025,,20<OAE<=60m (A2),5,,InR
210002,Ponte sobre o Rio Paiaiá,SE,101,"196,73","14,85","11,1",Viga de concreto armado,-11.46238628,-37.73740093,"4",28/01/2025,19/08/2025,,OAE<=20m (A1),2,,InR
210079,Ponte sobre o Rio Cachoeira,SE,101,"154,34","6,2","11,5",Viga de concreto armado,-11.28495627,-37.45319471,"4",28/01/2025,19/08/2025,,OAE<=20m (A1),2,,InR
210088,Ponte sobre o Rio Piauí,SE,101,"153,72","171","10,6",Viga de concreto armado,-11.28145841,-37.44961533,"2",28/01/2025,19/08/2025,,120<OAE<=500m (A4),2,,InR
200064,Ponte sobre o Rio Porangaba,AL,316,"216,18","29,5","8,2",Viga de concreto armado,-9.50196667,-36.21495,"3",29/11/2025,20/08/2025,,20<OAE<=60m (A2),2,,InR
200074,"Pontilhão km 215,33",AL,316,"215,33","4,36","13,3",Viga de concreto armado,-9.50846667,-36.21813333,"4",29/11/2025,20/08/2025,,OAE<=20m (A1),2,,InR
200166,Pontilhão sobre o Riacho Tamoata,AL,316,"202,76","8,3","13",Viga de concreto armado,-9.57730433,-36.30400045,"3",29/11/2025,20/08/2025,,OAE<=20m (A1),2,,InR
40017,Viaduto sobre Ferrovia Ribeirão (LD),PE,101,"145,57","39,65","14,3",Viga de concreto protendido,-8.4636105,-35.36772676,"4",30/01/2025,20/08/2025,,20<OAE<=60m (A2),1,,InR
40018,Viaduto Sobre Ferrovia Ribeirão I (LE),PE,101,"145,6","17,5","11,6",Viga de concreto armado,-8.4638745,-35.36770693,"4",30/01/2025,20/08/2025,,OAE<=20m (A1),1,,InR
40065,Ponte sobre o Rio Plutá,PE,232,"276","98,9","10",Viga de concreto armado,-8.3154563,-37.35466418,"2",30/01/2025,20/08/2025,,60>OAE<=120m (A3),5,,InR
40066,Ponte sobre o Riacho Caracará,PE,232,"296,18","10,9","10",Laje de concreto armado,-8.25391368,-37.39734882,"2",30/01/2025,20/08/2025,,OAE<=20m (A1),5,,InR
40084,Ponte sobre o afluente do Rio Moxotó I,PE,232,"304,36","11,5","10",Laje de concreto armado,-8.1930025,-37.43939326,"3",30/01/2025,20/08/2025,,OAE<=20m (A1),5,,InR
40299,Ponte sobre o Rio Ipojuca (LD),PE,101,"124,81","59,8","13,9",Viga de concreto protendido,-8.36343757,-35.21827243,"4",30/01/2025,20/08/2025,,20<OAE<=60m (A2),1,,InR
40067,Ponte sobre o Riacho do Pascoal,PE,232,"303,51","10,7","10",Laje de concreto armado,-8.19888943,-37.4345445,"3",30/01/2025,20/08/2025,,OAE<=20m (A1),5,,InR
40117,Ponte sobre o Rio Gurjaú (LD),PE,101,"94,97","45,5","11",Viga de concreto protendido,-8.25066667,-35.01405,"3",30/01/2025,20/08/2025,,20<OAE<=60m (A2),1,,InR
40094,Ponte sobre o Riacho Urubu,PE,232,"292,54","36","10",Viga de concreto armado,-8.28346162,-37.38274577,"3",30/01/2025,20/08/2025,,20<OAE<=60m (A2),5,,InR
40121,Viaduto sobre Ferrovia Cabo de Santo Agostinho IV (LD),PE,101,"110,48","39,65","14,1",Viga de concreto protendido,-8.31761512,-35.10848567,"4",30/01/2025,20/08/2025,,20<OAE<=60m (A2),1,,InR
40122,"Viaduto km 110,31 sobre Ferrovia (LE)",PE,101,"110,31","17","11,6",Viga de concreto protendido,-8.31771667,-35.10826667,"4",30/01/2025,20/08/2025,,OAE<=20m (A1),1,,InR
40109,Ponte sobre o Riacho Coxia,PE,232,"299,49","10,7","10",Laje de concreto armado,-8.23181667,-37.41246667,"3",30/01/2025,20/08/2025,,OAE<=20m (A1),5,,InR
40301,Ponte Sobre o Rio Ribeirão (LD),PE,101,"144,55","39,7","13,8",Viga de concreto protendido,-8.45673948,-35.36134999,"4",30/01/2025,20/08/2025,,20<OAE<=60m (A2),1,,InR
40300,Ponte sobre o Rio Ipojuca (LE),PE,101,"124,81","40,1","11,7",Viga de concreto protendido,-8.3636763,-35.21822232,"3",30/01/2025,20/08/2025,,20<OAE<=60m (A2),1,,InR
40123,Ponte sobre o Rio Ribeirão (LE),PE,101,"144,61","25,5","11,75",Viga de concreto protendido,-8.45691391,-35.36129971,"4",30/01/2025,20/08/2025,,20<OAE<=60m (A2),1,,InR
40591,Ponte sobre o Riacho Mulungú,PE,232,"283,88","16,9","11,6",Laje de concreto armado,-8.33508333,-37.32243333,"3",30/01/2025,20/08/2025,,OAE<=20m (A1),5,,InR
40592,Ponte Inservível sobre o Riacho Mulungú,PE,232,"283,89","16,4","6,5",Viga de concreto armado,-8.33530907,-37.32266631,"4",30/01/2025,20/08/2025,,OAE<=20m (A1),5,,InR
40587,Ponte Inservível sobre o Riacho do Pascoal,PE,232,"303,85","8,8","5,9",Viga de concreto armado,-8.19881667,-37.43441667,"4",30/01/2025,20/08/2025,,OAE<=20m (A1),5,Levar em reunião dia 29/06 - inservível,InR
40598,"Ponte km 294,44",PE,232,"294,44","7","13,4",Laje de concreto armado,-8.2709,-37.38886667,"3",30/01/2025,20/08/2025,,OAE<=20m (A1),5,,InR
1,Ponte Inservível,AC,364,"-","25","-","-",-8.138271,-70.824946,"-",12/05/2025,,18/09/2025,20<OAE<=60m (A2),3,,InCR
59,Ponte sobre o Rio Acre,AC,317,"-","-","-",Não informado,-10.993069,-68.737188,"-",12/05/2025,29/08/2025,,OAE<=20m (A1),2,,InCR
240001,Ponte sobre o Rio Caeté,AC,364,"282,11","210","12,4",Mista (viga metálica e laje de concreto),-9.06208305,-68.74541761,"4",12/05/2025,08/09/2025,,120<OAE<=500m (A4),3,,InR
200033,Ponte sobre o Riacho Boa Esperança,AL,423,"77,23","10,9","8,2",Viga de concreto armado,-9.32242715,-37.96202182,"4",29/11/2025,21/08/2025,,OAE<=20m (A1),7,,InR
200093,Ponte Sobre o Riacho da Cachoeira,AL,110,"9,28","66,4","13",Viga caixão de concreto protendido,-9.3734005,-38.17581312,"2",29/11/2025,21/08/2025,,60>OAE<=120m (A3),8,,InR
40068,Ponte sobre o Riacho do Feliciano,PE,232,"307,34","85,2","10",Viga caixão de concreto armado,-8.17568659,-37.45589883,"2",30/01/2025,21/08/2025,,60>OAE<=120m (A3),5,,InR
40191,"Pontilhão km 99,21",PE,110,"99,21","5","10,05",Laje de concreto armado,-8.38081667,-37.31126667,"4",30/01/2025,21/08/2025,,OAE<=20m (A1),7,,InR
40192,Pontilhão sobre o Riacho do Mel,PE,110,"102,64","6,15","9,05",Laje de concreto armado,-8.39964763,-37.34335085,"4",30/01/2025,21/08/2025,,OAE<=20m (A1),7,,InR
40193,Ponte sobre o Riacho do Mel I,PE,110,"102,81","7,95","9,8",Laje de concreto armado,-8.39940515,-37.34482666,"4",30/01/2025,21/08/2025,,OAE<=20m (A1),7,,InR
40194,Ponte sobre o Riacho do Mel II,PE,110,"103,71","10","10",Viga de concreto armado,-8.39808774,-37.35288538,"3",30/01/2025,21/08/2025,,OAE<=20m (A1),7,,InR
40196,Pontilhão sobre o Afluente do Riacho do Mel I,PE,110,"104,94","6","10,2",Laje de concreto armado,-8.403279,-37.36243073,"4",30/01/2025,21/08/2025,,OAE<=20m (A1),7,,InR
40197,Pontilhão sobre o Afluente do Riacho do Mel II,PE,110,"106,97","6","9,9",Laje de concreto armado,-8.41052233,-37.37695555,"3",30/01/2025,21/08/2025,,OAE<=20m (A1),7,,InR
40198,Pontilhão sobre o Afluente do Riacho do Mel III,PE,110,"107,3","6","9,7",Laje de concreto armado,-8.41030487,-37.37994762,"3",30/01/2025,21/08/2025,,OAE<=20m (A1),7,,InR
40195,Ponte sobre o Riacho do Mel III,PE,110,"104,6","10,25","10,2",Viga de concreto armado,-8.40159448,-37.35987583,"3",30/01/2025,21/08/2025,,OAE<=20m (A1),7,,InR
210006,Ponte sobre o Rio Jenipapo (LE),SE,101,"51,54","15","11,3",Viga de concreto armado,-10.61448067,-36.97927614,"4",28/01/2025,21/08/2025,,OAE<=20m (A1),3,,InR
210044,Ponte sobre o Rio Riachão (LD),SE,101,"56,3","35","12,95",Viga de concreto protendido,-10.63956436,-37.01214556,"4",28/01/2025,21/08/2025,,20<OAE<=60m (A2),3,,InR
210045,Ponte sobre o Rio Riachão (LE),SE,101,"56,18","17,8","12,85",Viga de concreto armado,-10.63970653,-37.01217353,"2",28/01/2025,21/08/2025,,OAE<=20m (A1),3,,InR
210062,Ponte sobre o Rio Jenipapo (LD),SE,101,"51,54","24,5","12,95",Viga de concreto protendido,-10.61437121,-36.97937051,"4",28/01/2025,21/08/2025,,20<OAE<=60m (A2),3,,InR
240002,Ponte sobre o Rio Purus,AC,364,"343,67","474,4","12,06",Mista (viga metálica e laje de concreto),-8.88981667,-69.27353333,"4",12/05/2025,09/09/2025,,120<OAE<=500m (A4),3,,InR
200104,Ponte sobre o Rio Carié,AL,423,"30,74","61,2","8,2",Viga de concreto armado,-9.20687091,-37.55586672,"4",29/11/2025,22/08/2025,,20<OAE<=60m (A2),7,,InR
200112,Ponte sobre o Rio Gravatá,AL,316,"90,99","37,9","10,8",Viga de concreto armado,-9.38931049,-37.19780645,"4",29/11/2025,22/08/2025,,20<OAE<=60m (A2),2,,InR
200147,Ponte Inservível sobre o Rio Gravatá,AL,316,"90,99","13,85","5,7",Viga de concreto armado,-9.38931236,-37.19764758,"2",29/11/2025,22/08/2025,,OAE<=20m (A1),2,,InR
130233,Ponte sobre o Afluente do Rio Taperoá III,PB,412,"65,04","22","13",Viga de concreto armado,-7.44033914,-36.58677099,"3",19/03/2025,22/08/2025,,OAE<=20m (A1),1,,InR
130262,Ponte sobre o Riacho do Jirau,PB,412,"63,88","34","13",Viga de concreto armado,-7.43551626,-36.57759681,"3",19/03/2025,22/08/2025,,20<OAE<=60m (A2),1,,InR
40327,Ponte sobre o Rio Moxotó,PE,110,"147,79","100,7","12,6",Viga de concreto armado,-8.53265,-37.69423333,"2",30/01/2025,22/08/2025,,60>OAE<=120m (A3),7,,InR
40328,Ponte sobre o Riacho do Mel V,PE,110,"118,88","61,2","12",Viga de concreto armado,-8.45042393,-37.46725568,"2",30/01/2025,22/08/2025,,20<OAE<=60m (A2),7,,InR
40199,Pontilhão sobre o Afluente do Riacho do Mel IV,PE,110,"108,05","5","9,7",Laje de concreto armado,-8.41294702,-37.38562782,"3",30/01/2025,22/08/2025,,OAE<=20m (A1),7,,InR
40201,Ponte sobre o Riacho do Mel IV,PE,110,"110,87","5,3","10,1",Laje de concreto armado,-8.4260657,-37.40690843,"3",30/01/2025,22/08/2025,,OAE<=20m (A1),7,,InR
40202,"Pontilhão km 113,68",PE,110,"113,68","4","10,3",Laje de concreto armado,-8.43541667,-37.41976667,"4",30/01/2025,22/08/2025,,OAE<=20m (A1),7,,InR
40203,"Pontilhão km 114,15",PE,110,"114,15","3,1","10",Laje de concreto armado,-8.43666667,-37.42383333,"4",30/01/2025,22/08/2025,,OAE<=20m (A1),7,,InR
40208,"Ponte km 131,41",PE,110,"131,41","7","10,5",Viga de concreto armado,-8.49828333,-37.55758333,"3",30/01/2025,22/08/2025,,OAE<=20m (A1),7,,InR
210007,Ponte sobre o Rio Siriri (LE),SE,101,"60,66","18,7","13",Viga de concreto armado,-10.67251181,-37.02890124,"3",28/01/2025,22/08/2025,,OAE<=20m (A1),3,,InR
210063,Ponte sobre o Rio Siriri (LD),SE,101,"60,66","34,5","12,95",Viga de concreto protendido,-10.67239894,-37.02900335,"4",28/01/2025,22/08/2025,,20<OAE<=60m (A2),3,,InR
240003,Ponte sobre o Rio Macapá,AC,364,"370,71","90","9,9",Viga de concreto protendido,-8.75482012,-69.47465953,"4",12/05/2025,11/09/2025,,60>OAE<=120m (A3),3,,InR
200124,Ponte sobre Riacho Tanque D'arca,AL,316,"193,24","8,2","8,3",Laje de concreto armado,-9.56843946,-36.38241462,"4",29/11/2025,25/08/2025,,OAE<=20m (A1),2,,InR
200127,Ponte sobre o Rio São Miguel,AL,316,"193,65","18,2","8,3",Viga de concreto armado,-9.56846466,-36.37856172,"4",29/11/2025,25/08/2025,,OAE<=20m (A1),2,,InR
130184,Ponte sobre o Riacho Riachão III,PB,230,"122,38","30,25","8,35",Viga de concreto armado,-7.24778815,-35.66504318,"2",19/03/2025,25/08/2025,,20<OAE<=60m (A2),17,,InR
40019,Viaduto Ribeirão I (LD),PE,101,"149,09","40","16,7",Viga de concreto protendido,-8.4931487,-35.37666215,"4",30/01/2025,25/08/2025,,20<OAE<=60m (A2),1,,InR
40020,Viaduto Ribeirão I (LE),PE,101,"149,08","39,75","13,7",Viga de concreto protendido,-8.49321411,-35.37641518,"4",30/01/2025,25/08/2025,,20<OAE<=60m (A2),1,,InR
40022,Ponte sobre o Rio Amaraji (LE),PE,101,"153,17","74,7","13,9",Viga de concreto protendido,-8.52106667,-35.38956667,"4",30/01/2025,25/08/2025,,60>OAE<=120m (A3),1,,InR
40021,Ponte sobre o Rio Amaraji (LD),PE,101,"153,02","67,4","12,9",Viga de concreto armado,-8.5211173,-35.38970164,"4",30/01/2025,25/08/2025,,60>OAE<=120m (A3),1,,InR
140116,Pontilhão sobre o Riacho Manhoso,RN,427,"70,1","5","6,4",Laje de concreto armado,-6.55266637,-36.89141266,"4",18/03/2025,25/08/2025,,OAE<=20m (A1),6,,InR
240004,Ponte sobre o Rio Jurutipari,AC,364,"411,71","120","9,85",Mista (viga metálica e laje de concreto),-8.59286667,-69.81091667,"4",12/05/2025,11/09/2025,,60>OAE<=120m (A3),3,,InR
60,Ponte sobre o Rio Dois Riachos,AL,316,"-","80","-",Não informado,-9.387899,-37.085474,"-",29/11/2025,26/08/2025,,60>OAE<=120m (A3),2,,InCR
240005,Ponte sobre o Igarapé Jurupari,AC,364,"425,6","240,5","9,85",Mista (viga metálica e laje de concreto),-8.55231667,-69.93078333,"3",12/05/2025,13/09/2025,,120<OAE<=500m (A4),3,,InR
40744,Passarela IFPE Palmares,PE,101,"183,5","91,61","-",Viga de concreto armado,-8.66268333,-35.56938333,"-",30/01/2025,27/08/2025,,60>OAE<=120m (A3),1,Passarela,InCR
40024,Ponte sobre o Rio Sirinhaém (LE),PE,101,"162,72","89,6","13,9",Viga de concreto protendido,-8.55047423,-35.44448392,"4",30/01/2025,27/08/2025,,60>OAE<=120m (A3),1,,InR
40023,Ponte sobre o Rio Sirinhaém (LD),PE,101,"162,74","60,95","11,6",Viga de concreto armado,-8.55032084,-35.44463545,"4",30/01/2025,27/08/2025,,20<OAE<=60m (A2),1,,InR
40026,Ponte sobre o Rio Preto (LE),PE,101,"180,14","39,75","13,75",Viga de concreto protendido,-8.63830155,-35.56042502,"4",30/01/2025,27/08/2025,,20<OAE<=60m (A2),1,,InR
40025,Ponte sobre o Rio Preto (LD),PE,101,"180,29","16,4","11,7",Viga de concreto armado,-8.63798333,-35.56085,"4",30/01/2025,27/08/2025,,OAE<=20m (A1),1,,InR
140157,Ponte sobre o Rio Apodi (LD),RN,304,"43,76","165","12,9",Viga de concreto armado,-5.21941667,-37.36355,"4",18/03/2025,27/08/2025,,120<OAE<=500m (A4),5,,InR
140158,Ponte sobre o Rio Apodi (LE),RN,304,"43,76","160","12,9",Viga de concreto armado,-5.21933333,-37.36346667,"4",18/03/2025,27/08/2025,,120<OAE<=500m (A4),5,,InR
140086,Ponte sobre o Riacho das Cacimbas,RN,226,"303,22","10,9","10,8",Viga de concreto armado,-5.97275984,-37.36944656,"4",18/03/2025,28/08/2025,,OAE<=20m (A1),9,,InR
140087,Ponte sobre o Riacho do Livramento,RN,226,"305,63","21,9","8,3",Viga de concreto armado,-5.99146456,-37.37886622,"2",18/03/2025,28/08/2025,,OAE<=20m (A1),9,,InR
140088,Ponte sobre o Riacho Cacimba de Baixo,RN,226,"328,28","13","10,2",Laje de concreto armado,-6.08131299,-37.55726376,"3",18/03/2025,28/08/2025,,OAE<=20m (A1),9,,InR
240006,Ponte sobre o Igarapé Maracajuba,AC,364,"432,71","90","9,9",Viga de concreto protendido,-8.53123333,-69.99181667,"4",12/05/2025,13/09/2025,,60>OAE<=120m (A3),3,,InR
240007,Ponte sobre o Rio Liberdade,AC,364,"682,87","158,8","9,8",Viga de concreto protendido,-7.80005,-72.02043333,"4",12/05/2025,25/09/2025,,120<OAE<=500m (A4),3,,InR
40027,Viaduto sobre Ferrovia Palmares I (LD),PE,101,"180,73","45,1","11,6",Viga de concreto armado,-8.64361547,-35.56118384,"4",30/01/2025,29/08/2025,,20<OAE<=60m (A2),1,,InR
40028,"Viaduto km 180,90 sobre Ferrovia (LE)",PE,101,"180,72","39,65","13,8",Viga de concreto protendido,-8.6435029,-35.56099719,"3",30/01/2025,29/08/2025,,20<OAE<=60m (A2),1,,InR
40639,Passarela,PE,101,"185,8","0","-",Não informado,-8.68146017,-35.57804032,"-",30/01/2025,29/08/2025,,OAE<=20m (A1),1,Passarela,InCR
140075,Ponte sobre o Riacho Russinho,RN,226,"218,66","39,5","7,1",Viga de concreto armado,-6.13023333,-36.81928333,"4",18/03/2025,29/08/2025,,20<OAE<=60m (A2),7,,InR
140089,Ponte sobre o Afluente do Rio Apodi I,RN,226,"355,6","32,5","12",Laje de concreto armado,-6.1476714,-37.77466248,"4",18/03/2025,29/08/2025,,20<OAE<=60m (A2),9,,InR
140090,Ponte sobre o Afluente do Rio Apodi II,RN,226,"358,72","37","12",Laje de concreto armado,-6.15733135,-37.7999744,"4",18/03/2025,29/08/2025,,20<OAE<=60m (A2),9,,InR
140091,Ponte sobre o Riacho Boa Água I,RN,226,"364,52","32,5","12",Laje de concreto armado,-6.17326221,-37.84757713,"4",18/03/2025,29/08/2025,,20<OAE<=60m (A2),9,,InR
240008,Ponte sobre o Igarapé Pensão,AC,364,"455,92","60,3","9,7",Viga de concreto protendido,-8.43825726,-70.17172235,"1",12/05/2025,15/09/2025,,20<OAE<=60m (A2),3,,InR
240009,Ponte sobre o Igarapé Macipira,AC,364,"457,7","120,3","10",Viga de concreto protendido,-8.42280173,-70.17643609,"4",12/05/2025,15/09/2025,,60>OAE<=120m (A3),3,,InR
240010,Ponte sobre o Igarapé Ciência,AC,364,"488,38","60,15","9,1",Viga de concreto protendido,-8.19729977,-70.34240837,"4",12/05/2025,12/09/2025,,20<OAE<=60m (A2),3,,InR
240011,Ponte sobre o Igarapé Diabinho,AC,364,"491,9","80,9","12,3",Mista (viga metálica e laje de concreto),-8.17821667,-70.36736667,"4",12/05/2025,12/09/2025,,60>OAE<=120m (A3),3,,InR
240012,Ponte sobre o Rio Envira,AC,364,"494,49","300","14,4",Mista (viga metálica e laje de concreto),-8.16766667,-70.388,"-",12/05/2025,16/09/2025,,120<OAE<=500m (A4),3,,InCR
240013,Ponte sobre o Igarapé Cardoso,AC,364,"498,2","78,8","9,9",Viga de concreto armado,-8.15873733,-70.41990745,"4",12/05/2025,12/09/2025,,60>OAE<=120m (A3),3,,InR
130215,Ponte sobre o Afluente do Rio Boa Vista II,PB,412,"33,63","25,95","13",Viga de concreto armado,-7.3137697,-36.34879305,"4",19/03/2025,01/09/2025,,20<OAE<=60m (A2),1,,InR
130281,Ponte sobre o Rio Soledade,PB,412,"39,05","80","13",Viga de concreto armado,-7.32674585,-36.39531108,"4",19/03/2025,01/09/2025,,60>OAE<=120m (A3),1,,InR
130282,Ponte sobre o Rio Marias Pretas,PB,230,"290,48","22,1","9,7",Viga de concreto armado,-6.86945664,-36.92345529,"2",19/03/2025,01/09/2025,,20<OAE<=60m (A2),19,,InR
40029,Ponte sobre o Rio Una (LD),PE,101,"185,48","159,8","13,62",Viga de concreto protendido,-8.67848333,-35.57746667,"4",30/01/2025,01/09/2025,,120<OAE<=500m (A4),1,,InR
40030,Ponte sobre o Rio Una (LE),PE,101,"185,48","159,8","17,3",Viga de concreto protendido,-8.67851667,-35.5773,"4",30/01/2025,01/09/2025,,120<OAE<=500m (A4),1,,InR
40031,Viaduto Palmares II (LD),PE,101,"186,63","40,3","11,6",Viga de concreto armado,-8.6860052,-35.5861197,"4",30/01/2025,01/09/2025,,20<OAE<=60m (A2),1,,InR
40032,Viaduto Palmares II (LE),PE,101,"186,63","39,65","17,3",Viga de concreto protendido,-8.6861493,-35.58610059,"4",30/01/2025,01/09/2025,,20<OAE<=60m (A2),1,,InR
140205,Ponte sobre o Rio Jundiaí (LE),RN,226,"17,34","30,75","11,5",Viga de concreto protendido,-5.86576667,-35.35498333,"4",18/03/2025,01/09/2025,,20<OAE<=60m (A2),4,,InR
240014,Ponte sobre o Igarapé Acaraú,AC,364,"516,09","39,6","9,8",Viga de concreto armado,-8.18875896,-70.57602165,"4",12/05/2025,16/09/2025,,20<OAE<=60m (A2),3,,InR
130248,Ponte sobre o Afluente do Riacho Cachorro,PB,412,"49,95","21,95","13,35",Viga de concreto armado,-7.35615826,-36.48727156,"4",19/03/2025,02/09/2025,,OAE<=20m (A1),1,,InR
40033,Ponte sobre o Riacho Santo Antônio (LE),PE,101,"197,68","30","13,7",Viga de concreto protendido,-8.76151011,-35.60509795,"4",30/01/2025,02/09/2025,,20<OAE<=60m (A2),1,,InR
40597,Ponte sobre o Riacho Santo Antônio (LD),PE,101,"197,85","30","11,4",Viga de concreto protendido,-8.76136667,-35.60506667,"4",30/01/2025,02/09/2025,,20<OAE<=60m (A2),1,,InR
40633,"Viaduto km 204,54 (LE)",PE,101,"204,54","90","12","-",-8.80936966,-35.62310336,"-",30/01/2025,02/09/2025,,60>OAE<=120m (A3),1,,InCR
40634,Viaduto sobre a PE-099 (LD),PE,101,"204,4","75,8","12",Laje de concreto armado,-8.80891264,-35.62301533,"-",30/01/2025,02/09/2025,,60>OAE<=120m (A3),1,,InCR
140145,Ponte sobre o Rio Pitimbu (LD),RN,304,"305,1","40","12",Viga de concreto armado,-5.88791667,-35.27231667,"4",18/03/2025,02/09/2025,,20<OAE<=60m (A2),4,,InR
140146,Ponte sobre o Rio Pitimbu (LE),RN,304,"305,1","40","12",Viga de concreto armado,-5.8878,-35.27228333,"3",18/03/2025,02/09/2025,,20<OAE<=60m (A2),4,,InR
140147,Ponte sobre o Rio Potengi,RN,304,"268,18","112","10",Viga de concreto armado,-5.86661179,-35.5945024,"3",18/03/2025,02/09/2025,,60>OAE<=120m (A3),5,,InR
140187,Ponte sobre o Rio Gameleira Guedes,RN,406,"133,13","11","10",Viga de concreto armado,-5.64958769,-35.58136676,"2",18/03/2025,02/09/2025,,OAE<=20m (A1),3,,InR
140188,Pontilhão sobre o Rio Gameleira II,RN,406,"133,4","3,5","10",Laje de concreto armado,-5.65126667,-35.57961667,"3",18/03/2025,02/09/2025,,OAE<=20m (A1),3,,InR
240015,Ponte sobre o Rio Esperança,AC,364,"522,3","66,9","9,8",Viga de concreto armado,-8.18172918,-70.63219134,"4",12/05/2025,17/09/2025,,60>OAE<=120m (A3),3,,InR
240016,Ponte sobre o Rio Extrema,AC,364,"526,86","39,8","9,8",Viga de concreto armado,-8.1721924,-70.67260108,"4",12/05/2025,17/09/2025,,20<OAE<=60m (A2),3,,InR
240017,Ponte sobre o Rio Tarauacá,AC,364,"535,5","302","14",Mista (viga metálica e laje de concreto),-8.15193333,-70.74571667,"4",12/05/2025,27/09/2025,,120<OAE<=500m (A4),3,,InR
40742,Passarela Hospital Santa Clara,PE,101,"127,1","81,4","-",Viga de concreto armado,-8.37326,-35.234787,"-",30/01/2025,03/09/2025,,60>OAE<=120m (A3),1,Passarela,InCR
40638,Passarela,PE,101,"126,2","0","-",Não informado,-8.369588,-35.229479,"-",30/01/2025,03/09/2025,,OAE<=20m (A1),1,Passarela,InCR
40653,Passarela,PE,101,"103,65","0","-",Não informado,-8.296478,-35.060112,"-",30/01/2025,03/09/2025,,OAE<=20m (A1),1,Passarela,InCR
40654,Passarela,PE,101,"124,4","0","-",Não informado,-8.36292507,-35.21596738,"-",30/01/2025,03/09/2025,,OAE<=20m (A1),1,Passarela,InCR
140001,Ponte sobre o Rio Bom Jesus,RN,226,"46,9","17,5","14,4",Viga de concreto armado,-5.97937254,-35.5773692,"2",18/03/2025,03/09/2025,,OAE<=20m (A1),4,,InR
140061,"Ponte km 85,51",RN,226,"85,51","19,5","8,2",Viga de concreto armado,-6.21006667,-35.81661667,"4",18/03/2025,03/09/2025,,OAE<=20m (A1),6,,InR
140062,Ponte sobre o Riacho da Chapada,RN,226,"92,21","12","12",Viga de concreto armado,-6.24790249,-35.86104602,"2",18/03/2025,03/09/2025,,OAE<=20m (A1),6,,InR
140063,Ponte sobre o Afluente do Rio Trairi I,RN,226,"95,29","6,6","12,4",Viga de concreto armado,-6.25971607,-35.88573031,"2",18/03/2025,03/09/2025,,OAE<=20m (A1),6,,InR
140065,"Ponte km 103,10",RN,226,"103,1","7","13,4",Viga de concreto armado,-6.248,-35.95166667,"2",18/03/2025,03/09/2025,,OAE<=20m (A1),6,,InR
140066,Ponte sobre o Rio Inharé,RN,226,"107,89","40","8,3",Viga de concreto armado,-6.24295,-35.99423333,"4",18/03/2025,03/09/2025,,20<OAE<=60m (A2),6,,InR
140070,"Ponte km 165,63",RN,226,"165,63","40","10",Laje de concreto armado,-6.22871667,-36.43543333,"3",18/03/2025,03/09/2025,,20<OAE<=60m (A2),6,,InR
140071,Ponte sobre o Riacho Suçuarana,RN,226,"171,66","20","10,9",Viga de concreto armado,-6.25491667,-36.47965,"2",18/03/2025,03/09/2025,,OAE<=20m (A1),6,,InR
140150,Ponte sobre o Riacho do Boi,RN,304,"199,6","8,7","8,9",Viga de concreto armado,-5.72466442,-36.16950797,"3",18/03/2025,03/09/2025,,OAE<=20m (A1),5,,InR
140162,Ponte sobre o Rio Dois Irmãos,RN,304,"197,08","60","10",Viga de concreto armado,-5.71529085,-36.19016205,"1",18/03/2025,03/09/2025,,20<OAE<=60m (A2),5,,InR
140164,Ponte sobre o Riacho do Bonfim,RN,304,"203,57","70","10",Viga de concreto armado,-5.73415,-36.13523333,"4",18/03/2025,03/09/2025,,60>OAE<=120m (A3),5,,InR
140201,Viaduto do Aeroporto de São Gonçalo do Amarante,RN,406,"165,61","42,8","21,8",Viga de concreto protendido,-5.74571871,-35.33464525,"4",18/03/2025,03/09/2025,,20<OAE<=60m (A2),3,,InR
240018,Ponte sobre o Igarapé Piraja,AC,364,"544,59","42,6","9,8",Viga de concreto protendido,-8.13816667,-70.82463333,"4",12/05/2025,03/09/2025,,20<OAE<=60m (A2),3,,InR
240019,Ponte sobre o Igarapé Samaúma,AC,364,"573,48","54,4","8,8",Viga de concreto armado,-8.09077425,-71.07913002,"3",12/05/2025,18/09/2025,,20<OAE<=60m (A2),3,,InR
240020,Ponte sobre o Igarapé Diedé,AC,364,"581,25","51,4","8,8",Viga de concreto armado,-8.07785731,-71.14830421,"4",12/05/2025,18/09/2025,,20<OAE<=60m (A2),3,,InR
240021,Ponte sobre o Rio Acurauá,AC,364,"584,37","120,1","8,8",Viga caixão de concreto armado,-8.07275,-71.17613333,"3",12/05/2025,19/09/2025,,60>OAE<=120m (A3),3,,InR
240022,Ponte sobre o Rio Gregório,AC,364,"620,9","199,6","9,85",Viga de concreto protendido,-7.95405,-71.4809,"4",12/05/2025,26/09/2025,,120<OAE<=500m (A4),3,,InR
240023,Ponte sobre o Rio Tauari,AC,364,"632,32","139,4","9,9",Viga de concreto protendido,-7.92218333,-71.57765,"4",12/05/2025,26/09/2025,,120<OAE<=500m (A4),3,,InR
240024,Ponte sobre o Rio Boto,AC,364,"658,36","60,17","10",Viga de concreto protendido,-7.8504,-71.8028,"4",12/05/2025,23/09/2025,,20<OAE<=60m (A2),3,,InR
130230,Ponte sobre o Riacho do Cabloco,PB,412,"67,9","52","13",Viga de concreto armado,-7.4582711,-36.605238,"3",19/03/2025,04/09/2025,,20<OAE<=60m (A2),1,,InR
130295,Ponte sobre o Riacho dos Pereiros,PB,412,"76,04","46","13",Viga de concreto armado,-7.49168333,-36.66711667,"3",19/03/2025,04/09/2025,,20<OAE<=60m (A2),1,,InR
140005,Ponte sobre o Rio Olho D'água,RN,304,"220,77","9,4","11,7",Laje de concreto armado,-5.75879481,-35.98272428,"3",18/03/2025,04/09/2025,,OAE<=20m (A1),5,,InR
140006,"Ponte km 128,01",RN,110,"128,01","50","13",Viga de concreto armado,-5.86573333,-37.31363333,"4",18/03/2025,04/09/2025,,20<OAE<=60m (A2),7,,InR
140007,Ponte sobre o Riacho da Cachoeirinha,RN,110,"128,23","120","10",Viga de concreto armado,-5.86784318,-37.31492657,"4",18/03/2025,04/09/2025,,60>OAE<=120m (A3),7,,InR
140054,Ponte sobre o Riacho Poço dos Bois,RN,110,"36,28","90","11,9",Laje de concreto armado,-5.1688,-37.23865,"2",18/03/2025,04/09/2025,,60>OAE<=120m (A3),5,,InR
140055,Ponte sobre o Riacho Baixa Grande,RN,110,"91,95","53","13",Viga de concreto armado,-5.59137317,-37.30195613,"4",18/03/2025,04/09/2025,,20<OAE<=60m (A2),8,,InR
140056,Ponte sobre o Afluente do Riacho do Silva,RN,110,"109,31","30","8,8",Viga de concreto armado,-5.7121776,-37.29497979,"4",18/03/2025,04/09/2025,,20<OAE<=60m (A2),8,,InR
140057,Ponte sobre o Riacho do Silva,RN,110,"115","30","8,8",Viga de concreto armado,-5.75170027,-37.28731838,"3",18/03/2025,04/09/2025,,20<OAE<=60m (A2),8,,InR
140058,"Ponte km 127,34",RN,110,"127,34","7","10,2",Laje de concreto armado,-5.86038333,-37.31118333,"3",18/03/2025,04/09/2025,,OAE<=20m (A1),7,,InR
140144,Ponte sobre o Rio Camaragibe,RN,304,"236,1","11,6","10",Viga de concreto armado,-5.77166667,-35.85745,"4",18/03/2025,04/09/2025,,OAE<=20m (A1),5,,InR
140160,Ponte sobre o Riacho das Areias,RN,304,"219,14","50","10",Viga de concreto armado,-5.75713333,-35.99721667,"4",18/03/2025,04/09/2025,,20<OAE<=60m (A2),5,,InR
140167,Ponte sobre o Riacho da Caiçara,RN,304,"212,82","6,4","9,8",Viga de concreto armado,-5.75006667,-36.05358333,"3",18/03/2025,04/09/2025,,OAE<=20m (A1),5,,InR
240025,Ponte sobre o Rio São João,AC,364,"669,02","74,8","9,8",Viga de concreto protendido,-7.83001702,-71.89772737,"4",12/05/2025,23/09/2025,,60>OAE<=120m (A3),3,,InR
130210,Ponte sobre o Afluente do Rio Paraíba,PB,104,"171,67","11,2","10",Laje de concreto armado,-7.58394772,-36.03109884,"4",19/03/2025,05/09/2025,,OAE<=20m (A1),2,,InR
130275,Pontilhão sobre o Afluente do Riacho Mulungu III,PB,110,"189,03","4,5","8,9",Laje de concreto armado,-7.92672445,-37.17261049,"2",19/03/2025,05/09/2025,,OAE<=20m (A1),1,,InR
140148,Ponte sobre o Riacho Acauã,RN,304,"116,58","11,5","8,7",Viga de concreto armado,-5.62003159,-36.88446187,"3",18/03/2025,05/09/2025,,OAE<=20m (A1),5,,InR
140149,Ponte sobre o Riacho da Bisca,RN,304,"132,22","30","10,1",Viga de concreto armado,-5.6599,-36.75225,"3",18/03/2025,05/09/2025,,20<OAE<=60m (A2),5,,InR
140153,Ponte sobre o Riacho Latadinha,RN,304,"127,89","30","10,1",Viga de concreto armado,-5.65703333,-36.7912,"3",18/03/2025,05/09/2025,,20<OAE<=60m (A2),5,,InR
140159,Ponte sobre o Rio Assu,RN,304,"115,18","585","17,2",Viga de concreto armado,-5.61453333,-36.8957,"4",18/03/2025,05/09/2025,,500<OAE<=1000m (A5),5,,InR
240026,Ponte sobre o Igarapé Seringueira,AC,364,"258,49","26,4","8,8",Laje de concreto armado,-9.16343733,-68.57284318,"4",12/05/2025,05/09/2025,,20<OAE<=60m (A2),3,,InR
240027,Ponte sobre o Igarapé Cigana,AC,364,"743,02","24,9","8,8",Laje de concreto armado,-7.73240167,-72.55834651,"3",12/05/2025,22/09/2025,,20<OAE<=60m (A2),3,,InR
140003,Ponte sobre o Riacho do Arvoredo,RN,304,"157,02","122","10,1",Viga de concreto armado,-5.69721667,-36.53606667,"1",18/03/2025,08/09/2025,,60>OAE<=120m (A3),5,,InR
140152,Ponte sobre o Riacho Jordão,RN,304,"150,4","16,5","10,1",Viga de concreto armado,-5.69063333,-36.59513333,"3",18/03/2025,08/09/2025,,OAE<=20m (A1),5,,InR
140154,Ponte sobre o Riacho Caruaru,RN,304,"159,53","8,8","8,7",Viga de concreto armado,-5.6924912,-36.51488062,"3",18/03/2025,08/09/2025,,OAE<=20m (A1),5,,InR
140155,Ponte sobre o Rio Sombra,RN,304,"133,63","90","10",Viga de concreto armado,-5.66082181,-36.73955196,"3",18/03/2025,08/09/2025,,60>OAE<=120m (A3),5,,InR
240028,Ponte Sobre Igarapé Sem Nome,AC,364,"222,76","26,2","8,85",Viga de concreto armado,-9.43575,-68.40416667,"4",12/05/2025,04/09/2025,,20<OAE<=60m (A2),3,,InR
130088,Pontilhão sobre o Afluente do Riacho Santana I,PB,361,"5,86","4,6","10",Laje de concreto armado,-7.03575025,-37.31017101,"4",19/03/2025,09/09/2025,,OAE<=20m (A1),6,,InR
130089,Ponte sobre o Riacho dos Macacos,PB,361,"7,45","10,5","10",Viga de concreto armado,-7.03920484,-37.3238566,"3",19/03/2025,09/09/2025,,OAE<=20m (A1),6,,InR
130117,Ponte sobre o Riacho São Gonçalo,PB,361,"19,33","29","10",Viga de concreto armado,-7.07549783,-37.41857431,"4",19/03/2025,09/09/2025,,20<OAE<=60m (A2),6,,InR
130155,Pontilhão sobre o Riacho Santana,PB,361,"15,28","5,8","10",Viga de concreto armado,-7.05300497,-37.39044713,"4",19/03/2025,09/09/2025,,OAE<=20m (A1),6,,InR
40064,Ponte sobre o Riacho do Pinheiro,PE,232,"274,36","47,1","9,95",Laje de concreto armado,-8.37949905,-37.25422026,"2",30/01/2025,09/09/2025,,20<OAE<=60m (A2),5,,InR
40093,Ponte sobre o Riacho do Mel II,PE,232,"260,72","36","9,8",Viga de concreto armado,-8.40941514,-37.13840583,"2",30/01/2025,09/09/2025,,20<OAE<=60m (A2),5,,InR
40108,Ponte sobre o Riacho do Mel III,PE,232,"263,48","44,7","9,95",Viga de concreto armado,-8.40921011,-37.1633077,"3",30/01/2025,09/09/2025,,20<OAE<=60m (A2),5,,InR
140004,Ponte sobre o Riacho Ipueira,RN,304,"160,77","36","11,2",Viga de concreto armado,-5.68436861,-36.50766549,"2",18/03/2025,09/09/2025,,20<OAE<=60m (A2),5,,InR
140151,Ponte sobre o Riacho do Meio,RN,304,"172,69","8,8","8,8",Viga de concreto armado,-5.68716667,-36.40506667,"4",18/03/2025,09/09/2025,,OAE<=20m (A1),5,,InR
140163,Ponte sobre o Rio Cabugi,RN,304,"176,31","110","10",Viga de concreto armado,-5.6885628,-36.37225969,"4",18/03/2025,09/09/2025,,60>OAE<=120m (A3),5,,InR
240029,Ponte sobre o Rio Vai e Vem,AC,364,"689,96","35","8,8",Viga de concreto armado,-7.78737425,-72.08287588,"4",12/05/2025,23/09/2025,,20<OAE<=60m (A2),3,,InR
240031,Ponte Sobre Igarapé Taquari,AC,364,"218,72","19","7,35",Viga de concreto armado,-9.46297959,-68.37969074,"4",12/05/2025,04/09/2025,,OAE<=20m (A1),3,,InR
130086,Viaduto sobre Ferrovia Patos,PB,361,"0,91","28","8,3",Laje de concreto armado,-7.02148717,-37.26704499,"2",19/03/2025,10/09/2025,,20<OAE<=60m (A2),6,,InR
130121,Ponte sobre o Riacho da Goiabeira,PB,361,"27,79","29","10",Viga de concreto armado,-7.08913426,-37.49040749,"3",19/03/2025,10/09/2025,,20<OAE<=60m (A2),6,,InR
130122,Ponte sobre o Afluente do Riacho da Goaiabeira I,PB,361,"30,1","13","10",Viga de concreto armado,-7.08712059,-37.51085861,"1",19/03/2025,10/09/2025,,OAE<=20m (A1),6,,InR
130124,Ponte sobre o Afluente do Riacho da Goaiabeira II,PB,361,"34,22","6,8","10",Viga de concreto armado,-7.08800373,-37.54722896,"2",19/03/2025,10/09/2025,,OAE<=20m (A1),6,,InR
40569,Ponte sobre o Rio Cordeiro,PE,424,"42,97","40,5","8,3",Viga de concreto armado,-8.67408333,-36.80868333,"3",30/01/2025,10/09/2025,,20<OAE<=60m (A2),5,,InR
40550,Ponte sobre o Rio dos Bois,PE,424,"28,6","23,4","7,5",Viga de concreto armado,-8.57145,-36.88315,"2",30/01/2025,10/09/2025,,20<OAE<=60m (A2),5,,InR
40568,Ponte sobre o Riacho da Luíza,PE,424,"37,05","13,6","7",Viga de concreto armado,-8.63591756,-36.83970691,"3",30/01/2025,10/09/2025,,OAE<=20m (A1),5,,InR
40566,Ponte sobre o Afluente do Riacho Carrapateira I,PE,424,"33,2","15,9","7,3",Viga de concreto armado,-8.60503553,-36.85586682,"3",30/01/2025,10/09/2025,,OAE<=20m (A1),5,,InR
40572,Ponte sobre o Afluente do Rio Cordeiro II,PE,424,"43,26","21,3","8,2",Viga de concreto armado,-8.67950452,-36.80396389,"3",30/01/2025,10/09/2025,,OAE<=20m (A1),5,,InR
40573,Ponte sobre o afluente do Rio Cordeiro III,PE,424,"44,45","11,5","8,3",Viga de concreto armado,-8.68721956,-36.79645596,"4",30/01/2025,10/09/2025,,OAE<=20m (A1),5,,InR
40577,Ponte sobre o Riacho do Campo,PE,424,"30,06","12,3","11,7",Viga de concreto armado,-8.5794277,-36.87335464,"3",30/01/2025,10/09/2025,,OAE<=20m (A1),5,,InR
40581,Ponte sobre o afluente do Rio Cordeiro I,PE,424,"40,61","6,2","7,3",Viga de concreto armado,-8.66070885,-36.81884151,"3",30/01/2025,10/09/2025,,OAE<=20m (A1),5,,InR
40630,"Pontilhão km 54,59",PE,424,"54,59","2,76","9,6",Laje de concreto armado,-8.73106667,-36.74905,"3",30/01/2025,10/09/2025,,OAE<=20m (A1),5,,InR
140161,"Ponte km 178,87",RN,304,"178,87","37","10",Viga de concreto armado,-5.68978333,-36.34925,"3",18/03/2025,10/09/2025,,20<OAE<=60m (A2),5,,InR
140165,"Ponte km 194,58",RN,304,"194,58","7,8","12",Laje de concreto armado,-5.70786667,-36.21138333,"3",18/03/2025,10/09/2025,,OAE<=20m (A1),5,,InR
140166,Ponte sobre o Rio Ceará-Mirim,RN,304,"190,67","37","10",Viga de concreto armado,-5.70535,-36.24641667,"3",18/03/2025,10/09/2025,,20<OAE<=60m (A2),5,,InR
240032,Ponte sobre o Igarapé São Francisco (LE),AC,364,"141,21","36,9","9,95",Viga de concreto armado,-9.93786667,-67.88023333,"4",12/05/2025,10/09/2025,,20<OAE<=60m (A2),3,,InR
240033,Ponte Sobre o Igarapé Brejo Seco,AC,364,"255,53","17","8,8",Viga de concreto armado,-9.18496438,-68.55676032,"4",12/05/2025,10/09/2025,,OAE<=20m (A1),3,,InR
40211,Ponte sobre o Riacho Mari,PE,110,"260,08","50,1","13",Viga caixão de concreto armado,-9.25432409,-38.23857753,"3",30/01/2025,11/09/2025,,20<OAE<=60m (A2),8,,InR
40574,Ponte sobre o Rio Ipanema,PE,424,"26,41","41,3","7,45",Viga de concreto armado,-8.55693333,-36.89646667,"4",30/01/2025,11/09/2025,,20<OAE<=60m (A2),5,,InR
40580,Ponte sobre o Riacho do Mororó,PE,424,"16,45","15,3","6,7",Viga de concreto armado,-8.49997286,-36.95124481,"3",30/01/2025,11/09/2025,,OAE<=20m (A1),5,,InR
40539,Ponte sobre o Riacho Veneza,PE,424,"22,91","11","7,3",Viga de concreto armado,-8.53429664,-36.91477915,"4",30/01/2025,11/09/2025,,OAE<=20m (A1),5,,InR
40543,Ponte sobre o Riacho do Meio,PE,424,"28,16","8,2","7,2",Viga de concreto armado,-8.56854028,-36.88581599,"3",30/01/2025,11/09/2025,,OAE<=20m (A1),5,,InR
40549,Ponte sobre o afluente do Rio Ipanema I,PE,424,"24,85","13","7,2",Viga de concreto armado,-8.54834587,-36.90428442,"2",30/01/2025,11/09/2025,,OAE<=20m (A1),5,,InR
40552,Ponte sobre o Afluente do Riacho Mororó II,PE,424,"10,12","9,7","6,8",Viga de concreto armado,-8.49701061,-37.00839716,"3",30/01/2025,11/09/2025,,OAE<=20m (A1),5,,InR
40582,Ponte sobre o Afluente do Riacho Mororó III,PE,424,"11,58","7,9","6,7",Viga de concreto armado,-8.49806319,-36.99529816,"3",30/01/2025,11/09/2025,,OAE<=20m (A1),5,,InR
40585,Ponte sobre o afluente do Riacho Mororó IV,PE,424,"13,97","17,2","6,3",Viga de concreto armado,-8.49878265,-36.97370873,"2",30/01/2025,11/09/2025,,OAE<=20m (A1),5,,InR
40759,"Ponte km 0,44",PE,424,"0,44","13,8","7,4","-",-8.49988206,-37.0197134,"-",30/01/2025,11/09/2025,,OAE<=20m (A1),5,,InCR
240034,Ponte sobre o Igarapé do Fumaça,AC,364,"202,37","15","8,8",Viga de concreto armado,-9.57310335,-68.2802653,"4",12/05/2025,04/09/2025,,OAE<=20m (A1),3,,InR
240035,Ponte sobre o Igarapé Crôa,AC,364,"741,51","75,3","8,8",Viga de concreto armado,-7.7340529,-72.54480001,"3",12/05/2025,22/09/2025,,60>OAE<=120m (A3),3,,InR
240036,Ponte sobre o Igarapé Marizinho,AC,364,"196,67","22,5","8,8",Viga de concreto armado,-9.61158503,-68.24553201,"4",12/05/2025,03/09/2025,,20<OAE<=60m (A2),3,,InR
200079,Viaduto São Sebastião II (LD),AL,101,"202,08","36,9","11,95",Viga de concreto protendido,-9.95218133,-36.54206704,"4",29/11/2025,12/09/2025,,20<OAE<=60m (A2),1,,InR
200080,"Viaduto km 200,19 (LE)",AL,101,"200,19","37,8","11,95",Viga de concreto protendido,-9.95228333,-36.54195,"4",29/11/2025,12/09/2025,,20<OAE<=60m (A2),1,,InR
200081,Ponte sobre o Rio Perucaba (LD),AL,101,"205,35","30,25","11,8",Viga de concreto armado,-9.97637433,-36.55861533,"4",29/11/2025,12/09/2025,,20<OAE<=60m (A2),1,,InR
200082,Ponte sobre o Rio Perucaba (LE),AL,101,"205,35","30","13,65",Viga de concreto protendido,-9.9764224,-36.55847614,"4",29/11/2025,12/09/2025,,20<OAE<=60m (A2),1,,InR
200099,Ponte sobre o Riacho Capiazinho,AL,423,"10,74","66","12,9",Viga caixão de concreto protendido,-9.15051419,-37.38326754,"4",29/11/2025,12/09/2025,,60>OAE<=120m (A3),6,,InR
130011,"Ponte km 388,80",PB,230,"388,8","13,2","10",Viga de concreto armado,-6.88323333,-37.73238333,"1",19/03/2025,12/09/2025,,OAE<=20m (A1),9,,InR
130013,Ponte sobre o Riacho da Caiçara,PB,230,"423,72","22,15","8,1",Viga de concreto armado,-6.73509219,-37.91767164,"1",19/03/2025,12/09/2025,,20<OAE<=60m (A2),11,,InR
240037,Ponte sobre o Igarapé Santa Luzia,AC,364,"723,24","26,4","8,84",Viga de concreto armado,-7.75273333,-72.38146667,"4",12/05/2025,22/09/2025,,20<OAE<=60m (A2),3,,InR
240039,Ponte sobre o Rio Campinas,AC,364,"708","74,8","8,8",Viga de concreto armado,-7.76961601,-72.24506966,"4",12/05/2025,23/09/2025,,60>OAE<=120m (A3),3,,InR
40604,Ponte sobre o Riacho Petrolândia,PE,316,"367,16","100","8",Viga caixão de concreto protendido,-8.99434511,-38.21564176,"4",30/01/2025,13/09/2025,,60>OAE<=120m (A3),8,,InR
40210,Ponte sobre o Riacho Félix do Rego,PE,110,"249,92","55","13",Viga caixão de concreto armado,-9.2119,-38.23921667,"3",30/01/2025,13/09/2025,,20<OAE<=60m (A2),8,,InR
40209,Ponte sobre o Afluente do Rio São Francisco,PE,110,"252,16","30","13",Viga caixão de concreto armado,-9.18725246,-38.25166094,"4",30/01/2025,13/09/2025,,20<OAE<=60m (A2),8,,InR
240040,Ponte Sobre o Rio Acre,AC,364,"131","198,18","20,09",Estaiada com vigamento de concreto protendido,-10.0121,-67.84261667,"4",12/05/2025,01/09/2025,,120<OAE<=500m (A4),3,,InR
240041,Ponte sobre o Rio Judia,AC,364,"123","92,12","19,15",Viga de concreto armado,-10.01155,-67.78778333,"4",12/05/2025,02/09/2025,,60>OAE<=120m (A3),1,,InR
200062,Ponte sobre o Rio Piauí (LD),AL,101,"191,68","30,2","8,3",Viga de concreto armado,-9.93303333,-36.4775,"2",29/11/2025,15/09/2025,,20<OAE<=60m (A2),1,,InR
200078,Ponte sobre o Rio Piauí (LE),AL,101,"191,68","29,8","13,65",Viga de concreto protendido,-9.93316667,-36.47751667,"4",29/11/2025,15/09/2025,,20<OAE<=60m (A2),1,,InR
130120,Passagem superior Capim I,PB,101,"50,59","5,8","30,95",Laje de concreto armado,-6.92730357,-35.1057651,"4",19/03/2025,15/09/2025,,OAE<=20m (A1),18,,InR
130123,Ponte sobre o Rio Miriri (LE),PB,101,"52,14","70","11,5",Viga de concreto armado,-6.9394,-35.09875,"4",19/03/2025,15/09/2025,,60>OAE<=120m (A3),18,,InR
130199,Ponte sobre o Rio Miriri (LD),PB,101,"52,13","70","13,6",Viga de concreto protendido,-6.9394,-35.09895,"4",19/03/2025,15/09/2025,,60>OAE<=120m (A3),18,,InR
40421,Ponte sobre o Riacho dos Mandantes,PE,316,"336,88","107","8",Viga caixão de concreto armado,-8.77834304,-38.34107002,"4",30/01/2025,15/09/2025,,60>OAE<=120m (A3),8,,InR
40420,Viaduto de Transposição de Águas do Rio São Francisco,PE,316,"335,5","90","6",Viga caixão de concreto protendido,-8.76745,-38.36446667,"3",30/01/2025,15/09/2025,,60>OAE<=120m (A3),8,,InR
40419,Ponte sobre o Riacho Poço do Sal,PE,316,"330,39","80","8",Viga caixão de concreto armado,-8.75457009,-38.39466659,"4",30/01/2025,15/09/2025,,60>OAE<=120m (A3),8,,InR
40470,Viaduto sobre a BR-424,PE,423,"98,07","50","13,3",Viga caixão de concreto armado,-8.87666654,-36.50707967,"3",30/01/2025,15/09/2025,,20<OAE<=60m (A2),6,,InR
40596,Ponte sobre o Riacho da Barreira,PE,110,"216,59","26,5","6",Viga de concreto armado,-8.96676667,-38.1761,"3",30/01/2025,15/09/2025,,20<OAE<=60m (A2),8,,InR
40540,Ponte sobre o Rio Canhoto,PE,424,"82,08","10,6","8,1",Laje de concreto armado,-8.84553197,-36.52519667,"2",30/01/2025,15/09/2025,,OAE<=20m (A1),5,,InR
40544,Ponte sobre o afluente do Riacho Mororó I,PE,424,"8,43","9,8","6,5",Viga de concreto armado,-8.49430023,-37.02319652,"2",30/01/2025,15/09/2025,,OAE<=20m (A1),5,,InR
40559,"Pontilhão km 109,97",PE,423,"109,97","5","12,3",Laje de concreto armado,-8.89061667,-36.60758333,"-",30/01/2025,,15/09/2025,OAE<=20m (A1),6,Sem acesso,InR
40562,"Pontilhão km 107,12",PE,424,"107,12","3,2","10",Laje de concreto armado,-8.98921667,-36.4843,"3",30/01/2025,15/09/2025,,OAE<=20m (A1),5,,InR
40570,"Pontilhão km 78,98",PE,424,"78,98","4,9","11,1",Laje de concreto armado,-8.82528333,-36.55441667,"3",30/01/2025,15/09/2025,,OAE<=20m (A1),5,,InR
40584,Ponte sobre o Riacho do Dunga,PE,424,"126,51","54,95","10",Viga de concreto armado,-9.0922,-36.38901667,"3",30/01/2025,,15/09/2025,20<OAE<=60m (A2),5,Sem acesso,InR
40551,Pontilhão sobre o Rio Seco,PE,424,"66,51","2,5","10,9",Laje de concreto armado,-8.76128333,-36.64641667,"3",30/01/2025,15/09/2025,,OAE<=20m (A1),5,,InR
40635,"Pontilhão km 337,83",PE,316,"337,83","9,5","11",Laje de concreto armado,-8.775311,-38.345069,"-",30/01/2025,15/09/2025,,OAE<=20m (A1),8,,InCR
140092,Ponte sobre o Riacho Boa Água II,RN,226,"364,94","16","12",Laje de concreto armado,-6.17657106,-37.84929662,"4",18/03/2025,15/09/2025,,OAE<=20m (A1),9,,InR
140093,Ponte sobre o Córrego da Calunga,RN,226,"379,27","32,5","12",Laje de concreto armado,-6.1993501,-37.95775161,"4",18/03/2025,15/09/2025,,20<OAE<=60m (A2),9,,InR
140094,"Ponte km 382,25",RN,226,"382,25","6","19,4",Laje de concreto armado,-6.19241667,-37.98355,"3",18/03/2025,15/09/2025,,OAE<=20m (A1),9,,InR
140095,Ponte Riacho do Comissário,RN,226,"384,34","33,4","12",Laje de concreto armado,-6.18793815,-38.00191437,"4",18/03/2025,15/09/2025,,20<OAE<=60m (A2),9,,InR
240042,Ponte Sobre o Rio Cassirian,AC,364,"243,1","40,6","8,8",Viga de concreto armado,-9.27838755,-68.49527997,"4",12/05/2025,04/09/2025,,20<OAE<=60m (A2),3,,InR
240043,Ponte sobre o Igarapé São Francisco (LD),AC,364,"141,2","28,1","9,8",Viga de concreto armado,-9.93778074,-67.88013153,"3",12/05/2025,31/08/2025,,20<OAE<=60m (A2),3,,InR
200185,Ponte sobre o Rio Lagoa do Pau,AL,349,"67,7","20","9",Não informado,-10.12055304,-36.11213782,"-",29/11/2025,16/09/2025,,OAE<=20m (A1),1,,InCR
200186,Ponte sobre o Afluente do Rio Coruripe I,AL,349,"7,15","25,1","10",Não informado,-10.13748236,-36.17610666,"-",29/11/2025,16/09/2025,,20<OAE<=60m (A2),1,,InCR
130096,"Pontilhão km 14,28",PB,361,"14,28","4,6","10",Laje de concreto protendido,-7.04703333,-37.38198333,"4",19/03/2025,16/09/2025,,OAE<=20m (A1),6,,InR
130097,"Pontilhão km 104,74",PB,361,"104,74","4,6","10",Laje de concreto armado,-7.27938333,-38.07645,"3",19/03/2025,16/09/2025,,OAE<=20m (A1),8,OAC - Bueiro,InR
130126,"Passagem superior km 58,13",PB,101,"58,13","5,8","50,5",Laje de concreto armado,-6.98691667,-35.07311667,"4",19/03/2025,16/09/2025,,OAE<=20m (A1),18,,InR
130324,Passagem inferior,PB,101,"65,02","5,1","29",Não informado,-7.04242,-35.050039,"-",19/03/2025,16/09/2025,,OAE<=20m (A1),18,,InCR
40416,Ponte sobre o Riacho Caraíbas,PE,316,"318,13","35","8",Viga caixão de concreto protendido,-8.71892199,-38.49639695,"4",30/01/2025,16/09/2025,,20<OAE<=60m (A2),8,,InR
40417,Ponte sobre o Riacho Angicos,PE,316,"323,5","31","8",Viga de concreto armado,-8.73529515,-38.452506,"4",30/01/2025,16/09/2025,,20<OAE<=60m (A2),8,,InR
40415,Ponte sobre o Riacho do Espírito Santo,PE,316,"316,43","26","8",Viga de concreto armado,-8.70977168,-38.50879714,"3",30/01/2025,16/09/2025,,20<OAE<=60m (A2),8,,InR
40418,Ponte sobre o Riacho Caldeirão,PE,316,"327,7","20","8",Viga de concreto armado,-8.74268143,-38.41588812,"3",30/01/2025,16/09/2025,,OAE<=20m (A1),8,,InR
40471,Ponte sobre o Riacho Seco,PE,423,"111,28","8,1","10",Laje de concreto armado,-8.89446695,-36.62232903,"3",30/01/2025,16/09/2025,,OAE<=20m (A1),6,,InR
40474,Ponte sobre o Riacho das Lajes,PE,423,"145,54","16","10",Viga de concreto armado,-9.01201667,-36.8718,"3",30/01/2025,16/09/2025,,OAE<=20m (A1),6,,InR
40475,Ponte sobre o Riacho das Lajes,PE,423,"147,22","19","10",Viga de concreto armado,-9.02106667,-36.88411667,"3",30/01/2025,16/09/2025,,OAE<=20m (A1),6,,InR
40476,Ponte sobre o Rio Garanhuzinho,PE,423,"154,14","50,5","10",Viga de concreto armado,-9.05776599,-36.93892037,"2",30/01/2025,16/09/2025,,20<OAE<=60m (A2),6,,InR
40472,"Ponte km 135,26",PE,423,"135,26","11,5","10,1",Laje de concreto armado,-8.96281667,-36.7937,"2",30/01/2025,16/09/2025,,OAE<=20m (A1),6,,InR
40473,"Ponte km 142,51",PE,423,"142,51","11,7","10",Laje de concreto armado,-8.99636667,-36.84928333,"3",30/01/2025,16/09/2025,,OAE<=20m (A1),6,,InR
40477,Pontilhão sobre o Afluente do Rio Garanhuzinho I,PE,423,"154,92","5,7","14",Laje de concreto armado,-9.0617284,-36.94438652,"4",30/01/2025,16/09/2025,,OAE<=20m (A1),6,,InR
40478,Ponte sobre o Rio Salgadinho,PE,423,"156,64","8","10",Laje de concreto armado,-9.07270341,-36.95528333,"3",30/01/2025,16/09/2025,,OAE<=20m (A1),6,,InR
40479,"Ponte km 159,03",PE,423,"159,03","9,1","14",Laje de concreto armado,-9.08401667,-36.96931667,"4",30/01/2025,16/09/2025,,OAE<=20m (A1),6,,InR
40480,"Ponte km 162,39",PE,423,"162,39","9,1","10,9",Laje de concreto armado,-9.1021,-36.99388333,"4",30/01/2025,16/09/2025,,OAE<=20m (A1),6,,InR
40481,"Pontilhão km 166,27",PE,423,"166,27","3,6","14",Laje de concreto armado,-9.12636667,-37.01753333,"3",30/01/2025,16/09/2025,,OAE<=20m (A1),6,,InR
40557,"Pontilhão km 167,33",PE,423,"167,33","4,2","15",Laje de concreto armado,-9.12723333,-37.02711667,"2",30/01/2025,16/09/2025,,OAE<=20m (A1),6,,InR
40565,"Pontilhão km 162,62",PE,423,"162,62","14","3,6",Laje de concreto armado,-9.1033,-36.99556667,"3",30/01/2025,16/09/2025,,OAE<=20m (A1),6,,InR
140096,Ponte sobre o Afluente do Rio Apodi III,RN,226,"398,95","16","12",Laje de concreto armado,-6.12733649,-38.1132683,"4",18/03/2025,16/09/2025,,OAE<=20m (A1),9,,InR
140097,"Pontilhão km 402,99",RN,226,"402,99","5,8","12,5",Laje de concreto armado,-6.1158,-38.14758333,"4",18/03/2025,16/09/2025,,OAE<=20m (A1),9,OAC - Bueiro,InR
140098,Ponte sobre o Rio Apodi,RN,226,"409,12","190","12",Laje de concreto armado,-6.0954,-38.1973,"4",18/03/2025,16/09/2025,,120<OAE<=500m (A4),9,,InR
240044,Ponte Sobre o Igarapé Mapinguari,AC,364,"170,39","40","9,85",Viga de concreto armado,-9.76260769,-68.06365692,"4",12/05/2025,03/09/2025,,20<OAE<=60m (A2),3,,InR
240045,Ponte Sobre o Rio Forquilha,AC,364,"113,08","40","9,9",Viga de concreto armado,-10.01345,-67.6939,"4",12/05/2025,31/08/2025,,20<OAE<=60m (A2),1,,InR
200036,Ponte sobre o Rio Coruripe (LE),AL,101,"170,71","118","13,4",Viga de concreto protendido,-9.9103,-36.33225,"4",29/11/2025,17/09/2025,,60>OAE<=120m (A3),1,,InR
200061,Ponte sobre o Rio Coruripe (LD),AL,101,"170,72","70,8","19,3",Viga de concreto armado,-9.9097,-36.33218333,"2",29/11/2025,17/09/2025,,60>OAE<=120m (A3),1,,InR
200184,Ponte sobre o Rio Poxim,AL,349,"56,97","40","10",Não informado,-10.06115624,-36.05776368,"-",29/11/2025,17/09/2025,,20<OAE<=60m (A2),1,,InCR
200189,Ponte sobre o Rio Piauí,AL,349,"6,14","23,85","9",Não informado,-10.15109484,-36.36660664,"-",29/11/2025,17/09/2025,,20<OAE<=60m (A2),10,,InCR
40485,Ponte sobre o Rio Ipanema,PE,423,"181,54","206","13",Viga caixão de concreto protendido,-9.1349987,-37.15902409,"2",30/01/2025,17/09/2025,,120<OAE<=500m (A4),6,,InR
40486,Ponte sobre o Rio Tapera,PE,423,"186,52","110","12,9",Viga de concreto armado,-9.13318737,-37.20430429,"2",30/01/2025,17/09/2025,,60>OAE<=120m (A3),6,,InR
40487,Ponte sobre o Riacho Salobro,PE,423,"189,91","50,1","13,3",Viga caixão de concreto armado,-9.13429598,-37.23518737,"3",30/01/2025,17/09/2025,,20<OAE<=60m (A2),6,,InR
40488,Ponte sobre o Riacho Pedra Bola,PE,423,"195,7","45,9","13",Viga caixão de concreto armado,-9.13621677,-37.2878963,"3",30/01/2025,17/09/2025,,20<OAE<=60m (A2),6,,InR
40482,Pontilhão sobre o Afluente do Riacho Ribeira II,PE,423,"171,75","5,7","14",Laje de concreto armado,-9.12814694,-37.0706874,"2",30/01/2025,17/09/2025,,OAE<=20m (A1),6,,InR
40483,Pontilhão sobre o Afluente do Riacho Ribeira III,PE,423,"173,51","5,7","14",Laje de concreto armado,-9.12912486,-37.08669331,"3",30/01/2025,17/09/2025,,OAE<=20m (A1),6,,InR
40484,"Viaduto km 177,66",PE,423,"177,66","4","13",Laje de concreto armado,-9.13028333,-37.12058333,"3",30/01/2025,17/09/2025,,OAE<=20m (A1),6,,InR
40546,"Pontilhão km 169,01",PE,423,"169,01","3,6","14",Laje de concreto armado,-9.12713333,-37.04233333,"4",30/01/2025,17/09/2025,,OAE<=20m (A1),6,,InR
40547,"Pontilhão km 170,70",PE,423,"170,7","3,6","14",Laje de concreto armado,-9.12753333,-37.05755,"3",30/01/2025,17/09/2025,,OAE<=20m (A1),6,,InR
140099,Ponte sobre o Rio Cachoeirinha,RN,226,"416,7","49","12",Laje de concreto armado,-6.0905193,-38.24559819,"4",18/03/2025,17/09/2025,,20<OAE<=60m (A2),11,,InR
140100,Ponte sobre o Riacho do Cabelo,RN,226,"419,39","70,4","12,1",Laje de concreto armado,-6.07149347,-38.25978925,"4",18/03/2025,17/09/2025,,60>OAE<=120m (A3),11,,InR
240046,Ponte Sobre Igarapé Patos,AC,364,"211,5","14","8,8",Viga de concreto armado,-9.51152423,-68.33586955,"4",12/05/2025,04/09/2025,,OAE<=20m (A1),3,,InR
240047,Ponte sobre o Igarapé Limeira,AC,364,"252,93","41,4","8,8",Viga de concreto armado,-9.20370285,-68.54247623,"4",12/05/2025,04/09/2025,,20<OAE<=60m (A2),3,,InR
240048,Ponte sobre o Rio Antimari,AC,364,"214,78","57,4","8,8",Viga de concreto armado,-9.48939612,-68.35583089,"4",12/05/2025,04/09/2025,,20<OAE<=60m (A2),3,,InR
200063,Ponte sobre o Rio Itiúba (LD),AL,101,"233,96","69","11,5",Viga de concreto armado,-10.11571667,-36.76661667,"4",29/11/2025,18/09/2025,,60>OAE<=120m (A3),1,,InR
200070,Passagem Inferior Teotônio Vilela,AL,101,"172,72","9","19,7",Laje de concreto armado,-9.90935088,-36.33356505,"4",29/11/2025,18/09/2025,,OAE<=20m (A1),1,,InR
200073,Ponte sobre o Rio Itiúba (LE),AL,101,"236,16","70","13,65",Viga de concreto protendido,-10.11582195,-36.76650837,"4",29/11/2025,18/09/2025,,60>OAE<=120m (A3),1,,InR
40036,Ponte sobre o Rio Pajeú,PE,316,"303,27","220","9,3",Viga de concreto armado,-8.60826667,-38.57638333,"2",30/01/2025,18/09/2025,,120<OAE<=500m (A4),8,,InR
40414,Ponte sobre o Riacho do Navio,PE,316,"306,04","162","8",Viga caixão de concreto armado,-8.632951,-38.55584893,"3",30/01/2025,18/09/2025,,120<OAE<=500m (A4),8,,InR
40412,Ponte sobre o Riacho do Icó,PE,316,"296,03","46,5","8,3",Viga de concreto armado,-8.62012038,-38.62700099,"2",30/01/2025,18/09/2025,,20<OAE<=60m (A2),8,,InR
40409,Ponte sobre o Riacho Mocó,PE,316,"288,28","31,3","8,35",Viga de concreto armado,-8.64309835,-38.69355117,"1",30/01/2025,18/09/2025,,20<OAE<=60m (A2),8,,InR
40413,Ponte sobre o Riacho Oito Bocas,PE,316,"300,01","21,2","11,1",Laje de concreto armado,-8.60841807,-38.59279599,"3",30/01/2025,18/09/2025,,OAE<=20m (A1),8,,InR
40408,Pontilhão sobre o Riacho Caraíbas,PE,316,"287,33","5,8","11",Viga de concreto armado,-8.64593943,-38.70168969,"3",30/01/2025,18/09/2025,,OAE<=20m (A1),8,,InR
40411,Pontilhão sobre Riacho Pintadinha,PE,316,"293,79","5,8","11",Viga de concreto armado,-8.62678407,-38.64627579,"3",30/01/2025,18/09/2025,,OAE<=20m (A1),8,,InR
240049,Ponte Sobre o Rio Riozinho,AC,364,"33,06","59,6","9,8",Viga de concreto armado,-9.93833063,-67.03318244,"4",12/05/2025,21/08/2025,,20<OAE<=60m (A2),1,,InR
130268,Ponte sobre o Riacho Camuquim,PB,412,"83,55","30","13",Viga de concreto armado,-7.52948755,-36.71913401,"3",19/03/2025,19/09/2025,,20<OAE<=60m (A2),1,,InR
130279,Ponte sobre o Afluente do Riacho do Buraco I,PB,412,"91,02","29,9","13",Viga de concreto armado,-7.56759087,-36.77389745,"3",19/03/2025,19/09/2025,,20<OAE<=60m (A2),1,,InR
130280,Ponte sobre o Riacho do Angico,PB,412,"95,37","26","13",Viga de concreto armado,-7.59249208,-36.80390689,"3",19/03/2025,19/09/2025,,20<OAE<=60m (A2),1,,InR
40407,Ponte sobre o Riacho Cafundó,PE,316,"286,89","46","8,2",Viga de concreto armado,-8.64724003,-38.70548563,"2",30/01/2025,19/09/2025,,20<OAE<=60m (A2),8,,InR
40405,Ponte sobre o Riacho Bom Viver,PE,316,"277,85","21,8","8,3",Viga de concreto armado,-8.67808054,-38.79401457,"3",30/01/2025,19/09/2025,,OAE<=20m (A1),8,,InR
40403,Ponte sobre o Riacho Poção,PE,316,"274,93","17","8,3",Viga de concreto armado,-8.68295219,-38.80788257,"2",30/01/2025,19/09/2025,,OAE<=20m (A1),8,,InR
40402,Ponte sobre o Riacho Poço da Xícara,PE,316,"271,08","12,7","8,3",Viga de concreto armado,-8.69452651,-38.84079218,"4",30/01/2025,19/09/2025,,OAE<=20m (A1),8,,InR
40404,Ponte sobre o Riacho Fundo,PE,316,"276,4","13,4","8,3",Viga de concreto armado,-8.67853616,-38.79531435,"3",30/01/2025,19/09/2025,,OAE<=20m (A1),8,,InR
40406,Pontilhão sobre o Riacho do Boi,PE,316,"281,86","4,9","11",Laje de concreto armado,-8.66222004,-38.74862285,"4",30/01/2025,19/09/2025,,OAE<=20m (A1),8,,InR
40410,Pontilhão sobre o Afluente do Riacho do Icó,PE,316,"291,84","5,8","11",Viga de concreto armado,-8.63254357,-38.66299716,"4",30/01/2025,19/09/2025,,OAE<=20m (A1),8,,InR
140191,Ponte sobre o Rio Acauã II,RN,427,"0,88","98","5,1",Viga de concreto armado,-6.43959562,-36.63951212,"1",18/03/2025,19/09/2025,,60>OAE<=120m (A3),6,,InR
130079,Ponte sobre o Afluente do Rio do Peixe IV,PB,405,"39,81","8,85","11,8",Viga de concreto armado,-6.77689512,-38.42647071,"2",19/03/2025,20/09/2025,,OAE<=20m (A1),13,,InR
130082,Ponte sobre o Riacho Zé Dias,PB,405,"47,24","24,35","8",Viga de concreto armado,-6.83696033,-38.39826436,"3",19/03/2025,20/09/2025,,20<OAE<=60m (A2),13,,InR
130083,Ponte sobre o Afluente do Riacho Zé Dias,PB,405,"45,98","10,8","11,9",Viga de concreto armado,-6.82631678,-38.40409281,"3",19/03/2025,20/09/2025,,OAE<=20m (A1),13,,InR
140194,Pontilhão sobre o Afluente do Riacho Grande,RN,437,"0,61","3,6","6",Laje de concreto armado,-5.21569325,-37.50272082,"2",18/03/2025,20/09/2025,,OAE<=20m (A1),12,,InR
240051,Ponte sobre o Rio Iquiri,AC,364,"94,02","120","9,8",Laje de concreto armado,-10.0792,-67.54338333,"4",12/05/2025,21/08/2025,,60>OAE<=120m (A3),1,,InR
240052,Ponte sobre o Rio Iaco,AC,364,"272,51","180","9,3",Mista (viga metálica e laje de concreto),-9.08118333,-68.66083333,"3",12/05/2025,07/09/2025,,120<OAE<=500m (A4),3,,InR
240053,Ponte sobre o Igarapé do Grande,AC,317,"402,04","29,8","10,6",Viga de concreto armado,-10.91718502,-69.54609554,"4",12/05/2025,27/08/2025,,20<OAE<=60m (A2),2,,InR
240054,Ponte sobre o Igarapé Entroncamento,AC,317,"287,11","32,3","9,8",Viga de concreto armado,-11.02799293,-68.69722743,"4",12/05/2025,23/08/2025,,20<OAE<=60m (A2),2,,InR
200178,Passarela São Miguel dos Campos I,AL,101,"136,91","0","-",Não informado,-9.798513,-36.110316,"-",29/11/2025,22/09/2025,,OAE<=20m (A1),1,Passarela,InCR
200179,Passarela,AL,101,"158,3","0","-",Não informado,-9.90438,-36.2207,"-",29/11/2025,22/09/2025,,OAE<=20m (A1),1,Passarela,InCR
200187,Ponte sobre o Afluente do Rio Coruripe II,AL,349,"76,3","30,2","10",Não informado,-10.14016951,-36.1763144,"-",29/11/2025,22/09/2025,,20<OAE<=60m (A2),1,,InCR
130254,Ponte sobre o Riacho do Buraco,PB,412,"96,57","40","13",Viga de concreto armado,-7.60024439,-36.81128399,"3",19/03/2025,22/09/2025,,20<OAE<=60m (A2),1,,InR
130285,Ponte sobre o Afluente do Rio Sucuru II,PB,412,"122,71","34","13",Viga de concreto armado,-7.75228683,-36.98023073,"4",19/03/2025,22/09/2025,,20<OAE<=60m (A2),1,,InR
40399,Ponte sobre o Riacho Retiro,PE,316,"266,15","30,2","8,3",Viga de concreto armado,-8.71032628,-38.88259686,"2",30/01/2025,22/09/2025,,20<OAE<=60m (A2),8,,InR
40398,Ponte sobre o Riacho Mocó,PE,316,"266,29","21","8,3",Viga de concreto armado,-8.71515,-38.89183333,"4",30/01/2025,22/09/2025,,OAE<=20m (A1),8,,InR
40400,Ponte sobre o Riacho Umbuzeirol,PE,316,"268,64","21","8,3",Viga de concreto armado,-8.70585,-38.87276667,"4",30/01/2025,22/09/2025,,OAE<=20m (A1),8,,InR
40396,Ponte sobre o Riacho Gavião,PE,316,"263,24","17","8,3",Viga de concreto protendido,-8.72785,-38.91641667,"4",30/01/2025,22/09/2025,,OAE<=20m (A1),8,,InR
40397,Ponte sobre o Riacho Venezuela,PE,316,"265,32","13","8,3",Viga de concreto armado,-8.7192,-38.89966667,"4",30/01/2025,22/09/2025,,OAE<=20m (A1),8,,InR
40393,"Pontilhão km 256,98",PE,316,"256,98","4","7,3",Laje de concreto armado,-8.7404,-38.96008333,"4",30/01/2025,,22/09/2025,OAE<=20m (A1),8,OAC - Bueiro,InR
40401,"Ponte km 268,83",PE,316,"268,83","7,7","8,3",Viga de concreto armado,-8.70526667,-38.87113333,"3",30/01/2025,22/09/2025,,OAE<=20m (A1),8,,InR
40468,"Ponte km 92,31",PE,423,"92,31","10","10",Laje de concreto armado,-8.86453333,-36.46293333,"2",30/01/2025,22/09/2025,,OAE<=20m (A1),6,,InR
40469,"Viaduto km 94,32",PE,423,"94,32","17,9","13",Laje de concreto armado,-8.87613333,-36.47296667,"4",30/01/2025,22/09/2025,,OAE<=20m (A1),6,,InR
140128,Ponte sobre o Rio Tapuio,RN,405,"49,2","40","12,9",Viga de concreto armado,-5.45455,-37.67133333,"4",18/03/2025,22/09/2025,,20<OAE<=60m (A2),12,,InR
140129,Ponte sobre o Córrego do Apodi,RN,405,"77,87","21,5","22",Laje de concreto armado,-5.66778333,-37.7929,"4",18/03/2025,22/09/2025,,OAE<=20m (A1),12,,InR
140142,Ponte sobre o Riacho do Bonsucesso,RN,405,"31,35","40","12,9",Viga de concreto armado,-5.32380171,-37.57644321,"3",18/03/2025,22/09/2025,,20<OAE<=60m (A2),12,,InR
140143,Pontilhão sobre o Riacho das Melancias,RN,405,"92,76","5,8","7",Laje de concreto armado,-5.75000665,-37.87731792,"3",18/03/2025,22/09/2025,,OAE<=20m (A1),12,,InR
240055,Ponte sobre o Igarapé São Pedro,AC,317,"399,29","55","10,55",Viga caixão de concreto armado,-10.89876667,-69.52226667,"4",12/05/2025,26/08/2025,,20<OAE<=60m (A2),2,,InR
240056,Ponte sobre o Igarapé Barra,AC,317,"274,58","50","10",Viga de concreto armado,-10.9699733,-68.61783414,"4",12/05/2025,22/08/2025,,20<OAE<=60m (A2),2,,InR
240057,Ponte sobre o Igarapé Lagoinha,AC,364,"736","74,5","8,75",Viga de concreto armado,-7.74021667,-72.4953,"3",12/05/2025,22/09/2025,,60>OAE<=120m (A3),3,,InR
240058,Ponte sobre o Igarapé Bagaço,AC,317,"48,49","29,5","10,95",Viga de concreto armado,-9.94326667,-67.49023333,"4",12/05/2025,21/08/2025,,20<OAE<=60m (A2),1,,InR
130284,Ponte sobre o Rio Gurjão,PB,412,"43,21","67","13",Viga de concreto armado,-7.33821374,-36.43037027,"3",19/03/2025,23/09/2025,,60>OAE<=120m (A3),1,,InR
40041,Ponte sobre o Riacho do Peixe,PE,104,"82,2","14,5","10",Viga de concreto armado,-8.41848651,-35.96519298,"3",30/01/2025,23/09/2025,,OAE<=20m (A1),4,,InR
40050,Pontilhão sobre o Riacho Brejo Novo,PE,104,"72,17","5","10",Viga de concreto armado,-8.33318333,-35.98151667,"3",30/01/2025,,23/09/2025,OAE<=20m (A1),4,OAC - Bueiro,InR
40459,Viaduto sobre a BR-232,PE,423,"18,21","67,6","16,2",Viga de concreto armado,-8.3294,-36.1464,"4",30/01/2025,23/09/2025,,60>OAE<=120m (A3),6,,InR
40749,Passarela da Ceasa,PE,101,"70,45","49,8","-",Viga de concreto armado,-8.07133333,-34.94271667,"-",30/01/2025,23/09/2025,,20<OAE<=60m (A2),1,Passarela,InCR
40743,Passarela Ribeirão,PE,101,"150,7","23,12","-",Viga de concreto armado,-8.5086,-35.37585,"-",30/01/2025,23/09/2025,,20<OAE<=60m (A2),1,Passarela,InCR
40395,Ponte sobre o Riacho Guarida III,PE,316,"261,32","21","8,3",Viga de concreto armado,-8.73583333,-38.93185,"3",30/01/2025,23/09/2025,,OAE<=20m (A1),8,,InR
40394,Ponte sobre o Riacho Guarida I,PE,316,"261,05","11,4","8,3",Viga de concreto armado,-8.73696667,-38.93406667,"3",30/01/2025,23/09/2025,,OAE<=20m (A1),8,,InR
40460,Ponte sobre o Rio Una,PE,423,"38,55","40,3","10",Viga de concreto armado,-8.48802807,-36.23080182,"2",30/01/2025,23/09/2025,,20<OAE<=60m (A2),6,,InR
40464,Ponte sobre o Rio da Chata,PE,423,"71,86","10,2","10",Viga de concreto armado,-8.69711312,-36.41374816,"4",30/01/2025,23/09/2025,,OAE<=20m (A1),6,,InR
40466,Ponte sobre o Rio Canhoto,PE,423,"83,92","11,2","10",Laje de concreto armado,-8.79755,-36.43786667,"2",30/01/2025,23/09/2025,,OAE<=20m (A1),6,,InR
40388,Ponte sobre o Riacho Macambira,PE,316,"250,7","10,5","15,4",Laje de concreto armado,-8.68458333,-38.97006667,"4",30/01/2025,,23/09/2025,OAE<=20m (A1),8,OAC - Bueiro,InR
40389,Ponte sobre o Riacho Primavera,PE,316,"251,75","10,5","15,4",Viga de concreto armado,-8.69396667,-38.96825,"4",30/01/2025,,23/09/2025,OAE<=20m (A1),8,OAC - Bueiro,InR
40390,Ponte sobre o Riacho Corredor,PE,316,"253,65","10,5","15,4",Laje de concreto armado,-8.71076667,-38.96503333,"4",30/01/2025,,23/09/2025,OAE<=20m (A1),8,OAC - Bueiro,InR
40461,Ponte sobre o Rio Quatis,PE,423,"47,75","10,3","14",Laje de concreto armado,-8.5553,-36.2744,"3",30/01/2025,23/09/2025,,OAE<=20m (A1),6,,InR
40386,"Pontilhão km 248,29",PE,316,"248,29","3,3","12,35",Laje de concreto armado,-8.67081667,-38.98428333,"3",30/01/2025,,23/09/2025,OAE<=20m (A1),8,OAC - Bueiro,InR
40387,"Pontilhão km 249,23",PE,316,"249,23","3,7","11",Laje de concreto armado,-8.67465,-38.9767,"4",30/01/2025,,23/09/2025,OAE<=20m (A1),8,OAC - Bueiro,InR
40391,"Pontilhão km 255,86",PE,316,"255,86","4","7,3",Laje de concreto armado,-8.73035,-38.96153333,"4",30/01/2025,,23/09/2025,OAE<=20m (A1),8,OAC - Bueiro,InR
40392,"Pontilhão km 256,25",PE,316,"256,25","4,5","13,2",Laje de concreto armado,-8.73383333,-38.96105,"4",30/01/2025,,23/09/2025,OAE<=20m (A1),8,OAC - Bueiro,InR
40465,Ponte sobre o Afluente do Rio Canhoto,PE,423,"78,13","12,3","10",Viga de concreto armado,-8.74841619,-36.43133516,"4",30/01/2025,23/09/2025,,OAE<=20m (A1),6,,InR
40467,"Pontilhão km 87,75",PE,423,"87,75","3,5","14",Laje de concreto armado,-8.82781667,-36.45161667,"2",30/01/2025,,23/09/2025,OAE<=20m (A1),6,OAC - Bueiro,InR
40462,Pontilhão sobre o Riacho Doce,PE,423,"55,98","3,5","14",Laje de concreto armado,-8.62383333,-36.30146667,"4",30/01/2025,23/09/2025,,OAE<=20m (A1),6,,InR
40463,Pontilhão sobre o Riacho Doce,PE,423,"58,22","3,5","14",Laje de concreto armado,-8.64111667,-36.31136667,"3",30/01/2025,23/09/2025,,OAE<=20m (A1),6,,InR
40605,"Pontilhão km 248,76",PE,316,"248,76","3,3","12,4",Laje de concreto armado,-8.67273333,-38.98048333,"3",30/01/2025,,23/09/2025,OAE<=20m (A1),8,OAC - Bueiro,InR
140130,Ponte sobre o Rio Malhada Vermelha,RN,405,"98,7","22","8",Viga de concreto armado,-5.78668333,-37.91383333,"3",18/03/2025,23/09/2025,,OAE<=20m (A1),12,,InR
140131,Ponte sobre o Afluente do Riacho dos Cavalos,RN,405,"107,38","11,7","6,1",Viga de concreto armado,-5.8296471,-37.97762257,"2",18/03/2025,23/09/2025,,OAE<=20m (A1),12,,InR
140132,Ponte sobre o Riacho Conselho,RN,405,"127,75","22","8",Viga de concreto armado,-5.94258074,-38.11711261,"4",18/03/2025,23/09/2025,,OAE<=20m (A1),12,,InR
140133,Ponte sobre o Riacho da Caiçara,RN,405,"130,35","11","8",Viga de concreto armado,-5.96254023,-38.12757518,"4",18/03/2025,23/09/2025,,OAE<=20m (A1),12,,InR
240059,Ponte sobre o Rio Andirá,AC,364,"178,79","60,6","9,95",Viga de concreto armado,-9.72265,-68.12875,"4",12/05/2025,31/08/2025,,20<OAE<=60m (A2),3,,InR
200035,Ponte sobre o Rio Jequiá (LD),AL,101,"148,18","342","10",Viga de concreto armado,-9.89116667,-36.13551667,"4",29/11/2025,24/09/2025,,120<OAE<=500m (A4),1,,InR
200037,Ponte sobre o Rio São Miguel (LD),AL,101,"133,46","100","13,7",Viga de concreto armado,-9.77416667,-36.1061,"4",29/11/2025,24/09/2025,,60>OAE<=120m (A3),1,,InR
200038,Ponte sobre o Rio São Miguel (LE),AL,101,"133,45","100,5","10",Viga de concreto armado,-9.77409619,-36.10578499,"2",29/11/2025,24/09/2025,,60>OAE<=120m (A3),1,,InR
200148,Ponte sobre o Rio Jequiá (LE),AL,101,"148,18","352","13,7",Viga de concreto protendido,-9.89123333,-36.13541667,"3",29/11/2025,24/09/2025,,120<OAE<=500m (A4),1,,InR
130022,"Ponte km 35,25",PB,405,"35,25","8,7","6,9",Viga de concreto armado,-6.7375,-38.44568333,"1",19/03/2025,24/09/2025,,OAE<=20m (A1),13,,InR
130075,Ponte sobre o Rio do Peixe,PB,405,"34,75","61,2","8,3",Viga de concreto armado,-6.73311667,-38.44766667,"2",19/03/2025,24/09/2025,,20<OAE<=60m (A2),13,,InR
130077,"Ponte km 39,61",PB,405,"39,61","10,85","11,9",Viga de concreto armado,-6.77518333,-38.42733333,"3",19/03/2025,24/09/2025,,OAE<=20m (A1),13,,InR
130090,"Ponte km 37,41",PB,405,"37,41","10,8","11,9",Viga de concreto armado,-6.75625,-38.43661667,"4",19/03/2025,24/09/2025,,OAE<=20m (A1),13,,InR
40042,Ponte sobre o Rio do Una,PE,104,"91,36","88,6","10",Viga de concreto armado,-8.49369171,-35.94749781,"3",30/01/2025,24/09/2025,,60>OAE<=120m (A3),4,,InR
40052,Ponte sobre o Rio da Chatas,PE,104,"93,24","59,4","10",Viga de concreto protendido,-8.50994093,-35.94383313,"3",30/01/2025,24/09/2025,,20<OAE<=60m (A2),4,,InR
40053,Ponte sobre o Rio Panelas,PE,104,"105,36","35","10",Viga de concreto armado,-8.61107602,-35.96606725,"3",30/01/2025,24/09/2025,,20<OAE<=60m (A2),4,,InR
40748,Passarela do Colégio Militar do Recife,PE,101,"69,13","50,8","-",Viga de concreto armado,-8.0603,-34.94593333,"-",30/01/2025,24/09/2025,,20<OAE<=60m (A2),1,Passarela,InCR
40044,Ponte sobre o Rio Panelas II,PE,104,"110,86","43,7","10,1",Viga de concreto armado,-8.62939869,-36.01099385,"3",30/01/2025,24/09/2025,,20<OAE<=60m (A2),4,,InR
40051,Ponte sobre o Riacho da Lagoa,PE,104,"89,31","30,8","10,1",Viga de concreto armado,-8.47551992,-35.94377409,"3",30/01/2025,24/09/2025,,20<OAE<=60m (A2),4,,InR
40383,Ponte sobre o Riacho Tombori I,PE,316,"247,23","21,2","8,2",Viga de concreto armado,-8.66648333,-38.9928,"3",30/01/2025,24/09/2025,,OAE<=20m (A1),8,,InR
40250,Ponte sobre o Rio Beberibe (LE),PE,101,"58,88","18,2","9,4",Viga caixão de concreto armado,-7.97653333,-34.92511667,"3",30/01/2025,24/09/2025,,OAE<=20m (A1),1,,InR
40249,Ponte sobre o Rio Beberibe (LD),PE,101,"58,88","17,5","8,5",Viga de concreto armado,-7.97636667,-34.9252,"2",30/01/2025,24/09/2025,,OAE<=20m (A1),1,,InR
40384,Ponte sobre o Riacho Tombori II,PE,316,"247,5","17","8,3",Viga de concreto armado,-8.66756667,-38.99066667,"3",30/01/2025,24/09/2025,,OAE<=20m (A1),8,,InR
40385,Ponte sobre o Riacho Tombori III,PE,316,"247,69","17","8,3",Viga de concreto armado,-8.66835,-38.9891,"3",30/01/2025,24/09/2025,,OAE<=20m (A1),8,,InR
40380,Ponte sobre o Riacho das Pedras,PE,316,"242,9","11,4","8,3",Viga de concreto armado,-8.64878333,-39.02775,"3",30/01/2025,24/09/2025,,OAE<=20m (A1),8,,InR
40043,Ponte sobre o Rio Riachão,PE,104,"100,27","11,25","10,1",Laje de concreto armado,-8.56904276,-35.94974323,"4",30/01/2025,24/09/2025,,OAE<=20m (A1),4,,InR
40379,Ponte sobre o Riacho Rodia,PE,316,"240,91","9,6","8,3",Viga de concreto armado,-8.64066667,-39.04376667,"3",30/01/2025,24/09/2025,,OAE<=20m (A1),8,,InR
40381,"Pontilhão km 244,66",PE,316,"244,66","3,6","11",Laje de concreto armado,-8.65598333,-39.01356667,"4",30/01/2025,24/09/2025,,OAE<=20m (A1),8,OAC - Bueiro,InR
40382,"Pontilhão km 246,25",PE,316,"246,25","5,7","11",Viga de concreto armado,-8.6624,-39.00065,"4",30/01/2025,24/09/2025,,OAE<=20m (A1),8,,InR
40251,Ponte sobre o Rio Morno,PE,101,"60,53","6,9","15,25",Viga de concreto armado,-7.98723333,-34.93368333,"3",30/01/2025,24/09/2025,,OAE<=20m (A1),1,,InR
40578,Ponte inservível sobre o Rio Riachão,PE,104,"100,27","15,9","8,3",Viga de concreto armado,-8.56913866,-35.94961014,"2",30/01/2025,24/09/2025,,OAE<=20m (A1),4,,InR
140134,Ponte sobre o Riacho do Cabelo,RN,405,"143,3","33,1","8",Viga de concreto armado,-6.04842622,-38.19820208,"3",18/03/2025,24/09/2025,,20<OAE<=60m (A2),12,,InR
140135,"Ponte km 144,06",RN,405,"144,06","8,8","8",Viga de concreto armado,-6.0548,-38.20048333,"4",18/03/2025,24/09/2025,,OAE<=20m (A1),12,,InR
140136,Ponte sobre o Riacho Catolezinho,RN,405,"171,14","9,9","10,8",Laje de concreto armado,-6.28086309,-38.2619452,"2",18/03/2025,24/09/2025,,OAE<=20m (A1),10,,InR
140137,"Ponte km 175,56",RN,405,"175,56","10,1","10,8",Laje de concreto armado,-6.31395,-38.28413333,"4",18/03/2025,24/09/2025,,OAE<=20m (A1),10,,InR
240062,Ponte sobre o Rio Acre,AC,317,"407,36","241","16,9",Viga caixão de concreto protendido,-10.94028333,-69.57685,"4",12/05/2025,29/08/2025,,120<OAE<=500m (A4),2,,InR
200030,"Viaduto km 130,28",AL,101,"130,28","60","12,8",Viga de concreto protendido,-9.75591667,-36.06843333,"4",29/11/2025,25/09/2025,,20<OAE<=60m (A2),1,,InR
200151,Viaduto São Miguel dos Campos II (LE),AL,101,"130,55","15","12",Laje de concreto armado,-9.76513325,-36.07362826,"4",29/11/2025,25/09/2025,,OAE<=20m (A1),1,,InR
40045,Ponte sobre o Rio Palmares,PE,104,"113,04","30,3","10",Viga de concreto armado,-8.64692959,-36.01503437,"3",30/01/2025,25/09/2025,,20<OAE<=60m (A2),4,,InR
40054,Ponte sobre o Rio Panelas IV,PE,104,"112,23","46,3","9,8",Viga de concreto armado,-8.6396789,-36.01543374,"4",30/01/2025,25/09/2025,,20<OAE<=60m (A2),4,,InR
40047,Viaduto sobre Ferrovia Quipapá,PE,104,"140,83","14,45","10",Viga de concreto armado,-8.85439255,-36.03015122,"3",30/01/2025,25/09/2025,,OAE<=20m (A1),4,,InR
40055,Ponte sobre o Rio Panelas III,PE,104,"114,68","20,3","10",Viga de concreto armado,-8.66161384,-36.01456891,"3",30/01/2025,25/09/2025,,OAE<=20m (A1),4,,InR
40056,Ponte sobre o Rio Pirangi,PE,104,"138,5","29,7","10",Viga de concreto protendido,-8.83553647,-36.03747862,"4",30/01/2025,25/09/2025,,20<OAE<=60m (A2),4,,InR
40046,Ponte sobre o Riacho da Areia,PE,104,"134,89","46,1","8,45",Viga de concreto armado,-8.81960694,-36.01677173,"3",30/01/2025,25/09/2025,,20<OAE<=60m (A2),4,,InR
40256,Ponte sobre o Rio Paratibe (LE),PE,101,"54,5","27,2","13",Viga caixão de concreto armado,-7.94350141,-34.9042651,"2",30/01/2025,25/09/2025,,20<OAE<=60m (A2),1,,InR
40255,Ponte sobre o Rio Paratibe (LD),PE,101,"54,5","25,7","8,5",Viga de concreto armado,-7.94349536,-34.90438275,"1",30/01/2025,25/09/2025,,20<OAE<=60m (A2),1,,InR
40247,Viaduto sobre a PE-101 (LD),PE,101,"54,78","30,1","9,2",Viga caixão de concreto armado,-7.94582031,-34.90490665,"3",30/01/2025,25/09/2025,,20<OAE<=60m (A2),1,,InR
40248,Viaduto sobre a PE-101 (LE),PE,101,"54,77","30,1","9,2",Viga caixão de concreto armado,-7.94587837,-34.90476848,"4",30/01/2025,25/09/2025,,20<OAE<=60m (A2),1,,InR
40375,Ponte sobre o Riacho Mulungu I,PE,316,"237,73","17","8,3",Viga de concreto armado,-8.62763333,-39.06948333,"3",30/01/2025,25/09/2025,,OAE<=20m (A1),8,,InR
40376,Ponte sobre o Riacho Mulungu II,PE,316,"238,03","17","8,2",Viga de concreto armado,-8.62886667,-39.06705,"3",30/01/2025,25/09/2025,,OAE<=20m (A1),8,,InR
40377,Ponte sobre o Riacho Mulungu III,PE,316,"238,14","17","8,3",Viga de concreto armado,-8.62933333,-39.06613333,"3",30/01/2025,25/09/2025,,OAE<=20m (A1),8,,InR
40003,Ponte sobre o Riacho Vaca Morta,PE,316,"238,1","11,5","8,3",Viga de concreto armado,-8.63438044,-39.05622533,"2",30/01/2025,25/09/2025,,OAE<=20m (A1),8,,InR
40583,Ponte Inservível sobre o Riacho do Dunga,PE,424,"125,58","11,2","5,3",Viga de concreto armado,-9.0924714,-36.38831258,"2",30/01/2025,25/09/2025,,OAE<=20m (A1),5,,InR
40362,"Pontilhão km 226,84",PE,316,"226,84","3","11",Laje de concreto armado,-8.58323333,-39.15731667,"3",30/01/2025,,25/09/2025,OAE<=20m (A1),8,OAC - Bueiro,InR
40366,"Pontilhão km 230,22",PE,316,"230,22","3","11",Laje de concreto armado,-8.59698333,-39.13006667,"4",30/01/2025,,25/09/2025,OAE<=20m (A1),8,OAC - Bueiro,InR
40367,"Pontilhão km 231,25",PE,316,"231,25","2,5","11",Laje de concreto armado,-8.60121667,-39.1217,"3",30/01/2025,,25/09/2025,OAE<=20m (A1),8,OAC - Bueiro,InR
40368,"Pontilhão km 231,77",PE,316,"231,77","2,5","11",Laje de concreto armado,-8.60331667,-39.11756667,"3",30/01/2025,,25/09/2025,OAE<=20m (A1),8,OAC - Bueiro,InR
40369,"Pontilhão km 232,82",PE,316,"232,82","2,5","11",Laje de concreto armado,-8.60763333,-39.10908333,"3",30/01/2025,,25/09/2025,OAE<=20m (A1),8,OAC - Bueiro,InR
40370,"Pontilhão km 233,64",PE,316,"233,64","3,6","11",Laje de concreto armado,-8.61096667,-39.10243333,"3",30/01/2025,,25/09/2025,OAE<=20m (A1),8,OAC - Bueiro,InR
40371,"Pontilhão km 234,83",PE,316,"234,83","2,5","11",Laje de concreto armado,-8.61581667,-39.09286667,"4",30/01/2025,,25/09/2025,OAE<=20m (A1),8,OAC - Bueiro,InR
40372,"Pontilhão km 235,19",PE,316,"235,19","2,5","11",Laje de concreto armado,-8.6173,-39.08995,"4",30/01/2025,,25/09/2025,OAE<=20m (A1),8,OAC - Bueiro,InR
40374,"Pontilhão km 237,31",PE,316,"237,31","3,6","11",Laje de concreto armado,-8.62593333,-39.07286667,"3",30/01/2025,,25/09/2025,OAE<=20m (A1),8,OAC - Bueiro,InR
40611,"Pontilhão km 234,53",PE,316,"234,53","2,5","11,4",Laje de concreto armado,-8.6146,-39.09523333,"4",30/01/2025,,25/09/2025,OAE<=20m (A1),8,OAC - Bueiro,InR
240132,Ponte sobre o Igarapé Salão,AC,364,"2,96","42","9,9",Viga de concreto armado,-8.8273,-69.29755,"4",12/05/2025,01/09/2025,,20<OAE<=60m (A2),3,,InR
240133,Ponte sobre o Igarapé Salão,AC,364,"4,89","42","9,9",Viga de concreto armado,-8.82846667,-69.28201667,"4",12/05/2025,01/09/2025,,20<OAE<=60m (A2),3,,InR
200156,Viaduto São Miguel dos Campos II (LD),AL,101,"130,55","15","13",Laje de concreto armado,-9.76506172,-36.07376732,"4",29/11/2025,26/09/2025,,OAE<=20m (A1),1,,InR
200163,Viaduto São Miguel dos Campos I (LD),AL,101,"127,88","15","12",Laje de concreto armado,-9.7405768,-36.06072797,"4",29/11/2025,26/09/2025,,OAE<=20m (A1),1,,InR
200164,Viaduto São Miguel dos Campos I (LE),AL,101,"128,07","15","12",Laje de concreto armado,-9.7406491,-36.06058949,"4",29/11/2025,26/09/2025,,OAE<=20m (A1),1,,InR
130128,Ponte sobre o Riacho do Catolé,PB,361,"65,12","60,8","10",Viga de concreto armado,-7.21135,-37.76731667,"3",19/03/2025,26/09/2025,,20<OAE<=60m (A2),6,,InR
130149,Ponte sobre o Rio Piancó,PB,361,"85,18","168,7","5,9",Viga de concreto armado,-7.20586667,-37.92863333,"1",19/03/2025,26/09/2025,,120<OAE<=500m (A4),8,,InR
40360,Ponte sobre o Riacho Ipueira I,PE,316,"222,07","13,5","8,3",Viga de concreto armado,-8.56871045,-39.1859723,"3",30/01/2025,26/09/2025,,OAE<=20m (A1),8,,InR
40361,Ponte sobre o Riacho Angico,PE,316,"224,11","11,4","8,3",Viga de concreto armado,-8.5770794,-39.16942515,"3",30/01/2025,26/09/2025,,OAE<=20m (A1),8,,InR
40353,"Pontilhão km 218,54",PE,316,"218,54","3,7","11",Laje de concreto armado,-8.54938333,-39.2243,"3",30/01/2025,26/09/2025,,OAE<=20m (A1),8,OAC - Bueiro,InR
40354,"Pontilhão km 219,08",PE,316,"219,08","3,7","11",Laje de concreto armado,-8.55158333,-39.21993333,"4",30/01/2025,,26/09/2025,OAE<=20m (A1),8,OAC - Bueiro,InR
40355,Pontilhão sobre o Afluente do Riacho Ouricuri II,PE,316,"218,3","5,1","11,1",Laje de concreto armado,-8.55328969,-39.21651606,"3",30/01/2025,26/09/2025,,OAE<=20m (A1),8,,InR
40356,Pontilhão sobre o Afluente do Riacho Ouricuri I,PE,316,"218,72","5","11",Laje de concreto armado,-8.55501258,-39.21310463,"3",30/01/2025,26/09/2025,,OAE<=20m (A1),8,,InR
40357,"Pontilhão km 220,49",PE,316,"220,49","2,6","11",Laje de concreto armado,-8.55733333,-39.20856667,"3",30/01/2025,,26/09/2025,OAE<=20m (A1),8,OAC - Bueiro,InR
40358,"Pontilhão km 220,69",PE,316,"220,69","3,7","11",Laje de concreto armado,-8.55813333,-39.20696667,"4",30/01/2025,,26/09/2025,OAE<=20m (A1),8,OAC - Bueiro,InR
40359,"Pontilhão km 221,94",PE,316,"221,94","2,5","11",Laje de concreto armado,-8.56321667,-39.19688333,"4",30/01/2025,,26/09/2025,OAE<=20m (A1),8,OAC - Bueiro,InR
140189,Pontilhão sobre o Rio do Mundo,RN,406,"154,37","4,7","8,3",Laje de concreto armado,-5.67345,-35.40351667,"2",18/03/2025,26/09/2025,,OAE<=20m (A1),3,,InR
240134,Ponte sobre o Rio Juruá,AC,307,"189,31","550,8","19,7",Estaiada com vigamento metálico,-7.64268333,-72.66656667,"4",12/05/2025,24/09/2025,,500<OAE<=1000m (A5),3,,InR
40008,Pontilhão sobre o Afluente do São Fransisco II,PE,428,"6,75","11,5","8,3",Viga de concreto armado,-8.52085364,-39.28064126,"1",30/01/2025,29/09/2025,,OAE<=20m (A1),9,,InR
40306,Ponte sobre o Riacho Carapotós I (LE),PE,104,"43,33","30","12",Viga de concreto armado,-8.10825402,-36.01991817,"4",30/01/2025,29/09/2025,,20<OAE<=60m (A2),4,,InR
40305,Ponte sobre o Riacho Carapotós I (LD),PE,104,"43,33","30,3","11,8",Viga de concreto armado,-8.1085798,-36.02027382,"4",30/01/2025,29/09/2025,,20<OAE<=60m (A2),4,,InR
40314,Ponte sobre o Riacho Carapotós II (LE),PE,104,"51,97","24,6","12",Viga de concreto protendido,-8.16778858,-35.97744889,"4",30/01/2025,29/09/2025,,20<OAE<=60m (A2),4,,InR
40313,Ponte sobre o Riacho Carapotós (LD),PE,104,"52,32","24","12",Viga de concreto armado,-8.1679,-35.97756667,"4",30/01/2025,29/09/2025,,20<OAE<=60m (A2),4,,InR
40221,"Ponte km 36,75 (LE)",PE,104,"36,75","7","18",Laje de concreto armado,-8.0583,-36.048,"4",30/01/2025,,29/09/2025,OAE<=20m (A1),4,OAC - Bueiro,InR
40246,"Viaduto km 52,68",PE,101,"52,68","71,9","9,2",Viga caixão de concreto armado,-7.92881667,-34.89905,"2",30/01/2025,29/09/2025,,60>OAE<=120m (A3),1,,InR
40302,Ponte sobre o Afluente do Rio Capibaribe IX (LD),PE,104,"33,93","30","11,9",Viga de concreto armado,-8.0349523,-36.05251005,"3",30/01/2025,29/09/2025,,20<OAE<=60m (A2),4,,InR
40303,Ponte sobre o Afluente do Rio Capibaribe IX (LE),PE,104,"33,93","30","12",Viga de concreto armado,-8.03492706,-36.05236677,"4",30/01/2025,29/09/2025,,20<OAE<=60m (A2),4,,InR
40304,"Viaduto km 64,09 (LE)",PE,104,"64,09","60,8","11,4",Viga de concreto armado,-8.26698333,-35.97851667,"4",30/01/2025,29/09/2025,,20<OAE<=60m (A2),4,,InR
40307,"Viaduto km 64,10 (LD)",PE,104,"64,1","60,8","11,8",Viga de concreto protendido,-8.26693333,-35.97865,"4",30/01/2025,29/09/2025,,20<OAE<=60m (A2),4,,InR
40308,"Viaduto km 65,88 (LD)",PE,104,"65,88","60,4","11,8",Viga de concreto protendido,-8.28198333,-35.98138333,"4",30/01/2025,29/09/2025,,20<OAE<=60m (A2),4,,InR
40309,"Viaduto km 65,88 (LE)",PE,104,"65,88","60,4","12,1",Viga caixão de concreto protendido,-8.28201667,-35.98126667,"4",30/01/2025,29/09/2025,,20<OAE<=60m (A2),4,,InR
40312,Ponte sobre o Afluente do Rio Capibaribe X,PE,104,"36,76","7,2","14,1",Laje de concreto armado,-8.05833239,-36.04827693,"3",30/01/2025,29/09/2025,,OAE<=20m (A1),4,,InR
40325,"Viaduto km 65,15 (LD)",PE,104,"65,15","60,8","12,2",Viga de concreto armado,-8.2756,-35.98213333,"4",30/01/2025,29/09/2025,,20<OAE<=60m (A2),4,,InR
40326,"Viaduto km 65,15 (LE)",PE,104,"65,15","60,8","11,3",Viga de concreto armado,-8.2755,-35.98198333,"4",30/01/2025,29/09/2025,,20<OAE<=60m (A2),4,,InR
40365,Pontilhão sobre o Riacho Ipueira I,PE,316,"228,28","4,9","11",Laje de concreto armado,-8.59416041,-39.13569218,"4",30/01/2025,29/09/2025,,OAE<=20m (A1),8,,InR
40494,Ponte sobre o Afluente do Riacho da Cachoeira I,PE,428,"8,93","12","8,3",Viga de concreto armado,-8.51217968,-39.29828942,"3",30/01/2025,29/09/2025,,OAE<=20m (A1),9,,InR
40495,Ponte sobre o Afluente do Riacho da Cachoeira II,PE,428,"9,42","21,4","8,3",Viga de concreto armado,-8.51081626,-39.302476,"2",30/01/2025,29/09/2025,,OAE<=20m (A1),9,,InR
40496,Ponte sobre o Afluente do Riacho da Cachoeira III,PE,316,"207,37","13,5","8,3",Viga de concreto armado,-8.50994246,-39.30514498,"3",30/01/2025,29/09/2025,,OAE<=20m (A1),9,,InR
40620,Pontilhão Paulista II,PE,101,"52,02","6,25","14",Laje de concreto armado,-7.92285835,-34.89624169,"3",30/01/2025,29/09/2025,,OAE<=20m (A1),1,,InR
40636,Passarela,PE,101,"53,3","0","-",Não informado,-7.93276777,-34.90229965,"-",30/01/2025,29/09/2025,,OAE<=20m (A1),1,Passarela,InCR
40637,Passarela,PE,101,"53,8","0","-",Não informado,-7.937665,-34.90359,"-",30/01/2025,29/09/2025,,OAE<=20m (A1),1,Passarela,InCR
140002,Ponte sobre o Riacho Oitis,RN,405,"183,05","24,4","10,8",Viga de concreto armado,-6.37827792,-38.30170925,"3",18/03/2025,29/09/2025,,20<OAE<=60m (A2),10,,InR
140138,Ponte sobre o Rio Apodi,RN,405,"188,01","20","10,8",Viga de concreto armado,-6.41562155,-38.32435692,"3",18/03/2025,29/09/2025,,OAE<=20m (A1),10,,InR
140140,Ponte sobre o Riacho dos Gritos,RN,405,"161,28","40,8","10,7",Laje de concreto armado,-6.20296667,-38.22645,"2",18/03/2025,29/09/2025,,20<OAE<=60m (A2),10,,InR
140141,Ponte sobre o Riacho dos Cavalos,RN,405,"107,74","20,4","9,9",Viga de concreto armado,-5.83223333,-37.97953333,"3",18/03/2025,29/09/2025,,OAE<=20m (A1),12,,InR
200025,Ponte sobre o Rio Varrela (LD),AL,101,"122,64","69,5","13,7",Viga de concreto armado,-9.70106804,-36.03352244,"4",29/11/2025,30/09/2025,,60>OAE<=120m (A3),1,,InR
130076,Ponte sobre o Riacho Tabuleiro Comprido,PB,361,"112,97","32,8","10",Viga de concreto armado,-7.29738333,-38.14496667,"2",19/03/2025,30/09/2025,,20<OAE<=60m (A2),8,,InR
130078,"Pontilhão km 112,48",PB,361,"112,48","4,6","10",Laje de concreto armado,-7.29801667,-38.1408,"4",19/03/2025,30/09/2025,,OAE<=20m (A1),8,,InR
130080,Ponte sobre o Sangradouro do Açude Itaporanga,PB,361,"111,88","9,1","10",Laje de concreto armado,-7.30076681,-38.13617824,"4",19/03/2025,30/09/2025,,OAE<=20m (A1),8,,InR
130081,Ponte sobre o Rio Acauá,PB,361,"111,4","22","10,2",Viga de concreto armado,-7.30081667,-38.13178333,"3",19/03/2025,30/09/2025,,OAE<=20m (A1),8,,InR
40489,Ponte sobre o Riacho Terra Nova,PE,428,"1,71","181,3","13",Viga de concreto protendido,-8.54135,-39.24,"3",30/01/2025,30/09/2025,,120<OAE<=500m (A4),9,,InR
40169,Ponte sobre o Riacho Ipueira,PE,116,"91,24","11,1","10",Laje de concreto armado,-8.62374773,-39.24236269,"3",30/01/2025,30/09/2025,,OAE<=20m (A1),9,,InR
40168,Ponte sobre o Rio Ouricuri,PE,116,"80,92","90,5","10",Viga de concreto armado,-8.53473733,-39.22167418,"3",30/01/2025,30/09/2025,,60>OAE<=120m (A3),9,,InR
40241,Ponte sobre o Rio Barro Branco (LD),PE,101,"51,26","18","10,4",Viga de concreto armado,-7.91832881,-34.89638239,"2",30/01/2025,30/09/2025,,OAE<=20m (A1),1,,InR
40242,Ponte sobre o Rio Barro Branco (LE),PE,101,"51,26","18","10,4",Viga de concreto armado,-7.91817012,-34.89617832,"2",30/01/2025,30/09/2025,,OAE<=20m (A1),1,,InR
40601,Ponte Inservível sobre o Rio do Barro Branco (LE),PE,101,"51,26","18","5,4",Laje de concreto armado,-7.91811039,-34.8960914,"2",30/01/2025,30/09/2025,,OAE<=20m (A1),1,,InR
40602,Ponte Inservível sobre o Rio do Barro Branco (LD),PE,101,"51,26","18","5,4",Laje de concreto armado,-7.91836583,-34.89643283,"2",30/01/2025,30/09/2025,,OAE<=20m (A1),1,,InR
40243,Ponte sobre o Rio Barro Branco (Central),PE,101,"51,26","11,1","8,2",Viga de concreto armado,-7.91827597,-34.89624734,"1",30/01/2025,30/09/2025,,OAE<=20m (A1),1,,InR
40491,Pontilhão sobre o Afluente do Riacho Terra Nova,PE,428,"3,49","5","11",Laje de concreto armado,-8.53410294,-39.25432969,"4",30/01/2025,30/09/2025,,OAE<=20m (A1),9,,InR
40492,Ponte sobre o Afluente do São Francisco I,PE,428,"5,63","5","11",Laje de concreto armado,-8.52540457,-39.27158037,"3",30/01/2025,30/09/2025,,OAE<=20m (A1),9,,InR
140172,"Viaduto km 317,31",RN,304,"317,31","155,2","10,6",Viga de concreto armado,-5.82715,-35.21011667,"4",18/03/2025,30/09/2025,,120<OAE<=500m (A4),2,,InR
140173,"Viaduto km 317,47",RN,304,"317,47","29,6","13",Laje de concreto armado,-5.82596667,-35.20975,"4",18/03/2025,30/09/2025,,20<OAE<=60m (A2),2,,InR
140174,"Viaduto km 317,45 (LE)",RN,304,"317,45","29,6","13",Laje de concreto armado,-5.82606667,-35.20985,"4",18/03/2025,30/09/2025,,20<OAE<=60m (A2),2,,InR
140184,"Viaduto km 314,93  (LD)",RN,304,"314,93","65","12,2",Viga caixão de concreto protendido,-5.84841667,-35.2083,"4",18/03/2025,30/09/2025,,60>OAE<=120m (A3),2,,InR
200019,Ponte sobre o Rio Varrela (LE),AL,101,"122,65","55","10,15",Viga de concreto armado,-9.70123324,-36.03347567,"4",29/11/2025,01/10/2025,,20<OAE<=60m (A2),1,,InR
130085,"Ponte km 109,46",PB,361,"109,46","14","10",Laje de concreto armado,-7.2954,-38.11523333,"3",19/03/2025,01/10/2025,,OAE<=20m (A1),8,,InR
130091,Pontilhão sobre o Afluente do Riacho Pau Brasil I,PB,361,"108,72","4,6","10",Laje de concreto armado,-7.29327236,-38.10878243,"3",19/03/2025,01/10/2025,,OAE<=20m (A1),8,,InR
130093,Ponte sobre o Riacho Pau Brasil,PB,361,"108,05","22,05","10",Viga de concreto armado,-7.29222618,-38.10285597,"3",19/03/2025,01/10/2025,,20<OAE<=60m (A2),8,,InR
130094,"Ponte km 105,82",PB,361,"105,82","6,8","10",Laje de concreto armado,-7.28543333,-38.08428333,"3",19/03/2025,01/10/2025,,OAE<=20m (A1),8,,InR
40212,"Pontilhão km 2,31",PE,104,"2,31","4,3","14",Laje de concreto armado,-7.8033,-36.10016667,"3",30/01/2025,01/10/2025,,OAE<=20m (A1),4,OAC - Bueiro,InR
40214,"Pontilhão km 16,91",PE,104,"16,91","4,6","14",Laje de concreto armado,-7.93123333,-36.11921667,"2",30/01/2025,01/10/2025,,OAE<=20m (A1),4,OAC - Bueiro,InR
40215,"Pontilhão km 18,19",PE,104,"18,19","4,1","14",Laje de concreto armado,-7.94088333,-36.1255,"2",30/01/2025,01/10/2025,,OAE<=20m (A1),4,OAC - Bueiro,InR
40216,Pontilhão Sobre o Afluente do Rio Capibaribe IV (LD),PE,104,"20,41","16,7","11,2",Viga de concreto armado,-7.96032735,-36.12637054,"4",30/01/2025,01/10/2025,,OAE<=20m (A1),4,,InR
40217,"Ponte km 20,50 (LE)",PE,104,"20,5","18,62","12",Viga de concreto protendido,-7.96021667,-36.1263,"4",30/01/2025,01/10/2025,,OAE<=20m (A1),4,,InR
40218,"Pontilhão km 24,03 (LD)",PE,104,"24,03","5,7","14,65",Laje de concreto armado,-7.97738333,-36.10325,"3",30/01/2025,,01/10/2025,OAE<=20m (A1),4,OAC - Bueiro,InR
40219,"Pontilhão km 28,00",PE,104,"28","3","32,5",Laje de concreto armado,-8.00475,-36.08338333,"2",30/01/2025,,01/10/2025,OAE<=20m (A1),4,OAC - Bueiro,InR
40220,"Passagem Superior km 30,01",PE,104,"30,01","3,9","13,9",Laje de concreto armado,-8.00738333,-36.06543333,"4",30/01/2025,01/10/2025,,OAE<=20m (A1),4,,InR
40311,"Ponte km 32,12",PE,104,"32,12","18,75","12,9",Viga de concreto armado,-8.01765,-36.05261667,"4",30/01/2025,01/10/2025,,OAE<=20m (A1),4,,InR
40317,"Pontilhão km 1,24",PE,104,"1,24","3,3","14",Laje de concreto armado,-7.79383333,-36.10105,"3",30/01/2025,01/10/2025,,OAE<=20m (A1),4,OAC - Bueiro,InR
40318,"Pontilhão km 5,51",PE,104,"5,51","3","13,8",Laje de concreto armado,-7.83161667,-36.09846667,"2",30/01/2025,01/10/2025,,OAE<=20m (A1),4,OAC - Bueiro,InR
40319,"Pontilhão km 17,88",PE,104,"17,88","5","14,95",Laje de concreto armado,-7.9385,-36.12393333,"3",30/01/2025,01/10/2025,,OAE<=20m (A1),4,OAC - Bueiro,InR
40320,"Pontilhão km 19,01",PE,104,"19,01","4,7","13,9",Laje de concreto armado,-7.94766667,-36.12803333,"3",30/01/2025,01/10/2025,,OAE<=20m (A1),4,OAC - Bueiro,InR
40321,"Pontilhão km 21,99",PE,104,"21,99","4,1","28,95",Laje de concreto armado,-7.96735,-36.11706667,"3",30/01/2025,,01/10/2025,OAE<=20m (A1),4,OAC - Bueiro,InR
40322,"Pontilhão km 25,73 (LD)",PE,104,"25,73","5,4","14,4",Laje de concreto armado,-7.99115,-36.09641667,"4",30/01/2025,,01/10/2025,OAE<=20m (A1),4,OAC - Bueiro,InR
40324,"Pontilhão km 30,17",PE,104,"30,17","5,2","13,65",Laje de concreto armado,-8.00756667,-36.06398333,"2",30/01/2025,,01/10/2025,OAE<=20m (A1),4,OAC - Bueiro,InR
40310,Ponte sobre o Riacho Monteiro,PE,104,"3,71","10","11,35",Laje de concreto armado,-7.81598555,-36.09921478,"2",30/01/2025,01/10/2025,,OAE<=20m (A1),4,OAC - Bueiro,InR
40560,"Pontilhão km 25,71 (LE)",PE,104,"25,71","5,6","12",Laje de concreto armado,-7.99081667,-36.09621667,"4",30/01/2025,01/10/2025,,OAE<=20m (A1),4,OAC - Bueiro,InR
40626,"Pontilhão km 24,03 (LE)",PE,104,"24,03","4,6","16,5",Laje de concreto armado,-7.97731667,-36.10313333,"3",30/01/2025,,01/10/2025,OAE<=20m (A1),4,OAC - Bueiro,InR
61,Viaduto,PE,104,"19,68","30,5","-",Não informado,-7.95457,-36.128311,"-",30/01/2025,01/10/2025,,20<OAE<=60m (A2),4,,InCR
62,Viaduto LE,PE,104,"-","30,5","-",Não informado,-7.954535,-36.128147,"-",30/01/2025,01/10/2025,,20<OAE<=60m (A2),4,,InCR
140169,"Viaduto km 314,92 (LE)",RN,304,"314,92","60","11,8",Viga caixão de concreto protendido,-5.8485,-35.20838333,"4",18/03/2025,01/10/2025,,20<OAE<=60m (A2),2,,InR
140170,"Viaduto km 316,24",RN,304,"316,24","14,9","32,2",Laje de concreto armado,-5.83683333,-35.21145,"4",18/03/2025,01/10/2025,,OAE<=20m (A1),2,,InR
140171,"Viaduto km 316,31",RN,304,"316,31","14,9","32,2",Laje de concreto armado,-5.8363,-35.2116,"4",18/03/2025,01/10/2025,,OAE<=20m (A1),2,,InR
140182,"Viaduto km 39,69",RN,304,"39,69","40","12",Viga de concreto protendido,-5.19351667,-37.37765,"4",18/03/2025,01/10/2025,,20<OAE<=60m (A2),5,,InR
200023,Ponte sobre o Rio Sumaúma (LD),AL,101,"115,17","12,9","8,15",Viga de concreto armado,-9.64423333,-36.02443333,"3",29/11/2025,02/10/2025,,OAE<=20m (A1),1,,InR
200024,Ponte sobre o Rio Sumaúma (LE),AL,101,"115,2","37,3","13,65",Viga de concreto protendido,-9.64416801,-36.02432843,"4",29/11/2025,02/10/2025,,20<OAE<=60m (A2),1,,InR
130019,Ponte sobre o Afluente do Açude de Uiraúna,PB,405,"0,93","19,5","10",Viga de concreto armado,-6.46260579,-38.37885379,"1",19/03/2025,02/10/2025,,OAE<=20m (A1),13,,InR
130020,Ponte sobre o Rio Arrojado,PB,405,"7,46","24,1","9,4",Viga de concreto armado,-6.51005747,-38.41106935,"3",19/03/2025,02/10/2025,,20<OAE<=60m (A2),13,,InR
130021,Ponte sobre o Rio Curupaiti,PB,405,"11,43","30","10",Viga de concreto armado,-6.54176749,-38.41348272,"3",19/03/2025,02/10/2025,,20<OAE<=60m (A2),13,,InR
40505,Ponte sobre a Transposição do Rio São Francisco,PE,428,"28,87","36","13",Viga de concreto protendido,-8.50770486,-39.46826772,"4",30/01/2025,02/10/2025,,20<OAE<=60m (A2),10,,InR
40499,Ponte sobre o Riacho Formosa,PE,428,"15,67","30","8,3",Viga de concreto armado,-8.49861485,-39.35749769,"3",30/01/2025,02/10/2025,,20<OAE<=60m (A2),10,,InR
40502,Ponte sobre o Riacho M. da Onça,PE,428,"23,26","25,6","8,45",Viga de concreto armado,-8.48591936,-39.42506603,"3",30/01/2025,02/10/2025,,20<OAE<=60m (A2),10,,InR
40507,Ponte sobre o Rio Jatobá,PE,428,"32,58","25,3","8,3",Viga caixão de concreto protendido,-8.52419701,-39.49754432,"4",30/01/2025,02/10/2025,,20<OAE<=60m (A2),10,,InR
40244,Viaduto Paulista I (LD),PE,101,"51,67","70,4","12,6",Viga de concreto protendido,-7.92085363,-34.89367294,"3",30/01/2025,02/10/2025,,60>OAE<=120m (A3),1,,InR
40245,Viaduto Paulista I (LE),PE,101,"51,67","70,4","12,6",Viga de concreto protendido,-7.92098731,-34.8935394,"3",30/01/2025,02/10/2025,,60>OAE<=120m (A3),1,,InR
40114,Ponte sobre o  Arroio Desterro (LE),PE,101,"47,48","18","10,4",Viga de concreto armado,-7.88597428,-34.90421596,"4",30/01/2025,02/10/2025,,OAE<=20m (A1),1,,InR
40240,Ponte sobre o Arroio Desterro (LD),PE,101,"47,48","18,3","10,3",Viga de concreto armado,-7.88601486,-34.90450817,"4",30/01/2025,02/10/2025,,OAE<=20m (A1),1,,InR
40589,Ponte Inservível sobre o Arroio Desterro (LE),PE,101,"47,48","18","5,4",Laje de concreto armado,-7.88596263,-34.90411166,"3",30/01/2025,02/10/2025,,OAE<=20m (A1),1,,InR
40618,Ponte Inservível sobre o Arroio Desterro (LD),PE,101,"47,48","18","5,4",Laje de concreto armado,-7.88602496,-34.90457134,"3",30/01/2025,02/10/2025,,OAE<=20m (A1),1,,InR
40497,Ponte sobre o Riacho da Cachoeira,PE,428,"12,02","17","8",Viga de concreto armado,-8.50352243,-39.3248867,"3",30/01/2025,02/10/2025,,OAE<=20m (A1),10,,InR
40498,Ponte sobre Afluente do Riacho da Cachoeira IV,PE,428,"12,97","16","8,3",Viga de concreto armado,-8.50178618,-39.33326634,"3",30/01/2025,02/10/2025,,OAE<=20m (A1),10,,InR
40506,Ponte sobre o Riacho Caibros,PE,428,"31,03","11,3","8,3",Laje de concreto armado,-8.51731101,-39.48530604,"4",30/01/2025,02/10/2025,,OAE<=20m (A1),10,,InR
40002,Ponte Inservível sobre o Arroio Desterro (Central),PE,101,"47,48","8,9","8,3",Viga de concreto armado,-7.88603195,-34.90432842,"1",30/01/2025,02/10/2025,,OAE<=20m (A1),1,,InR
40500,Ponte sobre o Riacho Lamerão,PE,428,"17,32","7","8,3",Laje de concreto armado,-8.4966756,-39.37228958,"4",30/01/2025,02/10/2025,,OAE<=20m (A1),10,,InR
40501,Pontilhão sobre o Afluente do São Francisco,PE,428,"20,44","5,6","11",Laje de concreto armado,-8.49299156,-39.40038769,"3",30/01/2025,02/10/2025,,OAE<=20m (A1),10,,InR
40503,"Pontilhão km 23,92",PE,428,"23,92","6","11,7",Laje de concreto armado,-8.48421667,-39.43226667,"3",30/01/2025,02/10/2025,,OAE<=20m (A1),10,,InR
40504,Pontilhão sobre o Afluente do Riacho Tucutu,PE,428,"25","4,6","11",Laje de concreto armado,-8.48899873,-39.43878753,"3",30/01/2025,02/10/2025,,OAE<=20m (A1),10,,InR
140026,Ponte sobre o Rio Arari (LE),RN,101,"129,05","120","13,8",Laje de concreto armado,-6.11086667,-35.2337,"4",18/03/2025,02/10/2025,,60>OAE<=120m (A3),1,,InR
200021,Ponte sobre o Rio Paraíba (LE),AL,101,"108,02","127,7","13,3",Mista (viga metálica e laje de concreto),-9.59637568,-36.00720189,"2",29/11/2025,03/10/2025,,120<OAE<=500m (A4),1,,InR
200173,Ponte sobre o Rio Paraíba (LD),AL,101,"108,02","126,8","13,54",Viga de concreto protendido,-9.59603676,-36.0072089,"4",29/11/2025,03/10/2025,,120<OAE<=500m (A4),1,,InR
40509,Ponte sobre o Rio Brígida,PE,428,"43,84","340,5","10",Viga caixão de concreto armado,-8.58191667,-39.58463333,"2",30/01/2025,03/10/2025,,120<OAE<=500m (A4),10,,InR
40508,"Pontilhão km 41,16",PE,428,"41,16","3,5","11",Laje de concreto armado,-8.56416667,-39.56871667,"3",30/01/2025,,03/10/2025,OAE<=20m (A1),10,OAC - Bueiro,InR
130016,Ponte sobre o Rio Santo Antônio,PB,230,"494,05","62,15","8,45",Viga de concreto armado,-6.89585,-38.4911,"2",19/03/2025,04/10/2025,,60>OAE<=120m (A3),12,,InR
130065,Ponte sobre o Riacho Zé Dias,PB,230,"495,65","15","10",Viga de concreto armado,-6.90031342,-38.50277896,"3",19/03/2025,04/10/2025,,OAE<=20m (A1),12,,InR
130073,Pontilhão sobre o Afluente do Rio Zé Dias,PB,230,"497,14","6","12",Laje de concreto armado,-6.89879556,-38.51698313,"2",19/03/2025,04/10/2025,,OAE<=20m (A1),12,,InR
130018,Ponte sobre o Riacho da Cipó,PB,230,"512,4","30","10",Viga de concreto armado,-6.87259631,-38.64426551,"2",19/03/2025,05/10/2025,,20<OAE<=60m (A2),12,,InR
130074,Pontilhão sobre o Sangradouro do Açude da Laranjeira,PB,230,"513,62","5,7","10",Laje de concreto armado,-6.86712146,-38.653857,"4",19/03/2025,05/10/2025,,OAE<=20m (A1),12,,InR
40490,"Pontilhão km 2,96",PE,428,"2,96","2,6","11",Laje de concreto armado,-8.53626667,-39.25008333,"4",30/01/2025,05/10/2025,,OAE<=20m (A1),9,OAC - Bueiro,InR
40493,"Pontilhão km 7,74",PE,428,"7,74","2,65","11",Laje de concreto armado,-8.51683333,-39.28863333,"3",30/01/2025,05/10/2025,,OAE<=20m (A1),9,OAC - Bueiro,InR
140139,Ponte sobre o Riacho Grande,RN,405,"3,56","20","10",Viga de concreto armado,-5.19441104,-37.38549573,"3",18/03/2025,05/10/2025,,OAE<=20m (A1),12,,InR
200026,"Viaduto km 70,55",AL,101,"70,55","104,7","13",Viga de concreto protendido,-9.36848333,-35.8327,"4",29/11/2025,06/10/2025,,60>OAE<=120m (A3),1,,InR
200149,Ponte sobre o Rio Mundaú (LE),AL,101,"81,87","284","11,3",Viga de concreto protendido,-9.4482,-35.85963333,"3",29/11/2025,06/10/2025,,120<OAE<=500m (A4),1,,InR
200150,Ponte sobre o Rio Mundaú (LD),AL,101,"81,86","292","13,2",Viga de concreto protendido,-9.44801667,-35.85958333,"4",29/11/2025,06/10/2025,,120<OAE<=500m (A4),1,,InR
130060,"Ponte km 430,69",PB,230,"430,69","16,8","10",Viga de concreto armado,-6.74813333,-37.98076667,"2",19/03/2025,06/10/2025,,OAE<=20m (A1),11,,InR
130061,Ponte sobre o Riacho Cajazeira,PB,230,"435,71","14,9","10",Viga de concreto armado,-6.76403333,-38.02285,"2",19/03/2025,06/10/2025,,OAE<=20m (A1),11,,InR
130062,Ponte sobre o Afluente do Riacho Cajazeira,PB,230,"437,67","17,6","10",Viga de concreto armado,-6.77288655,-38.03637608,"2",19/03/2025,06/10/2025,,OAE<=20m (A1),11,,InR
130069,Ponte sobre o Rio Piranhas,PB,230,"409,43","172,25","10",Viga de concreto armado,-6.72653333,-37.79631667,"2",19/03/2025,06/10/2025,,120<OAE<=500m (A4),11,,InR
40512,Ponte sobre o Riacho Madeira,PE,428,"62,31","16","8,3",Viga de concreto armado,-8.63774509,-39.71548416,"3",30/01/2025,06/10/2025,,OAE<=20m (A1),10,,InR
40511,Ponte sobre o afluente do Rio São Francisco IV,PE,428,"53,17","10,2","8,5",Laje de concreto armado,-8.61690156,-39.64266847,"3",30/01/2025,06/10/2025,,OAE<=20m (A1),10,,InR
40514,Ponte sobre Riacho Caraíbas,PE,428,"63,81","120,3","10",Viga caixão de concreto protendido,-8.64730968,-39.72494344,"2",30/01/2025,06/10/2025,,60>OAE<=120m (A3),10,,InR
40510,Ponte sobre o Riacho Pau Preto,PE,428,"51,58","9,8","7,5",Laje de concreto armado,-8.62185939,-39.62823761,"3",30/01/2025,06/10/2025,,OAE<=20m (A1),10,,InR
40364,Pontilhão sobre o Riacho Ipueira II,PE,316,"227,91","5","11",Laje de concreto armado,-8.59263888,-39.1386983,"4",30/01/2025,06/10/2025,,OAE<=20m (A1),8,,InR
40515,"Pontilhão km 76,14",PE,428,"76,14","4,1","11",Laje de concreto armado,-8.74216667,-39.79176667,"3",30/01/2025,,06/10/2025,OAE<=20m (A1),10,OAC - Bueiro,InR
40516,"Pontilhão km 83,90",PE,428,"83,9","3,6","14",Laje de concreto armado,-8.79865,-39.83036667,"4",30/01/2025,,06/10/2025,OAE<=20m (A1),10,OAC - Bueiro,InR
40513,Pontilhão sobre o Riacho Urimamã,PE,428,"63,3","4,5","11",Laje de concreto armado,-8.64345184,-39.72240565,"3",30/01/2025,06/10/2025,,OAE<=20m (A1),10,,InR
40751,Passarela,PE,101,"53","0","-",Metálica,-7.919999,-34.894968,"-",30/01/2025,06/10/2025,,OAE<=20m (A1),1,Passarela,InCR
200013,Ponte sobre o Rio Camaragibe Mirim (LE),AL,101,"37,78","80,7","14",Viga de concreto armado,-9.14618333,-35.76873333,"4",29/11/2025,07/10/2025,,60>OAE<=120m (A3),1,,InR
200020,Ponte sobre o Rio Camaragibe Mirim (LD),AL,101,"37,68","104,9","13,65",Viga de concreto protendido,-9.14618286,-35.76909369,"4",29/11/2025,07/10/2025,,60>OAE<=120m (A3),1,,InR
200133,Pontilhão sobre o Rio Jitituba (LD),AL,101,"54,34","6,3","17,3",Laje de concreto armado,-9.25695,-35.77491667,"4",29/11/2025,07/10/2025,,OAE<=20m (A1),1,,InR
200158,Pontilhão sobre o Rio Jitituba (LE),AL,101,"54,34","6","10,65",Viga de concreto armado,-9.25703333,-35.77478333,"2",29/11/2025,07/10/2025,,OAE<=20m (A1),1,,InR
40746,Passarela de Igarassu 2,PE,101,"40,62","65","-",Viga de concreto armado,-7.82751667,-34.91476667,"-",30/01/2025,07/10/2025,,60>OAE<=120m (A3),1,Passarela,InCR
40747,Passarela de Igarassu,PE,101,"40,9","65","-",Viga de concreto armado,-7.83075,-34.91396667,"-",30/01/2025,07/10/2025,,60>OAE<=120m (A3),1,Passarela,InCR
40113,Ponte sobre o Rio Igarassú (LE),PE,101,"41,72","40","15,1",Viga caixão de concreto armado,-7.83489941,-34.91244777,"2",30/01/2025,07/10/2025,,20<OAE<=60m (A2),1,,InR
40001,Ponte sobre o Rio Igarassú (LD),PE,101,"41,76","27,26","8,12",Viga de concreto armado,-7.83513775,-34.91308728,"1",30/01/2025,07/10/2025,,20<OAE<=60m (A2),1,,InR
40254,Viaduto Igarassu I,PE,101,"41,55","36","8,15",Viga caixão de concreto armado,-7.83359935,-34.91291561,"3",30/01/2025,07/10/2025,,20<OAE<=60m (A2),1,,InR
130001,Ponte sobre o Riacho do Logradouro,PB,230,"312","8,9","8",Viga de concreto armado,-6.94131174,-37.10180904,"2",19/03/2025,08/10/2025,,OAE<=20m (A1),19,,InR
130002,Ponte sobre o Riacho d'Angola,PB,230,"319,38","6,9","12,3",Viga de concreto armado,-6.97482724,-37.15931907,"3",19/03/2025,08/10/2025,,OAE<=20m (A1),19,,InR
130003,Pontilhão sobre o Riacho da Pitomba,PB,230,"320,51","5","14,5",Laje de concreto armado,-6.98009241,-37.16802801,"4",19/03/2025,08/10/2025,,OAE<=20m (A1),19,,InR
130004,Pontilhão sobre o Afluente do Riacho Aroeiras III,PB,230,"327,27","7,5","8,2",Viga de concreto armado,-7.01433545,-37.22019492,"2",19/03/2025,08/10/2025,,OAE<=20m (A1),19,,InR
40012,Ponte sobre o Riacho das Garças,PE,428,"72,92","168,2","8,3",Viga de concreto armado,-8.7195,-39.77278333,"1",30/01/2025,08/10/2025,,120<OAE<=500m (A4),10,,InR
40236,Ponte sobre o Rio Botafogo (LE),PE,101,"32,45","40,8","13,4",Viga de concreto protendido,-7.75694485,-34.93593294,"4",30/01/2025,08/10/2025,,20<OAE<=60m (A2),1,,InR
40235,Ponte sobre o Rio Botafogo (LD),PE,101,"32,45","40,7","11,7",Viga de concreto armado,-7.7569338,-34.93606909,"4",30/01/2025,08/10/2025,,20<OAE<=60m (A2),1,,InR
40239,Ponte sobre o Rio Tabatinga (LE),PE,101,"38,42","24","13,4",Viga de concreto protendido,-7.80794942,-34.92302252,"4",30/01/2025,08/10/2025,,20<OAE<=60m (A2),1,,InR
40237,Viaduto Itapissuma I,PE,101,"32,59","9","35,6",Laje de concreto armado,-7.75823518,-34.93601883,"4",30/01/2025,08/10/2025,,OAE<=20m (A1),1,,InR
40334,Viaduto Caruaru IV (LD),PE,232,"131,74","20","12,1",Viga de concreto armado,-8.30469535,-36.01104993,"4",30/01/2025,08/10/2025,,OAE<=20m (A1),13,,InR
40335,Viaduto Caruaru IV (LE),PE,232,"131,74","20","11,4",Viga de concreto armado,-8.30482217,-36.01101316,"4",30/01/2025,08/10/2025,,OAE<=20m (A1),13,,InR
40339,"Pontilhão km 144,72 (LD)",PE,232,"144,72","5","12,2",Laje de concreto armado,-8.32775,-36.11843333,"3",30/01/2025,08/10/2025,,OAE<=20m (A1),13,,InR
40238,Ponte sobre o Rio Tabatinga (LD),PE,101,"38,43","7,75","11,4",Viga de concreto armado,-7.80810383,-34.92304813,"4",30/01/2025,08/10/2025,,OAE<=20m (A1),1,,InR
40517,"Pontilhão km 85,26",PE,428,"85,26","5,5","11",Laje de concreto armado,-8.79401667,-39.84198333,"3",30/01/2025,08/10/2025,,OAE<=20m (A1),10,,InR
200012,Ponte sobre o Rio Camaragibe,AL,101,"24,43","96","8,5",Viga de concreto armado,-9.05266667,-35.71348333,"4",29/11/2025,09/10/2025,,60>OAE<=120m (A3),1,,InR
200140,Ponte sobre o Riacho Rol Couro,AL,416,"4,97","12,3","13,7",Laje de concreto armado,-8.90382224,-35.68136007,"4",29/11/2025,09/10/2025,,OAE<=20m (A1),9,,InR
200143,Ponte sobre o Riacho Mata Verde,AL,416,"3,65","12,3","13,7",Laje de concreto armado,-8.90263765,-35.66940291,"4",29/11/2025,09/10/2025,,OAE<=20m (A1),9,,InR
200144,Ponte sobre o Rio Jericó,AL,416,"0,56","19,5","13,6",Viga de concreto armado,-8.90179516,-35.6417,"3",29/11/2025,09/10/2025,,OAE<=20m (A1),9,,InR
130057,"Ponte km 316,72",PB,230,"316,72","17,74","13,15",Viga de concreto armado,-6.96325,-37.14035,"3",19/03/2025,09/10/2025,,OAE<=20m (A1),19,,InR
130058,Pontilhão sobre o Afluente do Riacho Aroeiras II,PB,230,"325,53","9,1","8,65",Viga de concreto armado,-7.00389924,-37.20861862,"4",19/03/2025,09/10/2025,,OAE<=20m (A1),19,,InR
130068,Ponte sobre o Riacho dos Pilões,PB,230,"330,16","21,4","8",Viga de concreto armado,-7.01985,-37.24391667,"3",19/03/2025,09/10/2025,,OAE<=20m (A1),19,,InR
130071,"Pontilhão km 324,99",PB,230,"324,99","5,9","8,65",Viga de concreto armado,-7.00101667,-37.20465,"4",19/03/2025,09/10/2025,,OAE<=20m (A1),19,,InR
130084,Ponte sobre o Rio do Saco,PB,361,"109,97","26,5","10",Viga de concreto armado,-7.29683333,-38.11955,"3",19/03/2025,09/10/2025,,20<OAE<=60m (A2),8,,InR
40009,Ponte sobre o Riacho Quixabeira,PE,428,"94,92","24","10",Viga de concreto armado,-8.81468333,-39.91901667,"3",30/01/2025,09/10/2025,,20<OAE<=60m (A2),10,,InR
40315,Ponte sobre o Rio Capibaribe (LD),PE,104,"31,1","120,75","5,2",Viga de concreto armado,-8.01126667,-36.05751667,"2",30/01/2025,09/10/2025,,60>OAE<=120m (A3),4,,InR
40316,Ponte sobre o Rio Capibaribe (LE),PE,104,"31,1","120,75","5,95",Viga de concreto armado,-8.01125,-36.05746667,"2",30/01/2025,09/10/2025,,60>OAE<=120m (A3),4,,InR
40234,Ponte sobre o Rio Arataca (LE),PE,101,"23,79","70,5","13,7",Viga de concreto protendido,-7.69034706,-34.92220724,"4",30/01/2025,09/10/2025,,60>OAE<=120m (A3),1,,InR
40058,Viaduto São Caetano II (LD),PE,232,"146,37","13","12,2",Viga de concreto armado,-8.33285557,-36.13874447,"2",30/01/2025,09/10/2025,,OAE<=20m (A1),13,,InR
40233,Ponte sobre o Rio Arataca (LD),PE,101,"23,8","63,75","11,55",Viga de concreto armado,-7.69043333,-34.92236667,"4",30/01/2025,09/10/2025,,60>OAE<=120m (A3),1,,InR
40096,Viaduto São Caetano I (LD),PE,232,"145","13","12,2",Viga de concreto armado,-8.33153732,-36.12718787,"4",30/01/2025,09/10/2025,,OAE<=20m (A1),13,,InR
40097,Viaduto São Caetano I (LE),PE,232,"145","13","11,5",Viga de concreto armado,-8.33165844,-36.12713478,"4",30/01/2025,09/10/2025,,OAE<=20m (A1),13,,InR
40098,Viaduto São Caetano II (LE),PE,232,"146,37","13","11,4",Viga de concreto armado,-8.33297696,-36.13879726,"3",30/01/2025,09/10/2025,,OAE<=20m (A1),13,,InR
40099,"Ponte km 206,87",PE,232,"206,87","10,6","10,2",Laje de concreto armado,-8.36941667,-36.66953333,"3",30/01/2025,09/10/2025,,OAE<=20m (A1),13,,InR
40745,Passarela de Itapissuma,PE,101,"31,5","45","-",Viga de concreto armado,-7.74855,-34.93676667,"-",30/01/2025,09/10/2025,,20<OAE<=60m (A2),1,Passarela,InCR
40160,"Pontilhão km 138,42 (LD)",PE,232,"138,42","5,4","12",Laje de concreto armado,-8.31891667,-36.06281667,"4",30/01/2025,09/10/2025,,OAE<=20m (A1),13,,InR
40161,"Pontilhão km 138,42 (LE)",PE,232,"138,42","5,1","14",Laje de concreto armado,-8.31903333,-36.0628,"4",30/01/2025,09/10/2025,,OAE<=20m (A1),13,,InR
40158,Ponte sobre o Riacho Taquara (LD),PE,232,"136,1","26,3","12",Viga de concreto armado,-8.31363333,-36.04261667,"3",30/01/2025,09/10/2025,,20<OAE<=60m (A2),13,,InR
40162,Ponte sobre o Rio Jatobá (LD),PE,232,"138,69","26,3","12,2",Viga de concreto protendido,-8.31989053,-36.07192917,"4",30/01/2025,09/10/2025,,20<OAE<=60m (A2),13,,InR
40213,"Pontilhão km 4,93",PE,104,"4,93","5,1","13,9",Laje de concreto armado,-7.82655,-36.09763333,"3",30/01/2025,09/10/2025,,OAE<=20m (A1),4,,InR
40323,"Pontilhão km 28,58",PE,104,"28,58","5,5","13,45",Laje de concreto armado,-8.00551667,-36.07818333,"3",30/01/2025,09/10/2025,,OAE<=20m (A1),4,,InR
40330,"Viaduto km 129,86 (LD)",PE,232,"129,86","40","16",Viga caixão de concreto armado,-8.3001,-35.98843333,"2",30/01/2025,09/10/2025,,20<OAE<=60m (A2),4,,InR
40331,"Viaduto km 129,86 (LE)",PE,232,"129,86","37,9","13,5",Laje de concreto armado,-8.30025,-35.98848333,"4",30/01/2025,09/10/2025,,20<OAE<=60m (A2),4,,InR
40332,"Viaduto km 129,80 (LD)",PE,232,"129,8","30","14,9",Viga de concreto protendido,-8.30023333,-35.98791667,"4",30/01/2025,09/10/2025,,20<OAE<=60m (A2),4,,InR
40333,"Viaduto km 129,80 (LE)",PE,232,"129,8","30","13,6",Viga de concreto armado,-8.3004,-35.98796667,"4",30/01/2025,09/10/2025,,20<OAE<=60m (A2),4,,InR
40336,"Viaduto km 134,25 (LE)",PE,232,"134,25","20","11,4",Viga de concreto armado,-8.30925,-36.0266,"4",30/01/2025,09/10/2025,,OAE<=20m (A1),13,,InR
40337,Viaduto Caruaru V (LD),PE,232,"133,53","20","12,1",Viga de concreto armado,-8.30911162,-36.02663398,"4",30/01/2025,09/10/2025,,OAE<=20m (A1),13,,InR
40338,Pontilhão sobre o Afluente do Rio Ipojuca I (LE),PE,232,"143,93","5,6","12,4",Laje de concreto armado,-8.32786929,-36.11836526,"4",30/01/2025,09/10/2025,,OAE<=20m (A1),13,,InR
40329,Ponte sobre o Rio Jatobá (LE),PE,232,"138,7","7,4","11",Viga de concreto armado,-8.32004662,-36.07205712,"4",30/01/2025,09/10/2025,,OAE<=20m (A1),13,,InR
40555,Ponte sobre o Rio Jatobá (LE),PE,232,"139,44","6,8","11,3",Laje de concreto armado,-8.32005,-36.07193333,"4",30/01/2025,09/10/2025,,OAE<=20m (A1),13,OAC - Bueiro,InR
40159,Pontilhão sobre o Riacho Taquara (LE),PE,232,"136,12","5,8","11,4",Laje de concreto armado,-8.31381667,-36.04271667,"4",30/01/2025,09/10/2025,,OAE<=20m (A1),13,OAC - Bueiro,InR
40518,"Ponte km 90,77",PE,428,"90,77","11,2","10",Laje de concreto armado,-8.79608333,-39.8875,"3",30/01/2025,09/10/2025,,OAE<=20m (A1),10,,InR
40519,Ponte sobre o Afluente do São Francisco VII,PE,428,"92,89","9","10",Laje de concreto armado,-8.80099759,-39.89581258,"3",30/01/2025,09/10/2025,,OAE<=20m (A1),10,,InR
40520,Ponte sobre o Afluente do São Fransico VIII,PE,428,"94,61","15","10",Viga de concreto armado,-8.80888373,-39.90919742,"3",30/01/2025,09/10/2025,,OAE<=20m (A1),10,,InR
40521,"Ponte km 96,19",PE,428,"96,19","9","10",Laje de concreto armado,-8.82035,-39.92875,"3",30/01/2025,09/10/2025,,OAE<=20m (A1),10,,InR
40010,Ponte sobre o Riacho Cinquenta,PE,428,"100,46","51","10",Viga de concreto armado,-8.83948333,-39.96125,"2",30/01/2025,10/10/2025,,20<OAE<=60m (A2),10,,InR
40013,Ponte sobre o Rio Maniçoba,PE,232,"190,6","30","10",Viga de concreto armado,-8.35740615,-36.53134772,"2",30/01/2025,10/10/2025,,20<OAE<=60m (A2),13,,InR
40014,Ponte sobre o Rio Ipanema,PE,232,"222,9","39,5","10",Viga de concreto armado,-8.40511596,-36.81432176,"2",30/01/2025,10/10/2025,,20<OAE<=60m (A2),13,,InR
40061,"Ponte km 182,38",PE,232,"182,38","8,9","9,9",Viga de concreto armado,-8.3487,-36.45001667,"3",30/01/2025,,10/10/2025,OAE<=20m (A1),13,OAC - Bueiro,InR
40062,"Ponte km 184,20",PE,232,"184,2","10","10",Laje de concreto armado,-8.35133333,-36.46633333,"3",30/01/2025,10/10/2025,,OAE<=20m (A1),13,,InR
40059,Ponte sobre o Riacho do Azeite,PE,232,"168,04","15,6","10",Viga de concreto armado,-8.33991454,-36.33296093,"2",30/01/2025,10/10/2025,,OAE<=20m (A1),13,,InR
40063,Ponte sobre o Rio Ipojuca II,PE,232,"194,16","40,1","10",Viga de concreto armado,-8.36534083,-36.56254364,"3",30/01/2025,10/10/2025,,20<OAE<=60m (A2),13,,InR
40060,Ponte sobre o Rio Ipojuca,PE,232,"172,59","40","8,5",Viga de concreto armado,-8.33888333,-36.36546667,"2",30/01/2025,10/10/2025,,20<OAE<=60m (A2),13,,InR
40526,Ponte sobre o Riacho Esperança,PE,428,"107,1","20,6","10",Viga de concreto armado,-8.86642009,-40.00688398,"3",30/01/2025,10/10/2025,,OAE<=20m (A1),10,,InR
40529,Ponte sobre o Riacho Canaã,PE,428,"111,11","11,2","10",Laje de concreto armado,-8.89156667,-40.03878333,"3",30/01/2025,10/10/2025,,OAE<=20m (A1),10,,InR
40576,Ponte sobre o Riacho Garrapateira,PE,424,"32,27","8,15","7,3",Viga de concreto armado,-8.59752902,-36.85975125,"3",30/01/2025,10/10/2025,,OAE<=20m (A1),5,,InR
40524,"Ponte km 101,38",PE,428,"101,38","8","10",Laje de concreto armado,-8.84358333,-39.96821667,"4",30/01/2025,10/10/2025,,OAE<=20m (A1),10,,InR
40525,Pontilhão sobre o Afluente do Riacho Canaã I,PE,428,"105,93","5","11",Laje de concreto armado,-8.86101564,-39.99771726,"3",30/01/2025,10/10/2025,,OAE<=20m (A1),10,,InR
40527,"Pontilhão km 109,08",PE,428,"109,08","4,4","11",Laje de concreto armado,-8.87888333,-40.02615,"3",30/01/2025,10/10/2025,,OAE<=20m (A1),10,,InR
40528,"Pontilhão km 109,74",PE,428,"109,74","4,4","11",Laje de concreto armado,-8.88298333,-40.03026667,"3",30/01/2025,10/10/2025,,OAE<=20m (A1),10,,InR
40530,"Ponte km 111,96",PE,428,"111,96","9","10",Laje de concreto armado,-8.8969,-40.04406667,"3",30/01/2025,10/10/2025,,OAE<=20m (A1),10,,InR
40542,"Ponte Inservível km 184,20",PE,232,"184,2","8,8","6",Viga de concreto armado,-8.35126667,-36.4663,"3",30/01/2025,10/10/2025,,OAE<=20m (A1),13,,InR
40548,"Ponte km 200,77",PE,232,"200,77","8,7","19,45",Laje de concreto armado,-8.37075,-36.61448333,"3",30/01/2025,10/10/2025,,OAE<=20m (A1),13,OAC - Bueiro,InR
40563,"Ponte km 177,91",PE,232,"177,91","8,6","18,8",Laje de concreto armado,-8.34773333,-36.41106667,"3",30/01/2025,10/10/2025,,OAE<=20m (A1),13,OAC - Bueiro,InR
40564,"Pontilhão km 229,68",PE,232,"229,68","5,2","15,5",Laje de concreto armado,-8.4016,-36.87135,"3",30/01/2025,10/10/2025,,OAE<=20m (A1),13,OAC - Bueiro,InR
40567,"Ponte km 33,94",PE,424,"33,94","13","7,3",Viga de concreto armado,-8.608,-36.85431667,"2",30/01/2025,10/10/2025,,OAE<=20m (A1),5,,InR
130118,"Passagem superior km 46,52",PB,101,"46,52","5,8","31",Laje de concreto armado,-6.89531667,-35.1238,"3",19/03/2025,11/10/2025,,OAE<=20m (A1),18,,InR
200031,Ponte sobre o Rio Jacuípe,AL,416,"36,98","21,4","10",Viga de concreto armado,-8.96655604,-35.91209507,"4",29/11/2025,13/10/2025,,OAE<=20m (A1),9,,InR
200032,Ponte sobre o Rio Jiboia,AL,416,"53,48","12,5","10",Laje de concreto armado,-8.97038372,-35.98522707,"4",29/11/2025,13/10/2025,,OAE<=20m (A1),9,,InR
200086,Ponte sobre o Riacho Canastra,AL,416,"35,88","7,2","12",Laje de concreto armado,-8.96341405,-35.90299668,"4",29/11/2025,13/10/2025,,OAE<=20m (A1),9,,InR
130014,"Ponte km 347,61",PB,230,"347,61","11,5","10,1",Viga de concreto armado,-6.95173333,-37.38211667,"3",19/03/2025,13/10/2025,,OAE<=20m (A1),9,,InR
130067,Ponte sobre o Rio Panati,PB,230,"350,32","36,1","10",Viga de concreto armado,-6.94488452,-37.40404238,"2",19/03/2025,13/10/2025,,20<OAE<=60m (A2),9,,InR
130070,Ponte sobre o Rio Santa Gertrudes,PB,230,"348,54","64,4","10",Viga de concreto armado,-6.95021245,-37.38938797,"2",19/03/2025,13/10/2025,,60>OAE<=120m (A3),9,,InR
130154,"Viaduto km 346,54 sobre Ferrovia",PB,230,"346,54","12,8","10",Laje de concreto armado,-6.95628333,-37.3735,"4",19/03/2025,13/10/2025,,OAE<=20m (A1),9,,InR
40575,Viaduto sobre a BR-101,PE,101,"13,31","105","23,41",Viga de concreto protendido,-7.61313333,-34.97433333,"4",30/01/2025,13/10/2025,,60>OAE<=120m (A3),1,,InR
40230,"Ponte km 9,73",PE,101,"9,73","18,5","29,25",Laje de concreto armado,-7.5844,-34.98773333,"3",30/01/2025,13/10/2025,,OAE<=20m (A1),1,,InR
40231,Passagem inferior Jeep I,PE,101,"12,88","9","33,7",Laje de concreto armado,-7.60905359,-34.97609574,"4",30/01/2025,13/10/2025,,OAE<=20m (A1),1,,InR
40232,"Viaduto km 20,98",PE,101,"20,98","59,6","21,4",Viga de concreto protendido,-7.66823333,-34.9335,"3",30/01/2025,13/10/2025,,20<OAE<=60m (A2),1,,InR
40533,Ponte sobre o Rio Tanque,PE,428,"124,41","24","10",Viga de concreto armado,-8.93991667,-40.1436,"4",30/01/2025,13/10/2025,,20<OAE<=60m (A2),10,,InR
40534,Ponte sobre o Riacho Recreio,PE,428,"130,58","62","10",Viga de concreto armado,-8.95768333,-40.19503333,"3",30/01/2025,13/10/2025,,20<OAE<=60m (A2),10,,InR
40531,"Pontilhão km 115,66",PE,428,"115,66","4,4","11",Laje de concreto armado,-8.91473333,-40.0706,"3",30/01/2025,13/10/2025,,OAE<=20m (A1),10,,InR
40532,"Pontilhão km 120,89",PE,428,"120,89","3,4","11",Laje de concreto armado,-8.92976667,-40.11423333,"4",30/01/2025,13/10/2025,,OAE<=20m (A1),10,,InR
40588,"Viaduto km 15,22",PE,101,"15,22","105","23,41",Viga de concreto protendido,-7.62818333,-34.96598333,"4",30/01/2025,13/10/2025,,60>OAE<=120m (A3),1,,InR
200001,Ponte sobre o Rio da Jibóia,AL,104,"11,2","25,4","10",Viga de concreto armado,-8.98387528,-36.02834241,"4",29/11/2025,14/10/2025,,20<OAE<=60m (A2),3,,InR
200008,Ponte sobre o Riacho Seco,AL,104,"25,19","30","10",Não informado,-9.0918062,-36.0521713,"4",29/11/2025,14/10/2025,,20<OAE<=60m (A2),3,,InR
200009,Ponte sobre o Riacho Sueca,AL,104,"31,7","20,7","10",Viga de concreto armado,-9.13597471,-36.0221825,"4",29/11/2025,14/10/2025,,OAE<=20m (A1),3,,InR
130005,Ponte sobre o Rio São Bento de Malta,PB,230,"352,94","11,5","10",Viga de concreto armado,-6.93012239,-37.42032812,"3",19/03/2025,14/10/2025,,OAE<=20m (A1),9,,InR
130006,Ponte sobre o Afluente do Córrego Cabaceiras II,PB,230,"357,41","11,5","10",Viga de concreto armado,-6.91754431,-37.45866842,"2",19/03/2025,14/10/2025,,OAE<=20m (A1),9,,InR
130010,Ponte sobre o Riacho do Cipó,PB,230,"376,79","14,9","10",Viga de concreto armado,-6.91332574,-37.62964776,"1",19/03/2025,14/10/2025,,OAE<=20m (A1),9,,InR
130059,Ponte sobre o Riacho Pedra d'Água,PB,230,"374,68","26,4","10",Viga de concreto armado,-6.91217951,-37.61049062,"2",19/03/2025,14/10/2025,,20<OAE<=60m (A2),9,,InR
40229,Ponte sobre o Rio Tracunhaém (LE),PE,101,"8,44","60,7","13,7",Viga de concreto protendido,-7.57288333,-34.98905,"4",30/01/2025,14/10/2025,,20<OAE<=60m (A2),1,,InR
40228,Ponte sobre o Rio Tracunhaém (LD),PE,101,"8,53","53,7","11,55",Viga de concreto armado,-7.57289864,-34.98918192,"4",30/01/2025,14/10/2025,,20<OAE<=60m (A2),1,,InR
40011,Ponte sobre o Riacho Pontal,PE,122,"256,72","42","10,1",Viga de concreto armado,-9.00278333,-40.27225,"1",30/01/2025,14/10/2025,,20<OAE<=60m (A2),10,,InR
40536,Ponte sobre o Riacho Pontal,PE,122,"256,51","42","10,1",Viga de concreto armado,-9.0009,-40.27216667,"3",30/01/2025,14/10/2025,,20<OAE<=60m (A2),10,,InR
40130,"Pontilhão km 96,00",PE,407,"96","3,4","12",Laje de concreto armado,-9.14083333,-40.63676667,"3",30/01/2025,14/10/2025,,OAE<=20m (A1),2,,InR
40134,"Pontilhão km 97,39",PE,407,"97,39","5,8","12",Laje de concreto armado,-9.15336667,-40.63608333,"4",30/01/2025,14/10/2025,,OAE<=20m (A1),2,,InR
40136,"Pontilhão km 104,50",PE,407,"104,5","3,4","12",Laje de concreto armado,-9.2171,-40.63045,"4",30/01/2025,14/10/2025,,OAE<=20m (A1),2,,InR
40126,Ponte sobre o Riacho Tigre,PE,407,"72,05","9","10",Laje de concreto armado,-8.95149597,-40.72743101,"3",30/01/2025,14/10/2025,,OAE<=20m (A1),2,,InR
40127,Ponte sobre o Riacho do Tanque,PE,407,"74,64","43","10",Viga de concreto armado,-8.96746667,-40.71763333,"4",30/01/2025,14/10/2025,,20<OAE<=60m (A2),2,,InR
40128,Ponte sobre o Rio Jardim,PE,407,"90,36","26,1","10",Viga de concreto armado,-9.09798832,-40.65237559,"3",30/01/2025,14/10/2025,,20<OAE<=60m (A2),2,,InR
40129,Ponte sobre o Riacho Jardim,PE,407,"92,39","11","10",Laje de concreto armado,-9.11026667,-40.64608333,"3",30/01/2025,14/10/2025,,OAE<=20m (A1),2,,InR
40135,Ponte sobre o Riacho Terra Nova,PE,407,"100,01","20,5","10",Laje de concreto armado,-9.17705,-40.63478333,"3",30/01/2025,14/10/2025,,OAE<=20m (A1),2,,InR
40177,"Pontilhão km 17,97",PE,407,"17,97","5,8","12",Laje de concreto armado,-8.57795,-40.99733333,"4",30/01/2025,14/10/2025,,OAE<=20m (A1),2,,InR
40180,Pontilhão sobre o Afluente do Riacho do Caboclo III,PE,407,"27,02","5,24","12",Laje de concreto armado,-8.64781716,-40.97102481,"3",30/01/2025,14/10/2025,,OAE<=20m (A1),2,,InR
40181,Pontilhão sobre o Afluente do Riacho do Caboclo IV,PE,407,"30,92","4,6","12",Laje de concreto armado,-8.678004,-40.956982,"3",30/01/2025,14/10/2025,,OAE<=20m (A1),2,,InR
40182,Pontilhão sobre o Afluente do Riacho do Caboclo V,PE,407,"35,56","5,45","11,3",Laje de concreto armado,-8.70489422,-40.92583872,"3",30/01/2025,14/10/2025,,OAE<=20m (A1),2,,InR
40186,Pontilhão sobre o Afluente do Riacho do Pontal,PE,407,"66,36","5,8","11,8",Laje de concreto armado,-8.90453872,-40.74843401,"3",30/01/2025,14/10/2025,,OAE<=20m (A1),2,,InR
40174,Ponte sobre o Riacho Jardim,PE,407,"5,56","11,2","10",Laje de concreto armado,-8.47098333,-41.0136,"3",30/01/2025,14/10/2025,,OAE<=20m (A1),2,,InR
40175,Ponte sobre o Riacho do Caboclo,PE,407,"11,41","47,44","9,7",Viga de concreto armado,-8.52178694,-41.00646516,"3",30/01/2025,14/10/2025,,20<OAE<=60m (A2),2,,InR
40176,Ponte sobre o Riacho Caboclo,PE,407,"16,55","6,8","10",Laje de concreto armado,-8.56588333,-40.99651667,"4",30/01/2025,14/10/2025,,OAE<=20m (A1),2,,InR
40183,Ponte sobre o Riacho Pontal,PE,407,"44,92","50,4","10",Viga caixão de concreto protendido,-8.77750219,-40.88208977,"3",30/01/2025,14/10/2025,,20<OAE<=60m (A2),2,,InR
40184,Ponte sobre o Riacho do Encanto,PE,407,"54,75","6,75","9,8",Laje de concreto armado,-8.82513206,-40.82440462,"3",30/01/2025,14/10/2025,,OAE<=20m (A1),2,,InR
40185,Ponte sobre o Riacho Caieira,PE,407,"62,63","11,2","9,8",Laje de concreto armado,-8.87371891,-40.76219824,"3",30/01/2025,14/10/2025,,OAE<=20m (A1),2,,InR
40227,"Viaduto km 7,68",PE,101,"7,68","68,7","15,4",Viga de concreto protendido,-7.56615,-34.99016667,"3",30/01/2025,14/10/2025,,60>OAE<=120m (A3),1,,InR
40535,Ponte sobre o Rio Pontal,PE,428,"138,82","7","10",Laje de concreto armado,-8.98705,-40.2612,"3",30/01/2025,14/10/2025,,OAE<=20m (A1),10,,InR
40632,Viaduto Escada I (LD),PE,101,"126,68","19","12,15","-",-8.37192614,-35.23291664,"-",30/01/2025,14/10/2025,,OAE<=20m (A1),1,,InCR
40760,"Viaduto km 303,43",PE,122,"303,43","108","18","-",-9.3758486,-40.49248599,"-",30/01/2025,14/10/2025,,60>OAE<=120m (A3),10,,InCR
200002,Ponte sobre o Riacho Branca dos Tavares,AL,104,"46,25","30","10,1",Não informado,-9.24216076,-36.01142009,"4",29/11/2025,15/10/2025,,20<OAE<=60m (A2),3,,InR
200004,Ponte sobre o Riacho Branca Grande,AL,104,"51,6","15,2","10",Viga de concreto armado,-9.25899256,-35.97551748,"4",29/11/2025,15/10/2025,,OAE<=20m (A1),3,,InR
200005,Ponte sobre o Riacho Cana Brava,AL,104,"34,06","15","10",Não informado,-9.1544177,-36.01301976,"4",29/11/2025,15/10/2025,,OAE<=20m (A1),3,,InR
200007,Ponte sobre o Riacho dos Macacos,AL,104,"37,11","15,2","10",Viga de concreto armado,-9.17558198,-36.03016358,"3",29/11/2025,15/10/2025,,OAE<=20m (A1),3,,InR
40252,Ponte sobre o Rio Goiana (LD),PE,101,"6,62","90,8","11,55",Viga de concreto armado,-7.55651667,-34.99125,"4",30/01/2025,15/10/2025,,60>OAE<=120m (A3),1,,InR
40253,Ponte sobre o Rio Goiana (LE),PE,101,"6,63","89,35","13,7",Viga de concreto protendido,-7.55661272,-34.99077639,"4",30/01/2025,15/10/2025,,60>OAE<=120m (A3),1,,InR
40226,Ponte sobre o Rio Capibaribe Mirim (LE),PE,101,"4,75","75,6","13,5",Viga de concreto protendido,-7.53941595,-34.99132851,"4",30/01/2025,15/10/2025,,60>OAE<=120m (A3),1,,InR
40225,Ponte sobre o Rio Capibaribe Mirim (LD),PE,101,"4,77","46,55","11,4",Viga de concreto protendido,-7.5396,-34.99148333,"3",30/01/2025,15/10/2025,,20<OAE<=60m (A2),1,,InR
40139,"Pontilhão km 109,34",PE,407,"109,34","3,6","12",Laje de concreto armado,-9.25488333,-40.6084,"4",30/01/2025,15/10/2025,,OAE<=20m (A1),2,,InR
40141,"Viaduto km 128,57",PE,407,"128,57","138","7,3",Viga caixão de concreto protendido,-9.39605,-40.50661667,"1",30/01/2025,15/10/2025,,120<OAE<=500m (A4),2,,InR
40142,"Viaduto km 128,88 (LD)",PE,407,"128,88","132,5","12,3",Viga caixão de concreto protendido,-9.39875,-40.50553333,"3",30/01/2025,15/10/2025,,120<OAE<=500m (A4),2,,InR
40143,"Viaduto km 128,87 (LE)",PE,407,"128,87","132","7,3",Viga caixão de concreto protendido,-9.39851667,-40.50518333,"3",30/01/2025,15/10/2025,,120<OAE<=500m (A4),2,,InR
40137,Ponte sobre o Riacho Goela do Mocó,PE,407,"105,83","8","10",Laje de concreto armado,-9.22746667,-40.62441667,"4",30/01/2025,15/10/2025,,OAE<=20m (A1),2,,InR
40138,Ponte sobre o Riacho Terra Nova,PE,407,"106,97","11","10",Laje de concreto armado,-9.23636667,-40.6192,"4",30/01/2025,15/10/2025,,OAE<=20m (A1),2,,InR
40140,Ponte sobre o Riacho das Porteiras (LE),PE,407,"126,11","32","10",Viga de concreto armado,-9.3858,-40.52733333,"4",30/01/2025,15/10/2025,,20<OAE<=60m (A2),2,,InR
40144,Viaduto sobre Av. Cardoso de Sá,PE,407,"129,28","25","20,3",Laje de concreto armado,-9.40201667,-40.50375,"4",30/01/2025,15/10/2025,,20<OAE<=60m (A2),2,,InR
40187,Ponte sobre o Riacho das Porteiras (LD),PE,407,"126,11","24,7","10,5",Laje de concreto armado,-9.3859,-40.52738333,"2",30/01/2025,15/10/2025,,20<OAE<=60m (A2),2,,InR
40222,"Ponte km 1,55",PE,101,"1,55","9,85","27,4",Laje de concreto armado,-7.51346667,-34.98936667,"4",30/01/2025,15/10/2025,,OAE<=20m (A1),1,,InR
40223,"Passagem Inferior km 4,34",PE,101,"4,34","5,7","30,85",Laje de concreto armado,-7.53573333,-34.9915,"3",30/01/2025,15/10/2025,,OAE<=20m (A1),1,,InR
40224,Ponte sobre o Afluente do Rio Capibaribe Mirim II,PE,101,"4,26","9,7","63,2",Laje de concreto armado,-7.53446488,-34.99149799,"4",30/01/2025,15/10/2025,,OAE<=20m (A1),1,,InR
40522,"Pontilhão km 96,81",PE,428,"96,81","3,6","11",Laje de concreto armado,-8.82311667,-39.93345,"4",30/01/2025,15/10/2025,,OAE<=20m (A1),10,,InR
40523,"Pontilhão km 99,88",PE,428,"99,88","3,6","11",Laje de concreto armado,-8.83685,-39.95676667,"4",30/01/2025,15/10/2025,,OAE<=20m (A1),10,,InR
40537,"Pontilhão km 160,78",PE,428,"160,78","3","12",Laje de concreto armado,-9.15333333,-40.36063333,"3",30/01/2025,15/10/2025,,OAE<=20m (A1),10,,InR
40756,"Viaduto km 305,59",PE,122,"305,59","44","18","-",-9.38065463,-40.51111603,"-",30/01/2025,15/10/2025,,20<OAE<=60m (A2),10,,InCR
200003,Ponte sobre o Rio Bulangi,AL,104,"64,69","30,3","10,15",Viga de concreto armado,-9.33218027,-35.89914864,"1",29/11/2025,16/10/2025,,20<OAE<=60m (A2),3,,InR
200006,Ponte sobre o Riacho Capapi,AL,104,"68,77","24,3","10",Não informado,-9.35507614,-35.87266503,"4",29/11/2025,16/10/2025,,20<OAE<=60m (A2),3,,InR
130115,Ponte sobre a Várzea do Rio Mamanguape (LD),PB,101,"41,94","28","11,6",Laje de concreto armado,-6.85612672,-35.13455618,"4",19/03/2025,16/10/2025,,20<OAE<=60m (A2),18,,InR
130129,Ponte sobre o Riacho Jacuipe (LE),PB,101,"61,32","45","13,7",Viga de concreto protendido,-7.01236667,-35.06091667,"4",19/03/2025,16/10/2025,,20<OAE<=60m (A2),18,,InR
130133,Ponte sobre o Riacho Jacuípe (LD),PB,101,"61,31","35","11,5",Viga de concreto armado,-7.01230892,-35.0610577,"4",19/03/2025,16/10/2025,,20<OAE<=60m (A2),18,,InR
130135,Viaduto Santa Rita III (LD),PB,101,"75,38","30","13,8",Viga de concreto protendido,-7.08545276,-34.96955659,"4",19/03/2025,16/10/2025,,20<OAE<=60m (A2),18,,InR
130147,Viaduto Santa Rita III (LE),PB,101,"75,38","30","13",Viga caixão de concreto armado,-7.08536657,-34.96943588,"4",19/03/2025,16/10/2025,,20<OAE<=60m (A2),18,,InR
40378,Ponte sobre o Rio São Francisco,PE,407,"129,35","805","20,3",Viga de concreto protendido,-9.40256667,-40.50383333,"3",30/01/2025,16/10/2025,,500<OAE<=1000m (A5),2,,InR
63,Viaduto,PE,122,"307,06","22","-",Não informado,-9.388352,-40.524884,"-",30/01/2025,16/10/2025,,OAE<=20m (A1),2,,InCR
64,Passarela,AL,104,"58,9","-","-",Não informado,-9.311984,-35.934308,"-",29/11/2025,17/10/2025,,OAE<=20m (A1),3,Passarela,InCR
130103,Passagem inferior Mamanguape II,PB,101,"34,64","5","53,47",Laje de concreto armado,-6.79082116,-35.13613328,"4",19/03/2025,17/10/2025,,OAE<=20m (A1),18,,InR
130107,"Viaduto km 39,95 (LE)",PB,101,"39,95","70","13,7",Viga de concreto protendido,-6.83838333,-35.13653333,"4",19/03/2025,17/10/2025,,60>OAE<=120m (A3),18,,InR
130108,"Viaduto km 39,95 (LD)",PB,101,"39,95","70","13,7",Viga de concreto protendido,-6.83841667,-35.13666667,"4",19/03/2025,17/10/2025,,60>OAE<=120m (A3),18,,InR
130110,Ponte sobre o Rio Mamanguape (LD),PB,101,"41,72","135","11,5",Viga de concreto armado,-6.854146,-35.13478937,"2",19/03/2025,17/10/2025,,120<OAE<=500m (A4),18,,InR
130112,Ponte sobre o Rio Mamanguape (LE),PB,101,"41,72","127","13,7",Viga de concreto protendido,-6.85416925,-35.13467457,"2",19/03/2025,17/10/2025,,120<OAE<=500m (A4),18,,InR
130116,Ponte sobre a Várzea do Rio Mamanguape (LE),PB,101,"41,98","26","13,8",Viga de concreto protendido,-6.85613088,-35.1344401,"4",19/03/2025,17/10/2025,,20<OAE<=60m (A2),18,,InR
130102,Passagem inferior Mamanguape I,PB,101,"9,62","6,1","30,6",Laje de concreto armado,-6.58017237,-35.14432891,"4",19/03/2025,18/10/2025,,OAE<=20m (A1),18,,InR
130104,Ponte sobre o Rio Camaratuba (LE),PB,101,"18,06","50","11,5",Viga de concreto armado,-6.64785,-35.1213,"4",19/03/2025,18/10/2025,,20<OAE<=60m (A2),18,,InR
130153,Ponte sobre o Rio Camaratuba (LD),PB,101,"18,06","59,6","13,7",Viga de concreto protendido,-6.64786667,-35.12146667,"4",19/03/2025,18/10/2025,,20<OAE<=60m (A2),18,,InR
200010,"Viaduto km 91,55 (LD)",AL,104,"91,55","99,9","11,35",Viga de concreto protendido,-9.51348333,-35.8056,"4",29/11/2025,20/10/2025,,60>OAE<=120m (A3),3,,InR
200011,"Viaduto km 91,55 (LE)",AL,104,"91,55","99,9","11,35",Viga de concreto protendido,-9.51345,-35.80545,"4",29/11/2025,20/10/2025,,60>OAE<=120m (A3),3,,InR
200094,Ponte sobre o Rio Moxotó,AL,110,"0","312","13,5",Viga de concreto protendido,-9.29523333,-38.20303333,"3",29/11/2025,20/10/2025,,120<OAE<=500m (A4),8,,InR
200174,"Viaduto km 85,00",AL,104,"85","10,3","41",Arco inferior de concreto armado,-9.45431667,-35.83021667,"3",29/11/2025,20/10/2025,,OAE<=20m (A1),3,ARMCO,InR
130066,Ponte sobre o Rio Espinharas,PB,230,"333,82","183","13",Viga caixão de concreto armado,-7.0104,-37.2743,"3",19/03/2025,20/10/2025,,120<OAE<=500m (A4),19,,InR
130298,Ponte sobre o Rio Sabugi,PB,230,"308,71","126","9,7",Viga de concreto armado,-6.92877893,-37.07516402,"3",19/03/2025,20/10/2025,,120<OAE<=500m (A4),19,,InR
40170,"Viaduto km 100,59 (LD)",PE,408,"100,59","145","12",Viga caixão de concreto armado,-8.0449,-35.01178333,"4",30/01/2025,20/10/2025,,120<OAE<=500m (A4),3,,InR
40171,"Viaduto km 100,59 (LE)",PE,408,"100,59","145","12",Viga caixão de concreto armado,-8.04478333,-35.01166667,"4",30/01/2025,20/10/2025,,120<OAE<=500m (A4),3,,InR
40155,"Viaduto km 104,74",PE,408,"104,74","9","46,75",Laje de concreto armado,-8.07078333,-34.99156667,"5",30/01/2025,20/10/2025,,OAE<=20m (A1),3,,InR
40458,"Ponte km 101,11",PE,408,"101,11","10,65","56",Laje de concreto armado,-8.04801667,-35.00853333,"3",30/01/2025,20/10/2025,,OAE<=20m (A1),3,,InR
200056,Pontilhão sobre o Riacho do Gato,AL,423,"67,16","5,36","8,5",Laje de concreto armado,-9.30140476,-37.8729857,"4",29/11/2025,21/10/2025,,OAE<=20m (A1),7,,InR
200057,Ponte sobre o Riacho Mosquita,AL,423,"78,75","10,9","8,3",Viga de concreto armado,-9.32708555,-37.97497798,"4",29/11/2025,21/10/2025,,OAE<=20m (A1),7,,InR
200058,"Pontilhão km 38,66",AL,423,"38,66","4,8","8,9",Laje de concreto armado,-9.22923333,-37.62423333,"2",29/11/2025,21/10/2025,,OAE<=20m (A1),7,,InR
200132,Ponte sobre o Rio D'Aguinha,AL,316,"29,03","9","14,2",Viga de concreto armado,-9.10133902,-37.66129404,"4",29/11/2025,21/10/2025,,OAE<=20m (A1),5,,InR
56,"Pontilhão - Km 24,70",AL,424,"24,7","9,5","-",Não informado,-9.358838,-36.271318,"-",29/11/2025,21/10/2025,,OAE<=20m (A1),11,,InCR
57,Ponte sobre o Rio Paraíba,AL,424,"39,3","84,3","-",Não informado,-9.370606,-36.163833,"-",29/11/2025,21/10/2025,,60>OAE<=120m (A3),11,,InCR
200191,Viaduto sobre Ferrovia Cajueiro,AL,424,"41,44","12,85","10",Não informado,-9.37484236,-36.16443315,"-",29/11/2025,21/10/2025,,OAE<=20m (A1),11,,InCR
130009,"Ponte km 381,97",PB,230,"381,97","6,6","12",Laje de concreto armado,-6.907,-37.67775,"2",19/03/2025,21/10/2025,,OAE<=20m (A1),9,,InR
130063,"Ponte km 382,28",PB,230,"382,28","11,73","12",Laje de concreto armado,-6.9063,-37.6805,"3",19/03/2025,21/10/2025,,OAE<=20m (A1),9,,InR
130064,Ponte sobre o Riacho São Vicente,PB,230,"382,51","6,6","12",Laje de concreto armado,-6.90576667,-37.6825,"3",19/03/2025,21/10/2025,,OAE<=20m (A1),9,,InR
40149,"Viaduto km 93,43 (LD)",PE,408,"93,43","25,9","12,1",Viga de concreto protendido,-8.00313333,-35.05116667,"4",30/01/2025,21/10/2025,,20<OAE<=60m (A2),3,,InR
40150,"Viaduto km 93,43 (LE)",PE,408,"93,43","24,7","12,8",Viga de concreto armado,-8.003,-35.05113333,"3",30/01/2025,21/10/2025,,20<OAE<=60m (A2),3,,InR
40151,Viaduto São Lourenço da Mata III (LD),PE,408,"86,49","28,7","15,5",Viga de concreto protendido,-8.00619647,-35.04464558,"3",30/01/2025,21/10/2025,,20<OAE<=60m (A2),3,,InR
40152,Viaduto São Lourenço da Mata III (LE),PE,408,"86,49","28,7","15,5",Viga de concreto protendido,-8.00607301,-35.04450517,"4",30/01/2025,21/10/2025,,20<OAE<=60m (A2),3,,InR
200051,Ponte sobre o Riacho Cordeiro,AL,423,"96,02","10,8","8,45",Viga de concreto armado,-9.37850179,-38.12330277,"3",29/11/2025,22/10/2025,,OAE<=20m (A1),7,,InR
200052,Ponte sobre o Riacho Gravatá,AL,423,"64,9","12,8","8,6",Viga de concreto armado,-9.29732646,-37.85280134,"4",29/11/2025,22/10/2025,,OAE<=20m (A1),7,,InR
200053,Ponte sobre o Riacho Moreira,AL,423,"66,32","12,8","8,2",Viga de concreto armado,-9.29988245,-37.86541977,"3",29/11/2025,22/10/2025,,OAE<=20m (A1),7,,InR
200054,Pontilhão sobre o Riacho Vinte,AL,423,"94","5,9","8,4",Laje de concreto armado,-9.3726046,-38.10591403,"4",29/11/2025,22/10/2025,,OAE<=20m (A1),7,,InR
200055,Pontilhão sobre o Riacho Quinze,AL,423,"91,58","5,1","10,3",Laje de concreto armado,-9.36549885,-38.08505074,"4",29/11/2025,22/10/2025,,OAE<=20m (A1),7,,InR
51,"Pontilhão - Km 0,00",AL,424,"0","10","-",Não informado,-9.175059,-36.302052,"-",29/11/2025,22/10/2025,,OAE<=20m (A1),11,,InCR
52,"Pontilhão - Km 2,18",AL,424,"2,18","10","-",Não informado,-9.191969,-36.297959,"-",29/11/2025,22/10/2025,,OAE<=20m (A1),11,,InCR
53,"Pontilhão - Km 7,35",AL,424,"7,35","10","-",Não informado,-9.233006,-36.309697,"-",29/11/2025,22/10/2025,,OAE<=20m (A1),11,,InCR
54,"Pontilhão - Km 7,95",AL,424,"7,95","10","-",Não informado,-9.237956,-36.308332,"-",29/11/2025,22/10/2025,,OAE<=20m (A1),11,,InCR
55,"Pontilhão - Km 9,10",AL,424,"9,1","10","-",Não informado,-9.247076,-36.306371,"-",29/11/2025,22/10/2025,,OAE<=20m (A1),11,,InCR
130072,"Pontilhão km 379,15",PB,230,"379,15","3,42","12",Laje de concreto armado,-6.91156667,-37.65263333,"4",19/03/2025,22/10/2025,,OAE<=20m (A1),9,,InR
40145,Ponte sobre o Rio Tapacurá (LD),PE,408,"80,79","54","13,75",Viga de concreto protendido,-7.97704427,-35.08420551,"4",30/01/2025,22/10/2025,,20<OAE<=60m (A2),3,,InR
40146,Ponte sobre o Rio Tapacurá (LE),PE,408,"88,38","53,8","14,15",Viga caixão de concreto armado,-7.977,-35.08406667,"4",30/01/2025,22/10/2025,,20<OAE<=60m (A2),3,,InR
40147,"Ponte km 90,03 (LD)",PE,408,"90,03","12,5","15,1",Viga de concreto protendido,-7.98896667,-35.07621667,"4",30/01/2025,22/10/2025,,OAE<=20m (A1),3,,InR
40148,"Ponte km 90,04 (LE)",PE,408,"90,04","12,5","15,1",Laje de concreto armado,-7.98893333,-35.07603333,"3",30/01/2025,22/10/2025,,OAE<=20m (A1),3,,InR
200083,Ponte sobre o Rio Boacica (LD),AL,101,"215,43","69,3","11,5",Viga de concreto armado,-10.03813333,-36.64325,"4",29/11/2025,26/10/2025,,60>OAE<=120m (A3),1,,InR
130007,Ponte sobre o Afluente do Rio Espinharas II,PB,110,"60,8","13","8,2",Viga de concreto armado,-6.7941245,-37.3873745,"4",19/03/2025,28/10/2025,,OAE<=20m (A1),10,,InR
130017,"Ponte km 499,57",PB,230,"499,57","13,3","8,26",Viga de concreto armado,-6.89453333,-38.53931667,"2",19/03/2025,28/10/2025,,OAE<=20m (A1),12,,InR
130049,Ponte sobre o Riacho Cauassú,PB,110,"52,96","8","10",Laje de concreto armado,-6.73283858,-37.41917029,"3",19/03/2025,28/10/2025,,OAE<=20m (A1),10,,InR
130050,Ponte sobre o Riacho da Aguilhada,PB,110,"55,36","50","10",Viga de concreto armado,-6.75803932,-37.40335911,"4",19/03/2025,28/10/2025,,20<OAE<=60m (A2),10,,InR
130051,Ponte sobre o Rio Minador,PB,110,"53,19","90,5","11,1",Viga de concreto armado,-6.7421,-37.41206667,"3",19/03/2025,28/10/2025,,60>OAE<=120m (A3),10,,InR
130053,Pontilhão sobre o Afluente do Riacho Cauassú,PB,110,"52,54","4,7","10",Laje de concreto armado,-6.72713549,-37.4220796,"4",19/03/2025,28/10/2025,,OAE<=20m (A1),10,,InR
130054,Pontilhão sobre o Afluente do Rio Espinharas I,PB,110,"59,84","4,58","8,2",Laje de concreto armado,-6.7863046,-37.39070425,"4",19/03/2025,28/10/2025,,OAE<=20m (A1),10,,InR
130008,Ponte sobre o Afluente do Córrego Cabaceiras IV,PB,110,"73,95","8,8","8,2",Viga de concreto armado,-6.90683009,-37.40882575,"4",19/03/2025,29/10/2025,,OAE<=20m (A1),10,,InR
130052,Pontilhão sobre o Afluente do Córrego Cabaceiras I,PB,110,"65,15","4,85","9,3",Laje de concreto armado,-6.83033364,-37.39692422,"4",19/03/2025,29/10/2025,,OAE<=20m (A1),10,,InR
130055,Ponte sobre o Afluente do Córrego Cabeceiras III,PB,110,"68,3","3,7","13,4",Laje de concreto armado,-6.85678653,-37.40716032,"4",19/03/2025,29/10/2025,,OAE<=20m (A1),10,,InR
130056,"Pontilhão km 67,35",PB,110,"67,35","3,63","13,4",Laje de concreto armado,-6.85805,-37.40766667,"4",19/03/2025,29/10/2025,,OAE<=20m (A1),10,,InR
200180,Ponte sobre o Rio Piauí,AL,349,"5,52","20,95","10,05",Não informado,-10.14933536,-36.36221666,"-",29/11/2025,07/11/2025,,OAE<=20m (A1),10,,InCR
200181,Ponte sobre o Rio Perucaba,AL,349,"118,37","35","9",Não informado,-10.21318569,-36.49473828,"-",29/11/2025,07/11/2025,,20<OAE<=60m (A2),10,,InCR
200190,Ponte sobre o Rio Marituba,AL,349,"112,35","17,05","9,15",Não informado,-10.18713138,-36.45304203,"-",29/11/2025,07/11/2025,,OAE<=20m (A1),10,,InCR
30231,"Ponte km 3,47",CE,403,"3,47","11,4","9,55",Laje de concreto armado,-2.919,-40.14245,"2",04/12/2025,,07/11/2025,OAE<=20m (A1),7,OAC - Bueiro,InR
40456,Ponte sobre o Rio Goitá (LD),PE,408,"86,74","32","13,85",Viga de concreto protendido,-7.96565,-35.0925,"4",30/01/2025,07/11/2025,,20<OAE<=60m (A2),3,,InR
40457,Ponte sobre o Rio Goitá (LE),PE,408,"86,75","32","14",Viga de concreto protendido,-7.9657,-35.09235,"3",30/01/2025,07/11/2025,,20<OAE<=60m (A2),3,,InR
40454,"Viaduto km 82,72 (LD)",PE,408,"82,72","20","12",Viga de concreto protendido,-7.94471667,-35.11831667,"4",30/01/2025,07/11/2025,,OAE<=20m (A1),3,,InR
40455,"Viaduto km 82,72 (LE)",PE,408,"82,72","20","11,35",Viga de concreto protendido,-7.9446,-35.11826667,"4",30/01/2025,07/11/2025,,OAE<=20m (A1),3,,InR
43,Ponte Sobre o Rio Coruripe,AL,349,"77,3","92","-",Não informado,-10.13503025,-36.17589462,"-",29/11/2025,10/11/2025,,60>OAE<=120m (A3),10,,InCR
200188,Ponte sobre o Riacho Camundonguinho,AL,349,"2,21","18","8",Não informado,-10.15637863,-36.34062237,"-",29/11/2025,10/11/2025,,OAE<=20m (A1),10,,InCR
30140,Ponte sobre o Rio Jaguaribe,CE,226,"67,46","344,51","10",Viga de concreto armado,-5.8999,-38.63293333,"3",04/12/2025,10/11/2025,,120<OAE<=500m (A4),15,,InR
30206,"Ponte km 3,15",CE,403,"3,15","11,4","10,55",Laje de concreto armado,-2.91783333,-40.13983333,"2",04/12/2025,,10/11/2025,OAE<=20m (A1),7,OAC - Bueiro,InR
30219,Ponte sobre o Rio Acaraú,CE,403,"3,84","162,3","10",Viga de concreto protendido,-2.91945,-40.1457,"2",04/12/2025,10/11/2025,,120<OAE<=500m (A4),7,,InR
30224,"Ponte km 1,68",CE,403,"1,68","10,1","30",Laje de concreto armado,-2.90875,-40.13293333,"4",04/12/2025,,10/11/2025,OAE<=20m (A1),7,OAC - Bueiro,InR
30118,Ponte sobre o Riacho Curral Velho,CE,116,"326,36","21","9,1",Viga de concreto armado,-6.05054401,-38.64839452,"3",04/12/2025,10/11/2025,,OAE<=20m (A1),15,,InR
30125,Ponte sobre o Riacho do Brum,CE,116,"343,72","30,26","10,1",Viga de concreto armado,-6.19870593,-38.66592297,"2",04/12/2025,10/11/2025,,20<OAE<=60m (A2),15,,InR
40450,"Viaduto km 79,47 (LD)",PE,408,"79,47","20","12",Viga de concreto protendido,-7.92923333,-35.14306667,"4",30/01/2025,10/11/2025,,OAE<=20m (A1),3,,InR
40451,"Viaduto km 79,48 (LE)",PE,408,"79,48","20","11,35",Viga de concreto protendido,-7.9291,-35.14295,"4",30/01/2025,10/11/2025,,OAE<=20m (A1),3,,InR
40452,"Viaduto km 80,88 (LD)",PE,408,"80,88","20","12",Viga de concreto protendido,-7.93406667,-35.13113333,"4",30/01/2025,10/11/2025,,OAE<=20m (A1),3,,InR
40453,"Viaduto km 80,88 (LE)",PE,408,"80,88","20","11,2",Viga de concreto protendido,-7.93393333,-35.13105,"4",30/01/2025,10/11/2025,,OAE<=20m (A1),3,,InR
40693,Passarela,PE,408,"80,79","0","-",Não informado,-7.94272995,-35.12195969,"-",30/01/2025,10/11/2025,,OAE<=20m (A1),3,Passarela,InCR
200183,Ponte sobre o Rio Jequiá,AL,349,"49,7","59,55","10",Não informado,-10.01490365,-36.0258947,"-",29/11/2025,11/11/2025,,20<OAE<=60m (A2),10,,InCR
30113,Ponte sobre o Rio Felizardo,CE,116,"429,48","12,1","10",Laje de concreto armado,-6.85049897,-38.73735176,"2",04/12/2025,11/11/2025,,OAE<=20m (A1),17,,InR
30126,Viaduto Icó I,CE,116,"378,26","14,6","14,7",Laje de concreto armado,-6.41824387,-38.86176239,"4",04/12/2025,11/11/2025,,OAE<=20m (A1),15,,InR
30122,Ponte sobre o Rio Vicente,CE,116,"345,79","22,15","10",Viga de concreto armado,-6.21651968,-38.67024038,"2",04/12/2025,11/11/2025,,20<OAE<=60m (A2),15,,InR
30120,Ponte sobre o Riacho Bertioga,CE,116,"393,53","28","9,8",Viga de concreto armado,-6.55490997,-38.85894709,"3",04/12/2025,11/11/2025,,20<OAE<=60m (A2),17,,InR
30117,Ponte sobre o Riacho Lima,CE,116,"413,38","28,6","10",Viga de concreto armado,-6.72408248,-38.80304189,"3",04/12/2025,11/11/2025,,20<OAE<=60m (A2),17,,InR
30123,Ponte sobre o Riacho dos Cavalos II,CE,116,"395,92","35","10",Viga de concreto armado,-6.57395752,-38.85006567,"4",04/12/2025,11/11/2025,,20<OAE<=60m (A2),17,,InR
30114,Ponte sobre o Riacho Pendência,CE,116,"408,74","40,1","10",Viga de concreto armado,-6.6829222,-38.81138733,"2",04/12/2025,11/11/2025,,20<OAE<=60m (A2),17,,InR
30115,Ponte sobre Riacho Capim Pubo,CE,116,"370,48","24,9","9,8",Viga de concreto armado,-6.37532929,-38.80723023,"2",04/12/2025,11/11/2025,,20<OAE<=60m (A2),15,,InR
30121,Ponte sobre o Riacho do Urubu,CE,116,"401,88","46,6","10",Viga de concreto armado,-6.62415684,-38.83144182,"3",04/12/2025,11/11/2025,,20<OAE<=60m (A2),17,,InR
30124,Ponte sobre o Riacho Capitão Mór,CE,116,"362,51","40,1","10",Viga de concreto armado,-6.33466923,-38.74322292,"2",04/12/2025,11/11/2025,,20<OAE<=60m (A2),15,,InR
40440,"Viaduto km 74,00 (LE)",PE,408,"74","20","11,2",Viga de concreto protendido,-7.89693333,-35.17305,"4",30/01/2025,11/11/2025,,OAE<=20m (A1),3,,InR
40441,Viaduto Paudalho IV (LD),PE,408,"66,42","20","12",Viga de concreto protendido,-7.89692754,-35.17316814,"4",30/01/2025,11/11/2025,,OAE<=20m (A1),3,,InR
40446,"Viaduto km 74,95 (LD)",PE,408,"74,95","20","12",Viga de concreto protendido,-7.90535,-35.17346667,"4",30/01/2025,11/11/2025,,OAE<=20m (A1),3,,InR
40447,"Viaduto km 74,94 (LE)",PE,408,"74,94","20","11,4",Viga de concreto protendido,-7.90533333,-35.17336667,"4",30/01/2025,11/11/2025,,OAE<=20m (A1),3,,InR
40448,Viaduto Paudalho VI (LD),PE,408,"68,99","20","12",Viga de concreto protendido,-7.91742781,-35.16652421,"4",30/01/2025,11/11/2025,,OAE<=20m (A1),3,,InR
40449,"Viaduto km 76,59 (LE)",PE,408,"76,59","20","11,2",Viga de concreto protendido,-7.9173,-35.16645,"4",30/01/2025,11/11/2025,,OAE<=20m (A1),3,,InR
39,Ponte sobre o Rio São Miguel,AL,349,"23,1","480","-",Não informado,-9.83909765,-35.92492304,"-",29/11/2025,12/11/2025,,120<OAE<=500m (A4),10,,InCR
30211,"Ponte km 156,06",CE,402,"156,06","10,15","14,5",Laje de concreto armado,-3.13501667,-40.31295,"2",04/12/2025,,12/11/2025,OAE<=20m (A1),8,OAC - Bueiro,InR
30212,Ponte sobre o Rio Acaraú I,CE,402,"176,35","168,1","11",Viga caixão de concreto armado,-3.12454029,-40.14535293,"2",04/12/2025,12/11/2025,,120<OAE<=500m (A4),8,,InR
30229,Ponte sobre o Riacho do Córrego,CE,402,"169,69","16,25","4,6",Laje de concreto armado,-3.14105,-40.19718333,"3",04/12/2025,12/11/2025,,OAE<=20m (A1),8,,InR
30338,Ponte sobre o Rio Acaraú,CE,402,"177,8","168","11",Viga caixão de concreto protendido,-3.12388115,-40.13242484,"4",04/12/2025,12/11/2025,,120<OAE<=500m (A4),8,,InR
30129,Ponte sobre o Riacho Tamanduá,CE,116,"495,25","26,4","13,3",Viga de concreto armado,-7.42854299,-38.97049101,"3",04/12/2025,12/11/2025,,20<OAE<=60m (A2),17,,InR
30139,Ponte sobre o Riacho Jardim,CE,116,"525,84","33,15","11,8",Viga de concreto armado,-7.6852903,-39.00810193,"2",04/12/2025,12/11/2025,,20<OAE<=60m (A2),17,,InR
30363,Ponte sobre a Transposição do Rio São Francisco I,CE,116,"535,88","35,9","13","-",-7.75393922,-39.06100193,"-",04/12/2025,12/11/2025,,20<OAE<=60m (A2),17,,InCR
30364,"Ponte km 540,48",CE,116,"540,48","42","13,2","-",-7.79250136,-39.07650434,"-",04/12/2025,12/11/2025,,20<OAE<=60m (A2),17,,InCR
30135,Ponte sobre o Riacho Relirana,CE,116,"509,56","45,4","13",Viga caixão de concreto protendido,-7.54498212,-39.01655266,"3",04/12/2025,12/11/2025,,20<OAE<=60m (A2),17,,InR
30112,Ponte sobre o Rio das Cuncás,CE,116,"443,91","55,25","10",Viga de concreto armado,-7.07723128,-38.78485257,"4",04/12/2025,12/11/2025,,20<OAE<=60m (A2),17,,InR
30116,Ponte sobre o Riacho dos Porcos,CE,116,"485,79","84,6","12,8",Viga de concreto armado,-7.32476667,-38.93773333,"2",04/12/2025,12/11/2025,,60>OAE<=120m (A3),17,,InR
130092,"Ponte km 18,78",PB,427,"18,78","8,9","12,45",Laje de concreto armado,-6.71003333,-37.64451667,"4",19/03/2025,12/11/2025,,OAE<=20m (A1),11,,InR
130095,Ponte sobre o Riacho dos Pilões,PB,427,"16,53","40,2","10",Viga de concreto armado,-6.70379504,-37.62557939,"4",19/03/2025,12/11/2025,,20<OAE<=60m (A2),11,,InR
130109,Ponte sobre o Rio Covões,PB,427,"2,42","50","10",Viga caixão de concreto armado,-6.65167363,-37.51431859,"3",19/03/2025,12/11/2025,,20<OAE<=60m (A2),11,,InR
130111,Pontilhão sobre o Afluente do Riacho da Cruz I,PB,361,"16,86","5,8","10",Laje de concreto armado,-7.06124393,-37.40205528,"4",19/03/2025,12/11/2025,,OAE<=20m (A1),6,,InR
130113,Ponte sobre o Riacho do Bálsamo,PB,427,"7,77","42","10",Viga de concreto armado,-6.66353034,-37.5588285,"3",19/03/2025,12/11/2025,,20<OAE<=60m (A2),11,,InR
130119,Ponte sobre o Riacho do André,PB,427,"2,05","130","10",Viga de concreto armado,-6.6509,-37.51106667,"3",19/03/2025,12/11/2025,,120<OAE<=500m (A4),11,,InR
40445,Ponte sobre o Rio Capibaribe (LE),PE,408,"73,71","123,5","11,4",Viga de concreto armado,-7.89428333,-35.17335,"3",30/01/2025,12/11/2025,,120<OAE<=500m (A4),3,,InR
40444,Ponte sobre o Rio Capibaribe (LD),PE,408,"73,71","120,34","12,1",Viga de concreto armado,-7.89435,-35.17348333,"4",30/01/2025,12/11/2025,,60>OAE<=120m (A3),3,,InR
40438,"Viaduto km 71,68 (LD)",PE,408,"71,68","20","12",Viga de concreto protendido,-7.88041667,-35.18358333,"4",30/01/2025,12/11/2025,,OAE<=20m (A1),3,,InR
40439,"Viaduto km 71,68 (LE)",PE,408,"71,68","20","12",Viga de concreto protendido,-7.88036667,-35.18345,"4",30/01/2025,12/11/2025,,OAE<=20m (A1),3,,InR
40442,"Viaduto km 73,61 sobre Ferrovia (LE)",PE,408,"73,61","14,9","11,2",Viga de concreto armado,-7.8936,-35.17351667,"4",30/01/2025,12/11/2025,,OAE<=20m (A1),3,,InR
40443,"Viaduto km 73,61 sobre Ferrovia (LD)",PE,408,"73,61","15,35","12",Viga de concreto armado,-7.89355,-35.17373333,"4",30/01/2025,12/11/2025,,OAE<=20m (A1),3,,InR
37,Viaduto sobre a Rotatória da Barra (LD),AL,349,"18","90","-",Não informado,-9.832946,-35.896907,"-",29/11/2025,13/11/2025,,60>OAE<=120m (A3),10,,InCR
38,Viaduto sobre a Rotatória da Barra (LE),AL,349,"18","90","-",Não informado,-9.833075,-35.896928,"-",29/11/2025,13/11/2025,,60>OAE<=120m (A3),10,,InCR
30130,Ponte sobre o Rio Salgado,CE,230,"39","86,4","9",Viga de concreto armado,-6.75403333,-38.95988333,"2",04/12/2025,13/11/2025,,60>OAE<=120m (A3),18,,InR
30132,Ponte sobre o Riacho da Unha,CE,230,"29,83","30,6","10",Viga de concreto armado,-6.75848177,-38.88123575,"2",04/12/2025,13/11/2025,,20<OAE<=60m (A2),18,,InR
30133,Ponte sobre o Riacho Unha de Gato,CE,230,"48,63","50,6","10",Viga de concreto armado,-6.76729193,-39.03663331,"2",04/12/2025,13/11/2025,,20<OAE<=60m (A2),18,,InR
30134,Ponte sobre o Riacho do Mocotó,CE,230,"62,6","30,6","10",Viga de concreto armado,-6.7476927,-39.15685665,"2",04/12/2025,13/11/2025,,20<OAE<=60m (A2),18,,InR
30136,Ponte sobre o Riacho Caiana,CE,230,"75,8","30,5","10",Viga de concreto armado,-6.7894102,-39.26195072,"3",04/12/2025,13/11/2025,,20<OAE<=60m (A2),18,,InR
30138,"Ponte km 98,32",CE,230,"98,32","15,5","12",Laje de concreto armado,-6.8442,-39.44293333,"3",04/12/2025,,13/11/2025,OAE<=20m (A1),18,OAC - Bueiro,InR
30131,Ponte sobre o Riacho da Carás,CE,230,"106,95","20,9","8,25",Viga de concreto armado,-6.88019568,-39.51708978,"3",04/12/2025,13/11/2025,,OAE<=20m (A1),18,,InR
30137,Ponte sobre o Riacho Fortuna,CE,230,"98,56","30,9","8,2",Viga de concreto armado,-6.84769515,-39.44900206,"3",04/12/2025,13/11/2025,,20<OAE<=60m (A2),18,,InR
30213,Ponte sobre o Rio Aracati-Mirim,CE,402,"215,46","33,4","7,45",Viga de concreto armado,-3.27358333,-39.90781667,"2",04/12/2025,13/11/2025,,20<OAE<=60m (A2),6,,InR
30240,"Ponte km 215,14",CE,402,"215,14","11","7,5",Viga de concreto armado,-3.2725,-39.91045,"2",04/12/2025,13/11/2025,,OAE<=20m (A1),6,,InR
30241,Ponte sobre o Riacho Muluzinha,CE,402,"225,3","21,7","7,5",Viga de concreto armado,-3.347,-39.8622,"2",04/12/2025,13/11/2025,,OAE<=20m (A1),6,,InR
30346,Ponte sobre o Rio Cajá,CE,116,"307,02","40,2","10,1",Viga de concreto armado,-5.88367195,-38.61682197,"2",04/12/2025,13/11/2025,,20<OAE<=60m (A2),15,,InR
30341,Ponte sobre o Rio Pitombeira,CE,116,"305,49","59,3","10,1",Laje de concreto armado,-5.87440267,-38.60739715,"2",04/12/2025,13/11/2025,,20<OAE<=60m (A2),15,,InR
65,Viaduto Transnordestina,CE,230,"44,307","10,1","-",Não informado,-6.765733,-38.998753,"-",04/12/2025,13/11/2025,,OAE<=20m (A1),18,,InCR
130023,Ponte sobre o Riacho Jenipapo,PB,427,"33,37","13,1","8,2",Viga de concreto armado,-6.75305033,-37.75988607,"2",19/03/2025,13/11/2025,,OAE<=20m (A1),11,,InR
130101,Ponte sobre o Riacho da Caiçara,PB,427,"20,7","130,05","10",Viga de concreto armado,-6.72163333,-37.6568,"3",19/03/2025,13/11/2025,,120<OAE<=500m (A4),11,,InR
40692,Passarela,PE,408,"72,93","0","-",Não informado,-7.89939022,-35.17298126,"-",30/01/2025,13/11/2025,,OAE<=20m (A1),3,Passarela,InCR
140224,Passarela,RN,101,"103","0","-",Não informado,-5.889917,-35.247517,"-",18/03/2025,13/11/2025,,OAE<=20m (A1),2,Passarela,InCR
130012,Ponte sobre o Riacho do Juá,PB,230,"417,54","58,28","10",Viga de concreto armado,-6.72456667,-37.8651,"2",19/03/2025,14/11/2025,,20<OAE<=60m (A2),11,,InR
130015,Ponte sobre o Rio do Peixe,PB,230,"443,45","98,15","10",Viga de concreto armado,-6.78566667,-38.08656667,"3",19/03/2025,14/11/2025,,60>OAE<=120m (A3),11,,InR
130309,"Ponte km 472,65",PB,230,"472,65","9,25","22,25",Laje de concreto armado,-6.8362,-38.3153,"4",19/03/2025,14/11/2025,,OAE<=20m (A1),11,,InR
140,"Passarela km 98,18",RN,101,"98,18","0","-",Não informado,-5.8673,-35.2172,"-",18/03/2025,14/11/2025,,#N/D,2,Passarela,InCR
140213,"Passarela km 100,79",RN,101,"100,79","0","-",Não informado,-5.88599,-35.229002,"-",18/03/2025,14/11/2025,,OAE<=20m (A1),2,Passarela,InCR
140222,Passarela,RN,101,"98,72","0","-",Não informado,-5.87132,-35.2193,"-",18/03/2025,14/11/2025,,OAE<=20m (A1),2,Passarela,InCR
140223,"Passarela km 99,20",RN,101,"99,2","0","-",Não informado,-5.8748,-35.22153,"-",18/03/2025,14/11/2025,,OAE<=20m (A1),2,Passarela,InCR
30220,Ponte sobre o Rio Acaraú,CE,403,"5,79","161,9","10",Viga de concreto protendido,-2.92116667,-40.16308333,"2",04/12/2025,15/11/2025,,120<OAE<=500m (A4),7,,InR
34,Ponte sobre o Ricaho Maceiozinho,AL,349,"15,6","30","-",Não informado,-9.81876865,-35.88004953,"-",29/11/2025,17/11/2025,,20<OAE<=60m (A2),10,,InCR
35,Ponte sobre o Rio Niquim (LD),AL,349,"17,5","70","-",Não informado,-9.82946455,-35.89382349,"-",29/11/2025,17/11/2025,,60>OAE<=120m (A3),10,,InCR
200182,Ponte sobre o Rio Ninquim (LE),AL,349,"17,7","50","10",Não informado,-9.82949898,-35.89367811,"-",29/11/2025,17/11/2025,,20<OAE<=60m (A2),10,,InCR
30230,Ponte sobre o Riacho das Enchadas,CE,402,"234,81","7,8","7,4",Viga de concreto armado,-3.38748333,-39.79085,"2",04/12/2025,17/11/2025,,OAE<=20m (A1),6,,InR
30233,Ponte sobre o Rio Cruxati,CE,402,"241,16","33","7,5",Viga de concreto armado,-3.40626667,-39.74076667,"1",04/12/2025,17/11/2025,,20<OAE<=60m (A2),6,,InR
30242,Ponte sobre o Rio Aracatiaçu,CE,402,"229,17","98","11,15",Viga de concreto armado,-3.36581667,-39.83486667,"2",04/12/2025,17/11/2025,,60>OAE<=120m (A3),6,,InR
130207,Ponte sobre o Afluente do Riacho Guedes,PB,110,"175,61","30","13",Viga de concreto armado,-7.85783176,-37.08024091,"2",19/03/2025,17/11/2025,,20<OAE<=60m (A2),1,,InR
130217,Ponte sobre o Rio Paraibinha,PB,104,"151,1","15,3","10",Viga de concreto armado,-7.45536453,-35.91591583,"3",19/03/2025,17/11/2025,,OAE<=20m (A1),2,,InR
130224,Ponte sobre o Rio Paraíba (LD),PB,104,"161,67","166,57","10",Viga de concreto armado,-7.528,-35.9975,"3",19/03/2025,17/11/2025,,120<OAE<=500m (A4),2,,InR
130237,Ponte sobre o Riacho Guedes,PB,110,"174,2","30","13",Viga de concreto protendido,-7.84879421,-37.07132314,"3",19/03/2025,17/11/2025,,20<OAE<=60m (A2),1,,InR
130270,Ponte sobre o Rio Campo Comprido,PB,104,"15,45","30,4","10",Viga de concreto armado,-6.52686113,-36.14330813,"2",19/03/2025,17/11/2025,,20<OAE<=60m (A2),4,,InR
130273,Ponte sobre o Rio Boa Vista,PB,104,"152,96","24,3","10,1",Viga caixão de concreto protendido,-7.46782111,-35.92704234,"4",19/03/2025,17/11/2025,,20<OAE<=60m (A2),2,,InR
130296,Ponte Inservível sobre o Rio Paraíba,PB,104,"161,67","145,1","6",Viga de concreto armado,-7.52813333,-35.99751667,"3",19/03/2025,17/11/2025,,120<OAE<=500m (A4),2,,InR
130297,"Ponte km 183,79",PB,110,"183,79","8,6","9,47",Laje de concreto armado,-7.90918333,-37.14368333,"3",19/03/2025,17/11/2025,,OAE<=20m (A1),1,,InR
40436,"Viaduto km 68,27 (LD)",PE,408,"68,27","20","12",Viga de concreto protendido,-7.86468333,-35.20653333,"4",30/01/2025,17/11/2025,,OAE<=20m (A1),3,,InR
40437,"Viaduto km 68,27 (LE)",PE,408,"68,27","20","11,2",Viga de concreto protendido,-7.86461667,-35.2064,"4",30/01/2025,17/11/2025,,OAE<=20m (A1),3,,InR
140220,Passarela,RN,101,"97,21","0","-",Não informado,-5.855733,-35.21205,"-",18/03/2025,17/11/2025,,OAE<=20m (A1),2,Passarela,InCR
140231,Passarela,RN,304,"318,5","0","-",Viga caixão de concreto armado,-5.841099,-35.21039,"-",18/03/2025,17/11/2025,,OAE<=20m (A1),2,Passarela,InCR
10025,Ponte sobre o Igarapé Bem Te Vi,RO,319,"108,85","20,14","11,2",Viga de concreto armado,-8.53841443,-63.98561195,"4",13/05/2025,17/11/2025,,OAE<=20m (A1),6,,InR
31,Viaduto do Francês (LE),AL,349,"8,6","110","-",Não informado,-9.766971,-35.851009,"-",29/11/2025,18/11/2025,,60>OAE<=120m (A3),10,,InCR
32,Viaduto do Francês (LD),AL,349,"8,6","110","-",Não informado,-9.76690543,-35.85107832,"-",29/11/2025,18/11/2025,,60>OAE<=120m (A3),10,,InCR
33,Ponte sobre o Ricaho Maceiozinho,AL,349,"15,6","30","-",Não informado,-9.819109,-35.880049,"-",29/11/2025,18/11/2025,,20<OAE<=60m (A2),10,,InCR
30075,Ponte sobre o Riacho Sororó,CE,402,"254,92","16,4","7,4",Viga de concreto armado,-3.4692823,-39.64277056,"3",04/12/2025,18/11/2025,,OAE<=20m (A1),6,,InR
30076,Ponte sobre o Riacho da Barra,CE,402,"270,48","10,4","10",Laje de concreto armado,-3.48507896,-39.52600105,"4",04/12/2025,18/11/2025,,OAE<=20m (A1),6,,InR
30077,Ponte sobre o Riacho Grotas,CE,402,"279,2","8,9","10",Laje de concreto armado,-3.54540247,-39.47697859,"4",04/12/2025,18/11/2025,,OAE<=20m (A1),6,,InR
30350,Ponte sobre o Riacho das Almas (LD),CE,402,"263,74","14,3","10",Laje de concreto armado,-3.49392412,-39.57697023,"3",04/12/2025,18/11/2025,,OAE<=20m (A1),6,,InR
30379,Ponte,CE,402,"262","10,94","-",Não informado,-3.4936,-39.5777,"-",04/12/2025,,18/11/2025,OAE<=20m (A1),6,OAC - Bueiro,InCR
130193,Ponte sobre o Riacho Jucá,PB,104,"188,86","11,2","10",Laje de concreto armado,-7.7123,-36.06838333,"4",19/03/2025,18/11/2025,,OAE<=20m (A1),2,,InR
130211,Ponte sobre o Riacho Grande,PB,104,"173,11","26,8","10",Viga caixão de concreto armado,-7.59120327,-36.04145334,"3",19/03/2025,18/11/2025,,20<OAE<=60m (A2),2,,InR
130212,Ponte sobre o Riacho Açude Novo,PB,104,"188,81","11,2","10",Laje de concreto armado,-7.69841681,-36.06189138,"4",19/03/2025,18/11/2025,,OAE<=20m (A1),2,,InR
40037,"Viaduto km 66,65 (LD)",PE,104,"66,65","48,7","12",Viga de concreto protendido,-8.28803333,-35.98423333,"4",30/01/2025,18/11/2025,,20<OAE<=60m (A2),4,,InR
40038,Viaduto Caruaru IV (LE),PE,104,"66,25","48,8","11,4",Viga de concreto protendido,-8.28803156,-35.98411279,"3",30/01/2025,18/11/2025,,20<OAE<=60m (A2),4,,InR
40100,"Viaduto km 250,66",PE,232,"250,66","12","14,8",Laje de concreto armado,-8.42725,-37.05773333,"3",30/01/2025,18/11/2025,,OAE<=20m (A1),5,,InR
40039,Ponte sobre o Rio Ipojuca (Marginal - LD),PE,104,"66,55","48,6","11,1",Viga de concreto protendido,-8.29044202,-35.98521514,"4",30/01/2025,18/11/2025,,20<OAE<=60m (A2),4,,InR
40040,Ponte sobre o Rio Ipojuca (Marginal - LE),PE,104,"66,54","48,6","12,3",Viga de concreto protendido,-8.29055973,-35.98487535,"4",30/01/2025,18/11/2025,,20<OAE<=60m (A2),4,,InR
40048,Ponte sobre o Rio Ipojuca (LD - Central),PE,104,"66,95","48,6","12,3",Viga de concreto protendido,-8.29048333,-35.98511667,"4",30/01/2025,18/11/2025,,20<OAE<=60m (A2),4,,InR
40049,Ponte sobre o Rio Ipojuca (LE),PE,104,"66,54","48,6","11,3",Viga de concreto protendido,-8.2905227,-35.98498552,"3",30/01/2025,18/11/2025,,20<OAE<=60m (A2),4,,InR
40092,Ponte sobre o Rio Ipanema I,PE,232,"214,22","30","10",Viga de concreto armado,-8.38409126,-36.73894298,"2",30/01/2025,18/11/2025,,20<OAE<=60m (A2),13,,InR
40426,Ponte sobre o Rio Sirigi,PE,408,"35,73","32,15","8,35",Viga de concreto armado,-7.61741667,-35.2401,"3",30/01/2025,18/11/2025,,20<OAE<=60m (A2),3,,InR
40178,"Pontilhão km 23,24",PE,407,"23,24","3,4","12",Laje de concreto armado,-8.62465,-40.99555,"4",30/01/2025,18/11/2025,,OAE<=20m (A1),2,,InR
40599,Ponte Inservível sobre o Rio Siriji,PE,408,"35,74","21,8","5,2",Viga de concreto armado,-7.61745,-35.24018333,"3",30/01/2025,18/11/2025,,OAE<=20m (A1),3,,InR
40428,Ponte sobre o Riacho Tupooca,PE,408,"48,63","10","8,2",Viga de concreto armado,-7.7179,-35.23808333,"3",30/01/2025,18/11/2025,,OAE<=20m (A1),3,,InR
40427,Ponte sobre o Rio Esperança,PE,408,"40,33","7,6","8,5",Laje de concreto armado,-7.65208333,-35.25113333,"3",30/01/2025,18/11/2025,,OAE<=20m (A1),3,,InR
139,Passarela,RN,101,"93,56","0","-",Não informado,-5.82495213,-35.20949554,"-",18/03/2025,18/11/2025,,#N/D,2,Passarela,InCR
140211,Passarela,RN,101,"94,24","0","-",Não informado,-5.83078575,-35.21159744,"-",18/03/2025,18/11/2025,,OAE<=20m (A1),2,Passarela,InCR
140236,"Viaduto km 82,84",RN,101,"82,84","280","17,6","-",-5.769966,-35.269587,"-",18/03/2025,18/11/2025,,120<OAE<=500m (A4),2,,InCR
10005,Ponte sobre o Igarapé Galo,RO,319,"94,76","21","11,8",Viga de concreto armado,-8.41039849,-63.96433211,"4",13/05/2025,18/11/2025,,OAE<=20m (A1),6,,InR
29,Ponte sobre a Lagoa Manguaba,AL,349,"4,1","198","-",Não informado,-9.73289188,-35.83265817,"-",29/11/2025,19/11/2025,,120<OAE<=500m (A4),10,,InCR
30,Ponte sobre a Lagoa Manguaba,AL,349,"4,1","255","-",Não informado,-9.733455,-35.832739,"-",29/11/2025,19/11/2025,,120<OAE<=500m (A4),10,,InCR
30078,Ponte sobre o Riacho do Ipú,CE,402,"279,92","6,8","10",Laje de concreto armado,-3.55103572,-39.47353052,"4",04/12/2025,19/11/2025,,OAE<=20m (A1),6,,InR
30079,Ponte sobre o Riacho Cachoeira,CE,402,"284,17","6,9","10",Laje de concreto armado,-3.58254504,-39.45082728,"3",04/12/2025,19/11/2025,,OAE<=20m (A1),6,,InR
30080,Ponte sobre o Rio Mundaú,CE,402,"286,02","30,3","11",Viga de concreto armado,-3.59479192,-39.43912802,"4",04/12/2025,19/11/2025,,20<OAE<=60m (A2),6,,InR
30081,Ponte sobre o Riacho Montes Claros,CE,402,"294,57","6","8,6",Laje de concreto armado,-3.66128987,-39.41389194,"3",04/12/2025,19/11/2025,,OAE<=20m (A1),6,,InR
130205,Ponte sobre o Afluente do Riacho Acauã II,PB,412,"116,57","22","13",Viga de concreto armado,-7.71768822,-36.93762293,"4",19/03/2025,19/11/2025,,OAE<=20m (A1),1,,InR
130241,Ponte sobre o Afluente do Riacho Mulungu IV,PB,110,"192,03","30","13",Viga de concreto armado,-7.9418397,-37.1948693,"3",19/03/2025,19/11/2025,,20<OAE<=60m (A2),1,,InR
130255,Ponte sobre o Afluente do Riacho do Buraco II,PB,412,"98,47","26","13",Viga de concreto armado,-7.61156345,-36.82388966,"3",19/03/2025,19/11/2025,,20<OAE<=60m (A2),1,,InR
130272,Pontilhão sobre o Afluente do Riacho Mulungu I,PB,110,"185,87","4,6","9",Laje de concreto armado,-7.91167884,-37.14822038,"3",19/03/2025,19/11/2025,,OAE<=20m (A1),1,,InR
130274,Pontilhão sobre o Afluente do Riacho Mulungu II,PB,110,"187,69","4,6","9",Laje de concreto armado,-7.92072494,-37.16200218,"3",19/03/2025,19/11/2025,,OAE<=20m (A1),1,,InR
40179,Pontilhão sobre o Afluente do Riacho do Caboclo II,PE,407,"24,1","4,6","12",Laje de concreto armado,-8.63080535,-40.99203167,"3",30/01/2025,19/11/2025,,OAE<=20m (A1),2,,InR
40423,Ponte sobre o Rio Cruangi,PE,408,"26,34","20,4","8,35",Viga de concreto armado,-7.54716667,-35.26455,"3",30/01/2025,19/11/2025,,OAE<=20m (A1),3,,InR
40431,Ponte sobre o Rio Cruangi,PE,408,"26,4","7,55","14,1",Laje de concreto armado,-7.54743333,-35.26411667,"3",30/01/2025,19/11/2025,,OAE<=20m (A1),3,,InR
140229,Ponte,RN,226,"7,92","11","-",Não informado,-5.83582067,-35.28035736,"-",18/03/2025,,19/11/2025,OAE<=20m (A1),4,OAC - Bueiro,InCR
10002,Ponte sobre o Igarapé São Bernardo,RO,319,"48,49","25,5","10,7",Viga de concreto armado,-8.13774572,-63.7375312,"4",13/05/2025,19/11/2025,,20<OAE<=60m (A2),6,,InR
10003,Ponte sobre o Igarapé Preto,RO,319,"69,87","25","10,8",Viga de concreto armado,-8.21021923,-63.90812276,"4",13/05/2025,19/11/2025,,20<OAE<=60m (A2),6,,InR
10004,Ponte sobre o Igarapé Castanhalzinho,RO,319,"66,9","50,3","10,9",Viga de concreto armado,-8.2033247,-63.88307329,"4",13/05/2025,19/11/2025,,20<OAE<=60m (A2),6,,InR
10023,Ponte sobre o Igarapé Açuã,RO,319,"64,42","51","10,9",Viga de concreto armado,-8.19675324,-63.8624093,"4",13/05/2025,19/11/2025,,20<OAE<=60m (A2),6,,InR
10216,Ponte,AM,230,"561,04","17,46","-",Não informado,-7.62001947,-62.6828847,"-",04/12/2025,,20/11/2025,OAE<=20m (A1),4,OAC - Bueiro,InCR
10001,Ponte sobre o Igarapé São João,AM,319,"734,31","25","10,8",Viga de concreto armado,-7.93172977,-63.33508619,"4",04/12/2025,20/11/2025,,20<OAE<=60m (A2),5,,InR
10215,Ponte,AM,230,"508,44","14,37","-",Não informado,-7.85087222,-62.27284932,"-",04/12/2025,,20/11/2025,OAE<=20m (A1),4,OAC - Bueiro,InCR
10214,Ponte,AM,230,"488,29","11,5","-",Não informado,-7.93082402,-62.11923047,"-",04/12/2025,,20/11/2025,OAE<=20m (A1),4,OAC - Bueiro,InCR
10213,Ponte,AM,230,"447,15","16,45","-",Não informado,-8.00472711,-61.76833128,"-",04/12/2025,,20/11/2025,OAE<=20m (A1),4,OAC - Bueiro,InCR
10174,Ponte sobre o Igarapé Matupi,AM,230,"418,65","19,63","-",Não informado,-7.91265716,-61.54425266,"-",04/12/2025,,20/11/2025,OAE<=20m (A1),4,OAC - Bueiro,InCR
10149,Ponte,AM,230,"369,87","15,57","-",Não informado,-7.75835737,-61.13236637,"-",04/12/2025,,20/11/2025,OAE<=20m (A1),4,OAC - Bueiro,InCR
10173,Ponte,AM,230,"354,62","9,27","-",Não informado,-7.70514582,-61.00507684,"-",04/12/2025,,20/11/2025,OAE<=20m (A1),4,OAC - Bueiro,InCR
10172,Ponte,AM,230,"338,1","25,13","-",Não informado,-7.6498825,-60.85902043,"-",04/12/2025,,20/11/2025,20<OAE<=60m (A2),4,OAC - Bueiro,InCR
10170,Ponte,AM,230,"286,21","22,21","-",Não informado,-7.44064083,-60.44088548,"-",04/12/2025,,20/11/2025,20<OAE<=60m (A2),4,OAC - Bueiro,InCR
10169,Ponte,AM,230,"279,77","10,87","-",Não informado,-7.41696541,-60.39003503,"-",04/12/2025,,20/11/2025,OAE<=20m (A1),4,OAC - Bueiro,InCR
10168,Ponte,AM,230,"274,63","11,68","-",Não informado,-7.40566462,-60.3787092,"-",04/12/2025,,20/11/2025,OAE<=20m (A1),4,OAC - Bueiro,InCR
10167,Ponte,AM,230,"269","17,37","-",Não informado,-7.38448632,-60.32559248,"-",04/12/2025,,20/11/2025,OAE<=20m (A1),4,OAC - Bueiro,InCR
10166,Ponte,AM,230,"264,98","16,86","-",Não informado,-7.36737682,-60.28749205,"-",04/12/2025,,20/11/2025,OAE<=20m (A1),4,OAC - Bueiro,InCR
10165,Ponte,AM,230,"225,91","13,17","-",Não informado,-7.23123385,-59.98160354,"-",04/12/2025,,20/11/2025,OAE<=20m (A1),4,OAC - Bueiro,InCR
10164,Ponte,AM,230,"223,85","19,34","-",Não informado,-7.23340416,-59.96140437,"-",04/12/2025,,20/11/2025,OAE<=20m (A1),4,OAC - Bueiro,InCR
30069,Ponte sobre o Riacho Frecheira,CE,222,"315,06","15,8","10",Laje de concreto armado,-3.7393,-41.00565,"3",04/12/2025,20/11/2025,,OAE<=20m (A1),21,,InR
30070,Ponte sobre o Riacho Frecheira (LD) I,CE,222,"315,06","16","11,3",Viga de concreto armado,-3.73908333,-41.00588333,"4",04/12/2025,20/11/2025,,OAE<=20m (A1),21,,InR
30071,Ponte sobre o Riacho Frecheira (LD) II,CE,222,"315,06","16","13,3",Viga de concreto armado,-3.7392,-41.00573333,"4",04/12/2025,20/11/2025,,OAE<=20m (A1),21,,InR
30072,Ponte sobre o Riacho Frecheira (LE),CE,222,"315,06","16","13,5",Viga de concreto armado,-3.73935,-41.00546667,"2",04/12/2025,20/11/2025,,OAE<=20m (A1),21,,InR
140214,Passarela,RN,101,"105,93","0","-",Não informado,-5.910035,-35.2613,"-",18/03/2025,20/11/2025,,OAE<=20m (A1),1,Passarela,InCR
140215,Passarela,RN,101,"106,67","0","-",Não informado,-5.91677,-35.2631,"-",18/03/2025,20/11/2025,,OAE<=20m (A1),1,Passarela,InCR
140216,Passarela,RN,101,"107,88","0","-",Não informado,-5.92732,-35.2648,"-",18/03/2025,20/11/2025,,OAE<=20m (A1),1,Passarela,InCR
200066,Ponte sobre o Rio Mundaú,AL,316,"268,43","125","10,35",Viga de concreto armado,-9.57901667,-35.83536667,"3",29/11/2025,21/11/2025,,120<OAE<=500m (A4),4,,InR
200129,Ponte sobre o Canal da Lagoa Manguaba,AL,424,"106,71","136","11,3",Viga de concreto armado,-9.69383333,-35.81645,"3",29/11/2025,21/11/2025,,120<OAE<=500m (A4),4,,InR
10008,Ponte sobre o Igarapé Belém,AM,319,"706,7","50,41","10,8",Viga de concreto armado,-7.76835385,-63.14872419,"4",04/12/2025,21/11/2025,,20<OAE<=60m (A2),5,,InR
10163,Ponte,AM,230,"222,49","11,89","-",Não informado,-7.23201649,-59.94948038,"-",04/12/2025,,21/11/2025,OAE<=20m (A1),4,OAC - Bueiro,InCR
10212,Ponte sobre o Rio Juma,AM,230,"216,61","15","15",Não informado,-7.2122,-59.906289,"-",04/12/2025,21/11/2025,,OAE<=20m (A1),4,OAC - Bueiro,InCR
10162,Ponte,AM,230,"121,96","16,67","-",Não informado,-6.82375505,-59.1511702,"-",04/12/2025,,21/11/2025,OAE<=20m (A1),4,OAC - Bueiro,InCR
10161,Ponte sobre o Igarapé do Abacaxi,AM,230,"84,2","30","9",Não informado,-6.70861056,-58.89348972,"-",04/12/2025,21/11/2025,,20<OAE<=60m (A2),4,OAC - Bueiro,InCR
10160,Ponte,AM,230,"77,49","15,4","-",Não informado,-6.67833235,-58.79869458,"-",04/12/2025,,21/11/2025,OAE<=20m (A1),4,OAC - Bueiro,InCR
10159,Ponte,AM,230,"59,53","15,11","-",Não informado,-6.63097117,-58.68330471,"-",04/12/2025,,21/11/2025,OAE<=20m (A1),4,OAC - Bueiro,InCR
10211,Ponte,AM,230,"14,47","12,86","-",Não informado,-6.42933859,-58.32993474,"-",04/12/2025,,21/11/2025,OAE<=20m (A1),4,OAC - Bueiro,InCR
10026,Ponte sobre o Igarapé Retiro,AM,230,"631,49","50,1","11,8",Viga de concreto armado,-7.59385575,-63.17491768,"4",04/12/2025,21/11/2025,,20<OAE<=60m (A2),3,,InR
40429,Ponte sobre o Rio Tracunhaém,PE,408,"52,86","44,9","8,4",Viga de concreto armado,-7.75316667,-35.23268333,"3",30/01/2025,21/11/2025,,20<OAE<=60m (A2),3,,InR
40425,Ponte sobre o Rio Agosto,PE,408,"35,34","11,8","8,3",Viga de concreto armado,-7.61416667,-35.23955,"3",30/01/2025,21/11/2025,,OAE<=20m (A1),3,,InR
40424,Ponte sobre o Riacho Coité,PE,408,"29,5","7","14,1",Laje de concreto armado,-7.568,-35.25735,"3",30/01/2025,21/11/2025,,OAE<=20m (A1),3,,InR
40430,"Viaduto km 64,98 (LD)",PE,408,"64,98","20","12",Viga de concreto protendido,-7.85063333,-35.23221667,"4",30/01/2025,21/11/2025,,OAE<=20m (A1),3,,InR
40432,"Viaduto km 57,91 sobre Ferrovia",PE,408,"57,91","8,65","13,6",Laje de concreto armado,-7.79606667,-35.24491667,"2",30/01/2025,21/11/2025,,OAE<=20m (A1),3,,InR
40433,"Viaduto km 64,98 (LE)",PE,408,"64,98","20","11,2",Viga de concreto protendido,-7.85053333,-35.23216667,"4",30/01/2025,21/11/2025,,OAE<=20m (A1),3,,InR
40434,"Viaduto km 65,89 (LE)",PE,408,"65,89","20","11,35",Viga de concreto protendido,-7.85418333,-35.22451667,"4",30/01/2025,21/11/2025,,OAE<=20m (A1),3,,InR
40435,"Viaduto km 65,89 (LD)",PE,408,"65,89","20","12",Viga de concreto protendido,-7.85433333,-35.2246,"4",30/01/2025,21/11/2025,,OAE<=20m (A1),3,,InR
140217,Passarela,RN,101,"109,12","0","-",Não informado,-5.9385,-35.2648,"-",18/03/2025,21/11/2025,,OAE<=20m (A1),1,Passarela,InCR
140218,Passarela,RN,101,"124,6","0","-",Não informado,-6.0719,-35.2359,"-",18/03/2025,21/11/2025,,OAE<=20m (A1),1,Passarela,InCR
200067,Ponte sobre o Rio Satuba,AL,316,"268,73","10","11",Viga de concreto armado,-9.57696667,-35.8338,"4",29/11/2025,24/11/2025,,OAE<=20m (A1),4,,InR
200068,Ponte sobre o Riacho Carrapatinho,AL,316,"271,98","13","11",Viga de concreto armado,-9.56711667,-35.80788333,"4",29/11/2025,24/11/2025,,OAE<=20m (A1),4,,InR
200076,"Viaduto km 269,41 sobre Ferrovia",AL,316,"269,41","12,6","11,6",Viga de concreto armado,-9.57376667,-35.82865,"4",29/11/2025,24/11/2025,,OAE<=20m (A1),4,,InR
200085,Ponte sobre o Rio Varginha,AL,316,"268,85","31,3","12,8",Viga de concreto armado,-9.5764823,-35.83277786,"4",29/11/2025,24/11/2025,,20<OAE<=60m (A2),4,,InR
30065,Viaduto Sobral I (LD),CE,222,"310,49","24,7","11",Viga de concreto armado,-3.71427674,-40.9878284,"4",04/12/2025,24/11/2025,,20<OAE<=60m (A2),21,,InR
30066,Viaduto Sobral I (LE),CE,222,"310,48","24,7","11",Viga de concreto armado,-3.71437543,-40.98775982,"4",04/12/2025,24/11/2025,,20<OAE<=60m (A2),21,,InR
30067,"Viaduto km 314,27 (LD)",CE,222,"314,27","35,85","11",Viga de concreto protendido,-3.73325,-41.00231667,"4",04/12/2025,24/11/2025,,20<OAE<=60m (A2),21,,InR
30068,"Viaduto km 314,27 (LE)",CE,222,"314,27","35,85","11",Viga de concreto protendido,-3.73321667,-41.00216667,"4",04/12/2025,24/11/2025,,20<OAE<=60m (A2),21,,InR
30378,Passarela,CE,222,"313,14","0","-",Não informado,-3.72361398,-40.99671173,"-",04/12/2025,24/11/2025,,OAE<=20m (A1),21,Passarela,InCR
130165,Ponte sobre o Rio Muzelo,PB,361,"56,4","28","10",Viga de concreto armado,-7.17551667,-37.70373333,"2",19/03/2025,24/11/2025,,20<OAE<=60m (A2),6,,InR
40753,"Viaduto km 127,21 (LE)",PE,232,"-","50","-",Não informado,-8.30598,-35.96528,"-",30/01/2025,24/11/2025,,20<OAE<=60m (A2),14,,InCR
27,Viaduto,PE,232,"-","20","-","-",-8.307534,-35.942563,"-",30/01/2025,24/11/2025,,OAE<=20m (A1),14,,InCR
40690,Viaduto,PE,232,"-","25,06","-",Não informado,-8.30732,-35.94258,"-",30/01/2025,24/11/2025,,20<OAE<=60m (A2),14,,InCR
40691,Viaduto,PE,232,"-","24,88","-",Não informado,-8.30405,-35.97192,"-",30/01/2025,24/11/2025,,20<OAE<=60m (A2),14,,InCR
40733,Ponte sobre o Rio Gravatá (LD),PE,232,"-","42,48","-",Não informado,-8.21453,-35.63262,"-",30/01/2025,,24/11/2025,20<OAE<=60m (A2),14,Em manutenção,InCR
40734,Ponte sobre o Riacho do Mel (LE),PE,232,"-","19,05","-",Não informado,-8.22898,-35.70249,"-",30/01/2025,24/11/2025,,OAE<=20m (A1),15,,InCR
40735,Ponte sobre o Riacho do Mel (LD),PE,232,"-","19,05","-",Não informado,-8.22874,-35.70238,"-",30/01/2025,24/11/2025,,OAE<=20m (A1),15,,InCR
30263,Ponte sobre o Braço do Rio Jaguaribe,CE,116,"206,93","8,6","10,1",Viga de concreto armado,-5.22926667,-38.19673333,"2",04/12/2025,25/11/2025,,OAE<=20m (A1),3,,InR
30325,Ponte sobre o Afluente Riacho Água Suja I,CE,437,"34,02","9,5","6",Laje de concreto armado,-5.26545276,-38.06465259,"4",04/12/2025,25/11/2025,,OAE<=20m (A1),1,,InR
30326,Ponte sobre o Riacho Água Suja,CE,437,"41,14","20,8","6",Viga de concreto armado,-5.26104374,-38.12279046,"2",04/12/2025,25/11/2025,,OAE<=20m (A1),1,,InR
30340,"Ponte km 38,51",CE,437,"38,51","9,85","6",Laje de concreto armado,-5.27255,-38.10261667,"1",04/12/2025,,25/11/2025,OAE<=20m (A1),1,OAC - Bueiro,InR
30323,Ponte sobre o Braço do Riacho Seco,CE,116,"192,21","16","10",Viga de concreto armado,-5.13736182,-38.15567417,"2",04/12/2025,25/11/2025,,OAE<=20m (A1),3,,InR
30322,Ponte sobre o Riacho Seco,CE,116,"192,02","91,9","10,1",Viga de concreto armado,-5.13143333,-38.1549,"2",04/12/2025,25/11/2025,,60>OAE<=120m (A3),3,,InR
30292,Ponte sobre o Rio Banabuiú,CE,116,"193,79","185,4","12,2",Viga de concreto protendido,-5.14545,-38.15895,"2",04/12/2025,25/11/2025,,120<OAE<=500m (A4),3,,InR
30060,Ponte sobre o Rio Juazeiro,CE,222,"285,16","10,7","10",Laje de concreto armado,-3.71529009,-40.85736954,"4",04/12/2025,25/11/2025,,OAE<=20m (A1),21,,InR
30062,Ponte sobre o Riacho Cajazeira II,CE,222,"286,98","6,9","10",Laje de concreto armado,-3.70475581,-40.87000492,"3",04/12/2025,25/11/2025,,OAE<=20m (A1),21,,InR
30063,Ponte sobre o Riacho do Cobre,CE,222,"289,16","7","10",Laje de concreto armado,-3.6907056,-40.88280265,"3",04/12/2025,25/11/2025,,OAE<=20m (A1),21,,InR
30064,Ponte sobre o Riacho Grande,CE,222,"292,06","16,2","10",Laje de concreto armado,-3.66793912,-40.89082236,"3",04/12/2025,25/11/2025,,OAE<=20m (A1),21,,InR
30301,Ponte sobre o Rio Jaguaribe,CE,116,"206,3","410,4","12,2",Viga de concreto protendido,-5.22495,-38.20035,"3",04/12/2025,25/11/2025,,120<OAE<=500m (A4),3,,InR
130206,Ponte sobre o Afluente do Rio Sucuru I,PB,412,"120,68","30","13",Viga de concreto armado,-7.74003936,-36.96689239,"4",19/03/2025,25/11/2025,,20<OAE<=60m (A2),1,,InR
130228,Ponte sobre o Afluente do Riacho Acauã I,PB,412,"114,25","26","13",Viga de concreto armado,-7.7043347,-36.92176023,"4",19/03/2025,25/11/2025,,20<OAE<=60m (A2),1,,InR
130271,Ponte sobre o Rio Sucuru,PB,412,"108,69","60","10",Viga de concreto armado,-7.67434764,-36.88201957,"3",19/03/2025,25/11/2025,,20<OAE<=60m (A2),1,,InR
40422,"Ponte km 21,13",PE,408,"21,13","7,85","14,1",Laje de concreto armado,-7.52268333,-35.29835,"3",30/01/2025,25/11/2025,,OAE<=20m (A1),3,,InR
40740,"Ponte km 121,09 (LE)",PE,232,"-","23","10",Não informado,-8.30052,-35.91148,"-",30/01/2025,25/11/2025,,20<OAE<=60m (A2),14,,InCR
40642,Viaduto (LE),PE,232,"-","23,9","-",Não informado,-8.24761,-35.75893,"-",30/01/2025,25/11/2025,,20<OAE<=60m (A2),14,,InCR
40643,Viaduto (LD),PE,232,"-","23,9","-",Não informado,-8.24752,-35.75913,"-",30/01/2025,25/11/2025,,20<OAE<=60m (A2),14,,InCR
40736,Ponte sobre o Rio Bitonho (LD),PE,232,"-","24,91","-",Não informado,-8.29831,-35.85897,"-",30/01/2025,25/11/2025,,20<OAE<=60m (A2),14,,InCR
40737,Ponte sobre o Rio Bitonho (LE),PE,232,"-","25","10",Não informado,-8.2985,-35.85894,"-",30/01/2025,25/11/2025,,20<OAE<=60m (A2),14,,InCR
40738,Ponte sobre o Rio Vasco,PE,232,"-","16,59","-",Não informado,-8.30038,-35.91159,"-",30/01/2025,25/11/2025,,OAE<=20m (A1),14,,InCR
30293,"Pontilhão km 111,68",CE,116,"111,68","5","10,7",Viga de concreto armado,-4.57881667,-38.23181667,"1",04/12/2025,26/11/2025,,OAE<=20m (A1),23,,InR
30308,Ponte sobre o Subafluente do Riacho dos Frejós,CE,116,"135,21","8,7","10,2",Viga de concreto armado,-4.73108194,-38.08468285,"2",04/12/2025,26/11/2025,,OAE<=20m (A1),3,,InR
30305,Ponte sobre o Córrego da Bananeira,CE,116,"150,39","11,2","10,4",Viga de concreto armado,-4.84038333,-38.04418333,"2",04/12/2025,26/11/2025,,OAE<=20m (A1),3,,InR
30300,Ponte sobre o Riacho das Umburanas,CE,116,"119","13,1","10,2",Viga de concreto armado,-4.62188333,-38.18278333,"2",04/12/2025,26/11/2025,,OAE<=20m (A1),3,,InR
30311,Ponte sobre o Riacho Bixopá,CE,116,"145,83","16,5","10",Viga de concreto armado,-4.80816798,-38.06076133,"2",04/12/2025,26/11/2025,,OAE<=20m (A1),3,,InR
30324,Ponte sobre o Riacho dos Cavalos I,CE,116,"232,52","31,1","10",Viga de concreto armado,-5.41356197,-38.27296994,"3",04/12/2025,26/11/2025,,20<OAE<=60m (A2),2,,InR
30349,Ponte sobre o Rio Figueiredo,CE,116,"234,72","74,2","10",Viga de concreto armado,-5.4193,-38.28615,"3",04/12/2025,26/11/2025,,60>OAE<=120m (A3),2,,InR
30335,Ponte sobre o Rio Palhano,CE,116,"142,14","76,1","9,8",Viga de concreto armado,-4.77391667,-38.04948333,"3",04/12/2025,26/11/2025,,60>OAE<=120m (A3),3,,InR
30056,Ponte sobre o Riacho do Barril,CE,222,"277,88","24","10",Laje de concreto armado,-3.75728856,-40.80701801,"3",04/12/2025,26/11/2025,,20<OAE<=60m (A2),21,,InR
30057,Ponte sobre o Riacho Fundo,CE,222,"277,41","10,8","10",Laje de concreto armado,-3.75930348,-40.80342983,"4",04/12/2025,26/11/2025,,OAE<=20m (A1),21,,InR
30058,Ponte sobre o Rio Caiçara,CE,222,"277,62","16","10",Laje de concreto armado,-3.75865201,-40.80520075,"4",04/12/2025,26/11/2025,,OAE<=20m (A1),21,,InR
30059,Ponte sobre o Riacho Mela Pinto,CE,222,"280,72","6,85","10",Laje de concreto armado,-3.74089553,-40.82667744,"3",04/12/2025,26/11/2025,,OAE<=20m (A1),21,,InR
30342,Ponte sobre o Açude Castanhão,CE,116,"268,03","199,9","12,6",Viga de concreto armado,-5.62116667,-38.41986667,"4",04/12/2025,26/11/2025,,120<OAE<=500m (A4),2,,InR
130156,"Ponte km 45,14",PB,361,"45,14","11","10",Laje de concreto armado,-7.13501667,-37.61455,"3",19/03/2025,26/11/2025,,OAE<=20m (A1),6,,InR
130159,Pontilhão sobre o Afluente do Riacho do Tamanduá I,PB,361,"53,96","4,6","10",Laje de concreto armado,-7.1645628,-37.68584685,"4",19/03/2025,26/11/2025,,OAE<=20m (A1),6,,InR
130161,Pontilhão sobre o Afluente do Riacho do Tamanduá II,PB,361,"55,11","4,6","10",Laje de concreto armado,-7.16776682,-37.69562822,"4",19/03/2025,26/11/2025,,OAE<=20m (A1),6,,InR
130163,Pontilhão sobre o Afluente do Riacho do Tamanduá III,PB,361,"55,9","7","10",Laje de concreto armado,-7.17188218,-37.70112835,"4",19/03/2025,26/11/2025,,OAE<=20m (A1),6,,InR
40644,Passarela,PE,232,"-","140,08","-",Não informado,-8.24448,-35.75474,"-",30/01/2025,26/11/2025,,120<OAE<=500m (A4),15,Passarela,InCR
40649,Viaduto (LD),PE,232,"-","19,99","-",Não informado,-8.23777,-35.74199,"-",30/01/2025,26/11/2025,,OAE<=20m (A1),14,,InCR
40689,Viaduto (LE),PE,232,"-","19,99","-",Não informado,-8.2379,-35.74193,"-",30/01/2025,26/11/2025,,OAE<=20m (A1),14,,InCR
40732,Ponte sobre o Rio Gravatá (LE),PE,232,"-","42,48","-",Não informado,-8.21468,-35.63252,"-",30/01/2025,,26/11/2025,20<OAE<=60m (A2),14,Em manutenção,InCR
30245,Ponte sobre o Riacho Lagamar,CE,116,"57,69","11","10",Viga de concreto armado,-4.22683333,-38.47765,"2",04/12/2025,27/11/2025,,OAE<=20m (A1),23,,InR
30247,Ponte sobre o Riacho Campestre,CE,116,"62,23","11","10",Viga de concreto armado,-4.26601667,-38.48958333,"2",04/12/2025,27/11/2025,,OAE<=20m (A1),23,,InR
30246,"Ponte km 67,52",CE,116,"67,52","20,1","10,9",Viga de concreto armado,-4.31045,-38.49963333,"3",04/12/2025,27/11/2025,,OAE<=20m (A1),23,,InR
30255,Ponte sobre o Riacho Juazeiro,CE,116,"90,97","21,7","10,3",Viga de concreto armado,-4.47028333,-38.36196667,"3",04/12/2025,27/11/2025,,OAE<=20m (A1),23,,InR
30268,Ponte sobre o Eixão das Águas (LE),CE,116,"47,97","25,6","12,1",Viga de concreto protendido,-4.1555,-38.48146667,"3",04/12/2025,27/11/2025,,20<OAE<=60m (A2),23,,InR
30270,Ponte sobre o Riacho Arerê (LE),CE,116,"48,22","25,8","12",Viga de concreto armado,-4.1576,-38.4824,"4",04/12/2025,27/11/2025,,20<OAE<=60m (A2),23,,InR
30271,Ponte sobre o Riacho Arerê (LD),CE,116,"48,22","25,8","12",Viga de concreto armado,-4.15745,-38.48261667,"4",04/12/2025,27/11/2025,,20<OAE<=60m (A2),23,,InR
30304,Ponte inservível sobre o Rio Piranji,CE,116,"94,42","37,6","8,2",Viga de concreto armado,-4.50056667,-38.3611,"1",04/12/2025,27/11/2025,,20<OAE<=60m (A2),23,,InR
30244,Ponte sobre o Rio Choró,CE,116,"67,18","65","11",Viga de concreto armado,-4.30766667,-38.50083333,"3",04/12/2025,27/11/2025,,60>OAE<=120m (A3),23,,InR
30275,Ponte sobre o Rio Pirangi,CE,116,"94,41","140,3","13,1",Viga de concreto armado,-4.50043333,-38.36061667,"2",04/12/2025,27/11/2025,,120<OAE<=500m (A4),23,,InR
30053,Ponte sobre o Riacho da Serra,CE,222,"263,71","16","10",Laje de concreto armado,-3.74813333,-40.6822,"3",04/12/2025,27/11/2025,,OAE<=20m (A1),21,,InR
30054,Ponte sobre o Riacho Cajazeira,CE,222,"266,47","10,8","10",Laje de concreto armado,-3.75011667,-40.70698333,"4",04/12/2025,27/11/2025,,OAE<=20m (A1),21,,InR
30055,Ponte sobre o Rio Caiçara,CE,222,"274,65","45,8","10",Viga de concreto armado,-3.75666882,-40.77876603,"2",04/12/2025,27/11/2025,,20<OAE<=60m (A2),21,,InR
130288,Ponte sobre o Rio Quipauá,PB,230,"290,72","85","9,75",Viga de concreto armado,-6.87165841,-36.92599463,"3",19/03/2025,27/11/2025,,60>OAE<=120m (A3),19,,InR
26,Passarela,PE,232,"-","-","-","-",-8.30051,-35.846332,"-",30/01/2025,27/11/2025,,OAE<=20m (A1),14,Passarela,InCR
140234,"Viaduto km 26,68",RN,226,"26,68","82,6","23,6","-",-5.87374139,-35.43769714,"-",18/03/2025,27/11/2025,,60>OAE<=120m (A3),4,,InCR
140235,"Viaduto km 29,67",RN,226,"29,67","82,6","23,6","-",-5.88161772,-35.46345317,"-",18/03/2025,27/11/2025,,60>OAE<=120m (A3),4,,InCR
140237,"Viaduto km 23,89",RN,226,"23,89","88,2","24,2","-",-5.86749318,-35.41351559,"-",18/03/2025,27/11/2025,,60>OAE<=120m (A3),4,,InCR
30362,Ponte sobre o Riacho da Lagoa Seca,CE,116,"0,51","7","8,2","-",-4.29622631,-38.49885659,"-",04/12/2025,28/11/2025,,OAE<=20m (A1),23,,InCR
30365,Ponte sobre o Afluente do Rio Choró II,CE,116,"67,05","26,55","10,4",Não informado,-4.31026815,-38.49860625,"-",04/12/2025,28/11/2025,,20<OAE<=60m (A2),23,,InCR
30413,Ponte  sobre o Rio Cangati,CE,116,"1,35","66,9","8,6","-",-4.30375908,-38.4977443,"-",04/12/2025,28/11/2025,,60>OAE<=120m (A3),23,,InCR
140025,Ponte sobre o Rio Arari (LD),RN,101,"129,05","119,75","13,8",Viga de concreto armado,-6.11086856,-35.23384038,"3",18/03/2025,28/11/2025,,60>OAE<=120m (A3),1,,InR
140219,Passarela,RN,101,"146,57","0","-",Não informado,-6.26237,-35.2116,"-",18/03/2025,28/11/2025,,OAE<=20m (A1),1,Passarela,InCR
140233,Passarela,RN,101,"146,91","0","-",Não informado,-6.26532,-35.2106,"-",18/03/2025,28/11/2025,,OAE<=20m (A1),1,Passarela,InCR
10013,Ponte sobre o Igarapé Bom Futuro,AM,230,"624,19","50,1","11,8",Viga de concreto armado,-7.57354093,-63.11138375,"4",04/12/2025,30/11/2025,,20<OAE<=60m (A2),3,,InR
10229,Ponte,AM,319,"-","7,98","0",Não informado,-6.5502326,-62.94348681,"-",04/12/2025,,01/12/2025,OAE<=20m (A1),2,OAC - Bueiro,InCR
30049,Ponte sobre o Riacho Trapiá,CE,222,"242,25","10,7","10",Laje de concreto armado,-3.74053333,-40.49476667,"3",04/12/2025,01/12/2025,,OAE<=20m (A1),21,,InR
30050,Ponte sobre o Riacho Salgadinho,CE,222,"251,04","10,8","10",Laje de concreto armado,-3.75518333,-40.56845,"3",04/12/2025,01/12/2025,,OAE<=20m (A1),21,,InR
30051,"Ponte km 254,10",CE,222,"254,1","6,75","10",Laje de concreto armado,-3.7535,-40.59593333,"3",04/12/2025,01/12/2025,,OAE<=20m (A1),21,,InR
30052,Ponte sobre o Riacho Trapiá II,CE,222,"260,95","15,9","10",Laje de concreto armado,-3.74968333,-40.65746667,"3",04/12/2025,01/12/2025,,OAE<=20m (A1),21,,InR
130125,Ponte sobre o Rio Genipapo,PB,361,"64,92","50","10,1",Laje de concreto armado,-7.21152841,-37.76549246,"3",19/03/2025,01/12/2025,,20<OAE<=60m (A2),6,,InR
130131,"Ponte km 66,58",PB,361,"66,58","13,6","10,2",Viga de concreto armado,-7.20995,-37.78033333,"3",19/03/2025,01/12/2025,,OAE<=20m (A1),6,,InR
130166,"Ponte km 57,02",PB,361,"57,02","6,8","10",Laje de concreto armado,-7.18008333,-37.70685,"3",19/03/2025,01/12/2025,,OAE<=20m (A1),6,,InR
130167,Ponte sobre o Riacho Xiquexique,PB,361,"59,44","14,5","10,1",Viga de concreto armado,-7.1945,-37.72273333,"2",19/03/2025,01/12/2025,,OAE<=20m (A1),6,,InR
130168,"Ponte km 63,45",PB,361,"63,45","6,5","10",Laje de concreto armado,-7.20971667,-37.75316667,"4",19/03/2025,01/12/2025,,OAE<=20m (A1),6,,InR
130283,"Pontilhão km 64,71",PB,361,"64,71","2,6","10",Laje de concreto armado,-7.21173333,-37.76361667,"3",19/03/2025,01/12/2025,,OAE<=20m (A1),6,,InR
180158,Ponte sobre o Afluente do Riacho da Serrinha,PI,407,"609,51","37,1","10",Viga de concreto armado,-8.35459299,-41.06782731,"3",04/12/2025,01/12/2025,,20<OAE<=60m (A2),1,,InR
180136,Ponte sobre o Riacho Lua Nova,PI,407,"616,21","33","10",Viga de concreto armado,-8.4065833,-41.09530597,"4",04/12/2025,01/12/2025,,20<OAE<=60m (A2),1,,InR
180159,Ponte sobre o Riacho do Alecrim,PI,407,"616,69","23","10",Viga de concreto armado,-8.41064472,-41.09668873,"3",04/12/2025,01/12/2025,,20<OAE<=60m (A2),1,,InR
30214,"Ponte km 149,24",CE,122,"149,24","13","13,7",Viga de concreto armado,-5.23965,-38.8824,"2",04/12/2025,02/12/2025,,OAE<=20m (A1),10,,InR
30215,"Ponte km 126,28",CE,122,"126,28","16,1","10",Viga de concreto armado,-5.17053333,-39.00245,"3",04/12/2025,02/12/2025,,OAE<=20m (A1),10,,InR
30227,"Ponte km 140,40",CE,122,"140,4","9,9","13,1",Laje de concreto armado,-5.19338333,-38.90193333,"3",04/12/2025,02/12/2025,,OAE<=20m (A1),10,,InR
30273,Ponte sobre o Riacho da Serra,CE,122,"156,12","14,3","14,1",Viga de concreto armado,-5.28675,-38.91988333,"2",04/12/2025,02/12/2025,,OAE<=20m (A1),10,,InR
30280,Ponte sobre o Rio Sitiá,CE,122,"98,31","20,8","8,3",Viga de concreto armado,-4.96656667,-38.99731667,"2",04/12/2025,02/12/2025,,OAE<=20m (A1),10,,InR
30281,Ponte o Afluente do Riacho do Corisco III,CE,122,"132,45","16,5","10",Viga de concreto armado,-5.16983389,-38.95584518,"3",04/12/2025,02/12/2025,,OAE<=20m (A1),10,,InR
30298,Ponte sobre o Riacho dos Cabaços,CE,122,"87,11","13,8","8,3",Viga de concreto armado,-4.9025,-38.93335,"2",04/12/2025,02/12/2025,,OAE<=20m (A1),10,,InR
30307,Ponte sobre o Afluente do Riacho do Corisco II,CE,122,"130,46","25","10",Viga de concreto armado,-5.1821174,-38.96807309,"2",04/12/2025,02/12/2025,,20<OAE<=60m (A2),10,,InR
30316,Ponte sobre o Riacho Barro Vermelho,CE,122,"88,05","14,25","8,3",Viga de concreto armado,-4.90724154,-38.94041299,"2",04/12/2025,02/12/2025,,OAE<=20m (A1),10,,InR
30337,Ponte sobre o Rio Uruquê,CE,122,"124,85","79,7","10",Viga de concreto armado,-5.1596,-39.00896667,"3",04/12/2025,02/12/2025,,60>OAE<=120m (A3),10,,InR
30353,Ponte sobre o Canal de Fuga da Barragem do Açude Banabuíu,CE,122,"161,05","103","8,1",Viga de concreto armado,-5.32538333,-38.92326667,"2",04/12/2025,02/12/2025,,60>OAE<=120m (A3),10,,InR
30171,Ponte sobre o Riacho Seco,CE,403,"145,44","20,4","8,4",Viga de concreto armado,-3.91008333,-40.48488333,"2",04/12/2025,02/12/2025,,OAE<=20m (A1),20,,InR
30179,Ponte sobre o Riacho Papaçu,CE,403,"137,97","20,4","8,4",Viga de concreto armado,-3.84281667,-40.49333333,"2",04/12/2025,02/12/2025,,OAE<=20m (A1),20,,InR
30187,"Pontilhão km 144,96",CE,403,"144,96","4,9","8,5",Laje de concreto armado,-3.90578333,-40.48528333,"2",04/12/2025,,02/12/2025,OAE<=20m (A1),20,OAC - Bueiro,InR
130132,Ponte sobre o Riacho Cajazeira,PB,361,"67,86","16,7","10",Viga de concreto armado,-7.20636667,-37.79071667,"2",19/03/2025,02/12/2025,10/12/2025,OAE<=20m (A1),6,,InR
130134,Pontilhão sobre o Afluente do Riacho Cajazeira I,PB,361,"68,56","4,6","10",Laje de concreto armado,-7.20333511,-37.79603046,"3",19/03/2025,02/12/2025,10/12/2025,OAE<=20m (A1),6,,InR
130137,Pontilhão sobre o Afluente do Riacho do Grotão,PB,361,"69,78","4,6","10",Laje de concreto armado,-7.19786731,-37.80545052,"3",19/03/2025,02/12/2025,,OAE<=20m (A1),6,,InR
130138,Ponte sobre o Riacho do Grotão,PB,361,"70,43","8,8","10",Viga de concreto armado,-7.19607167,-37.81102384,"3",19/03/2025,02/12/2025,,OAE<=20m (A1),6,,InR
130140,Pontilhão sobre o Afluente do Riacho Passagem de Pedra I,PB,361,"72,74","3,6","10",Laje de concreto armado,-7.19273287,-37.83133914,"3",19/03/2025,02/12/2025,,OAE<=20m (A1),6,,InR
130251,"Pontilhão km 69,47",PB,361,"69,47","2,6","10",Laje de concreto armado,-7.1996,-37.80333333,"4",19/03/2025,02/12/2025,,OAE<=20m (A1),6,,InR
180070,Ponte sobre o Riacho Angical,PI,407,"584,95","12,7","10",Viga de concreto armado,-8.15945679,-41.11989124,"4",04/12/2025,02/12/2025,,OAE<=20m (A1),1,,InR
180157,Ponte sobre o Riacho das Lajes,PI,407,"591,31","12,6","10",Viga de concreto armado,-8.19884115,-41.08325021,"4",04/12/2025,02/12/2025,,OAE<=20m (A1),1,,InR
180135,Ponte sobre o Riacho do Carnaíba,PI,407,"593,11","92,4","10",Viga de concreto armado,-8.21379032,-41.0780033,"3",04/12/2025,02/12/2025,,60>OAE<=120m (A3),1,,InR
180156,Ponte sobre o Riacho do Maminho,PI,407,"579,1","15,4","10",Viga de concreto armado,-8.12141484,-41.15455517,"3",04/12/2025,02/12/2025,,OAE<=20m (A1),1,,InR
140221,Passarela,RN,101,"147,39","0","-",Não informado,-6.26945,-35.2095,"-",18/03/2025,02/12/2025,,OAE<=20m (A1),1,Passarela,InCR
140225,Passarela,RN,101,"148,92","0","-",Não informado,-6.28203,-35.2037,"-",18/03/2025,02/12/2025,,OAE<=20m (A1),1,Passarela,InCR
140226,Passarela,RN,101,"158,88","0","-",Não informado,-6.36023,-35.1589,"-",18/03/2025,02/12/2025,,OAE<=20m (A1),1,Passarela,InCR
140227,Passarela,RN,101,"160,94","0","-",Não informado,-6.37643,-35.1497,"-",18/03/2025,02/12/2025,,OAE<=20m (A1),1,Passarela,InCR
30387,"Passarela km 41,68",CE,116,"41,68","0","-",Não informado,-4.106636,-38.496067,"-",04/12/2025,03/12/2025,,OAE<=20m (A1),23,Passarela,InCR
30386,"Passarela km 25,87",CE,116,"25,87","0","-",Não informado,-3.974136,-38.514401,"-",04/12/2025,03/12/2025,,OAE<=20m (A1),23,Passarela,InCR
30226,"Pontilhão km 82,68",CE,122,"82,68","5,9","9",Viga de concreto armado,-4.87956667,-38.89906667,"2",04/12/2025,03/12/2025,,OAE<=20m (A1),10,,InR
30272,Ponte sobre o Riacho do Tombador,CE,122,"73,24","7,8","9,8",Viga de concreto armado,-4.82614364,-38.83407812,"2",04/12/2025,03/12/2025,,OAE<=20m (A1),10,,InR
30276,Ponte sobre o Rio Pirangi,CE,122,"52,43","43","7,7",Viga de concreto armado,-4.69616789,-38.6994798,"1",04/12/2025,03/12/2025,,20<OAE<=60m (A2),10,,InR
30277,Ponte sobre o Riacho São Pedro,CE,122,"66,79","7,8","9,6",Viga de concreto armado,-4.78832728,-38.78976209,"1",04/12/2025,03/12/2025,,OAE<=20m (A1),10,,InR
30264,Ponte sobre o Riacho Riachão (LD),CE,116,"28,8","24,7","12",Viga de concreto protendido,-4.00025,-38.51678333,"3",04/12/2025,03/12/2025,,20<OAE<=60m (A2),23,,InR
30269,Ponte sobre o Eixão das Águas (LD),CE,116,"47,97","25,6","12,1",Viga de concreto protendido,-4.1554,-38.48168333,"4",04/12/2025,03/12/2025,,20<OAE<=60m (A2),23,,InR
30286,Ponte sobre o Riacho Riachão (LE),CE,116,"28,67","26,8","12",Viga de concreto protendido,-4.0002776,-38.51652661,"4",04/12/2025,03/12/2025,,20<OAE<=60m (A2),23,,InR
30265,"Viaduto km 39,44",CE,116,"39,44","64,2","20",Viga de concreto protendido,-4.09021667,-38.50291667,"4",04/12/2025,03/12/2025,,60>OAE<=120m (A3),23,,InR
30047,Ponte sobre o Riacho Santa Luzia,CE,222,"238,67","10,75","10",Laje de concreto armado,-3.72563333,-40.46608333,"2",04/12/2025,03/12/2025,,OAE<=20m (A1),19,,InR
30238,Ponte sobre o Rio Pacoti (LE),CE,116,"30,76","79,7","12",Viga de concreto armado,-4.01775,-38.51846667,"3",04/12/2025,03/12/2025,,60>OAE<=120m (A3),23,,InR
30239,Ponte sobre o Rio Pacoti (LD),CE,116,"30,76","80","12",Viga de concreto armado,-4.01775,-38.5187,"4",04/12/2025,03/12/2025,,60>OAE<=120m (A3),23,,InR
30178,Ponte sobre o Rio Jaibaras,CE,403,"130,87","43,5","7,8",Viga de concreto armado,-3.78096667,-40.49708333,"2",04/12/2025,03/12/2025,,20<OAE<=60m (A2),20,,InR
130142,"Pontilhão km 75,60",PB,361,"75,6","4,6","10",Laje de concreto armado,-7.1892,-37.85618333,"3",19/03/2025,03/12/2025,,OAE<=20m (A1),6,,InR
130143,Ponte sobre Riacho do Amolar,PB,361,"76,18","33","10",Viga de concreto armado,-7.18856667,-37.8614,"3",19/03/2025,03/12/2025,,20<OAE<=60m (A2),6,,InR
130145,"Pontilhão km 77,64",PB,361,"77,64","3,6","10,2",Laje de concreto armado,-7.1854,-37.87395,"3",19/03/2025,03/12/2025,,OAE<=20m (A1),6,,InR
130146,Ponte sobre o Riacho Jatobá,PB,361,"79,23","11","10",Viga de concreto armado,-7.1866,-37.888,"2",19/03/2025,03/12/2025,,OAE<=20m (A1),6,,InR
130252,"Pontilhão km 75,26",PB,361,"75,26","2,6","10",Laje de concreto armado,-7.18975,-37.85323333,"4",19/03/2025,03/12/2025,,OAE<=20m (A1),6,,InR
130278,"Pontilhão km 77,86",PB,361,"77,86","2,6","10",Laje de concreto armado,-7.18545,-37.87595,"4",19/03/2025,03/12/2025,,OAE<=20m (A1),6,,InR
7,Viaduto,PE,232,"-","-","-","-",-8.14729,-35.405516,"-",30/01/2025,03/12/2025,,OAE<=20m (A1),14,,InCR
8,Passarela,PE,232,"-","-","-","-",-8.145051,-35.391191,"-",30/01/2025,03/12/2025,,OAE<=20m (A1),14,Passarela,InCR
40684,Viaduto,PE,232,"-","463,23","-",Não informado,-8.16703,-35.45596,"-",30/01/2025,03/12/2025,,120<OAE<=500m (A4),14,,InCR
40730,Ponte,PE,232,"-","18,84","-",Não informado,-8.15616,-35.42363,"-",30/01/2025,03/12/2025,,OAE<=20m (A1),14,,InCR
180069,Ponte sobre o Riacho do Água Suja,PI,407,"562,21","24,4","9,8",Viga de concreto armado,-7.97341122,-41.18696505,"4",04/12/2025,03/12/2025,,20<OAE<=60m (A2),1,,InR
180164,Viaduto sobre Ferrovia Paulistana,PI,407,"570,87","7","13,1",Laje de concreto armado,-8.05038475,-41.17359495,"4",04/12/2025,03/12/2025,,OAE<=20m (A1),1,,InR
180155,Ponte sobre o Riacho Jacobina,PI,407,"558,39","26,55","8,3",Viga de concreto armado,-7.93948242,-41.19308848,"3",04/12/2025,03/12/2025,,20<OAE<=60m (A2),1,,InR
30252,"Ponte Inservível km 27,05",CE,116,"27,05","8,8","12,5",Laje de concreto armado,-3.98463333,-38.51513333,"3",04/12/2025,04/12/2025,,OAE<=20m (A1),23,,InR
30253,Ponte Inservível sobre o Riacho Coaçu,CE,116,"21,56","10,9","8,3",Viga de concreto armado,-3.93671667,-38.50886667,"1",04/12/2025,04/12/2025,,OAE<=20m (A1),23,,InR
30236,"Ponte km 27,05 (LE)",CE,116,"27,05","13","12",Viga de concreto armado,-3.98465,-38.515,"4",04/12/2025,04/12/2025,,OAE<=20m (A1),23,,InR
30262,Ponte sobre o Riacho Coaçu (LD),CE,116,"21,56","13,2","12,6",Viga de concreto protendido,-3.9367,-38.50901667,"3",04/12/2025,04/12/2025,,OAE<=20m (A1),23,,InR
30261,Ponte sobre o Riacho Coaçu (LE),CE,116,"21,56","13,2","12,6",Viga de concreto protendido,-3.93671667,-38.50876667,"4",04/12/2025,04/12/2025,,OAE<=20m (A1),23,,InR
30287,Ponte sobre o Riacho Coaçu (LD),CE,116,"17,89","13,2","12,6",Viga de concreto protendido,-3.90396667,-38.50503333,"4",04/12/2025,04/12/2025,,OAE<=20m (A1),23,,InR
30288,Ponte sobre o Riacho Coaçu (LE),CE,116,"17,89","13,2","12,6",Viga de concreto protendido,-3.90401667,-38.5048,"3",04/12/2025,04/12/2025,,OAE<=20m (A1),23,,InR
30234,"Viaduto km 26,47",CE,116,"26,47","63,95","14,4",Viga de concreto protendido,-3.97951667,-38.51438333,"4",04/12/2025,04/12/2025,,60>OAE<=120m (A3),23,,InR
30176,Ponte sobre o Rio Jaibaras,CE,222,"226,22","86,3","12,65",Viga caixão de concreto armado,-3.70558333,-40.3628,"3",04/12/2025,04/12/2025,,60>OAE<=120m (A3),19,,InR
130114,Ponte sobre o Afluente do Riacho da Cruz III,PB,361,"17,82","9,4","10",Laje de concreto armado,-7.06619459,-37.40903353,"4",19/03/2025,04/12/2025,,OAE<=20m (A1),6,,InR
130292,Pontilhão sobre o Afluente do Riacho Santana III,PB,361,"14,34","4,6","10",Laje de concreto armado,-7.04814666,-37.38359345,"4",19/03/2025,04/12/2025,,OAE<=20m (A1),6,,InR
130294,"Pontilhão km 17,43",PB,361,"17,43","2,6","9,7",Laje de concreto armado,-7.06338333,-37.40505,"4",19/03/2025,04/12/2025,,OAE<=20m (A1),6,,InR
9,Passarela,PE,232,"-","-","-","-",-8.146993,-35.398157,"-",30/01/2025,04/12/2025,,OAE<=20m (A1),14,Passarela,InCR
10,Ponte,PE,232,"-","12","-","-",-8.147174,-35.397407,"-",30/01/2025,04/12/2025,,OAE<=20m (A1),14,,InCR
11,Passarela,PE,232,"-","-","-","-",-8.185538,-35.497114,"-",30/01/2025,04/12/2025,,OAE<=20m (A1),14,Passarela,InCR
40729,Ponte sobre o Rio Pombos,PE,232,"-","24,12","-",Não informado,-8.14699,-35.3974,"-",30/01/2025,04/12/2025,,20<OAE<=60m (A2),14,,InCR
180129,Ponte sobre o Rio Itaim,PI,407,"495,51","106,89","8,35",Viga de concreto armado,-7.54599685,-41.29455012,"2",04/12/2025,04/12/2025,,60>OAE<=120m (A3),1,,InR
180137,Ponte sobre o Rio Marçal,PI,20,"346,15","100","9,5",Viga de concreto armado,-6.98848827,-41.20250705,"4",04/12/2025,04/12/2025,,60>OAE<=120m (A3),4,,InR
30046,Ponte sobre o Riacho do Jordão,CE,222,"233,33","16","10",Laje de concreto armado,-3.71101667,-40.4206,"3",04/12/2025,05/12/2025,,OAE<=20m (A1),19,,InR
30175,"Ponte km 229,99",CE,222,"229,99","11","10",Laje de concreto armado,-3.70046667,-40.39243333,"4",04/12/2025,05/12/2025,,OAE<=20m (A1),19,,InR
130127,Ponte sobre o Afluente do Riacho da Goaiabeira III,PB,361,"36,24","9","10",Viga de concreto armado,-7.09111038,-37.56509571,"3",19/03/2025,05/12/2025,,OAE<=20m (A1),6,,InR
130130,Ponte sobre o Afluente do Riacho da Goaiabeira IV,PB,361,"39,56","6,7","10",Laje de concreto armado,-7.09670304,-37.59360178,"4",19/03/2025,05/12/2025,,OAE<=20m (A1),6,,InR
130136,Ponte sobre o Afluente do Riacho Flamengo I,PB,361,"42,06","6,7","10",Laje de concreto armado,-7.11170536,-37.60864254,"3",19/03/2025,05/12/2025,,OAE<=20m (A1),6,,InR
130139,"Pontilhão km 43,28",PB,361,"43,28","3,6","10",Laje de concreto armado,-7.12193333,-37.6086,"3",19/03/2025,05/12/2025,,OAE<=20m (A1),6,,InR
130141,Ponte sobre o Riacho da Catingueira,PB,361,"44,22","29","10",Viga de concreto armado,-7.13018333,-37.60856667,"3",19/03/2025,05/12/2025,,20<OAE<=60m (A2),6,,InR
130299,"Pontilhão km 19,06",PB,361,"19,06","2,8","10",Laje de concreto armado,-7.07233333,-37.41663333,"3",19/03/2025,05/12/2025,,OAE<=20m (A1),6,,InR
140244,Pontilhão sobre o Riacho Fundo,RN,226,"181,08","-","-","-",-6.27276,-36.54797,"-",18/03/2025,05/12/2025,,OAE<=20m (A1),7,,InCR
140209,Ponte sobre o Rio Quinquezinho,RN,226,"189,28","13,3","8,2","-",-6.26619875,-36.61523087,"-",18/03/2025,05/12/2025,,OAE<=20m (A1),7,,InCR
140210,Ponte sobre o Rio Quinquê,RN,226,"194,64","-","-","-",-6.24289,-36.65745,"-",18/03/2025,05/12/2025,,OAE<=20m (A1),7,,InCR
140168,"Viaduto km 306,90",RN,304,"306,9","220","24,3",Viga de concreto protendido,-5.89233333,-35.25731667,"3",18/03/2025,06/12/2025,,120<OAE<=500m (A4),2,,InR
10009,Ponte sobre o Rio Autaz Mirim,AM,174,"833,43","176","11",Mista (viga metálica e laje de concreto),-3.28508333,-59.8645,"4",04/12/2025,26/06/2026,,120<OAE<=500m (A4),2,,InR
10007,Ponte sobre o Rio Curuçá,AM,174,"834,81","99","9,2",Viga de concreto armado,-3.2758,-59.85498333,"3",04/12/2025,26/06/2026,,60>OAE<=120m (A3),2,,InR
10035,"Ponte km 620,34",AM,174,"620,34","75","10,8",Viga de concreto armado,-4.55835,-61.1809,"4",04/12/2025,,08/12/2025,60>OAE<=120m (A3),2,OAE em obras - reforço,InR
10027,Ponte sobre o Rio Tupana,AM,319,"178,8","350","10,8",Mista (viga metálica e laje de concreto),-4.18086308,-60.80688346,"4",04/12/2025,08/12/2025,,120<OAE<=500m (A4),2,,InR
30119,Ponte sobre o Riacho Agatha,CE,116,"407,58","48,6","10,1",Viga de concreto armado,-6.65898333,-38.81903333,"2",04/12/2025,08/12/2025,,20<OAE<=60m (A2),17,,InR
30191,Ponte sobre o Rio Acaraú,CE,222,"225,58","211,12","10",Viga caixão de concreto armado,-3.70725,-40.35726667,"2",04/12/2025,08/12/2025,,120<OAE<=500m (A4),19,,InR
130144,"Ponte km 44,58",PB,361,"44,58","11","10",Viga de concreto armado,-7.13285,-37.61008333,"3",19/03/2025,08/12/2025,,OAE<=20m (A1),6,,InR
130148,Ponte sobre o Riacho do Conselho,PB,361,"83,8","13","10,2",Viga de concreto armado,-7.1943,-37.92541667,"2",19/03/2025,08/12/2025,,OAE<=20m (A1),6,,InR
130152,"Pontilhão km 89,97",PB,361,"89,97","3,6","10,3",Laje de concreto armado,-7.21623333,-37.96771667,"4",19/03/2025,08/12/2025,,OAE<=20m (A1),8,,InR
130157,"Pontilhão km 91,10",PB,361,"91,1","3,6","10",Laje de concreto armado,-7.22033333,-37.97691667,"3",19/03/2025,08/12/2025,,OAE<=20m (A1),8,,InR
130158,"Pontilhão km 91,21",PB,361,"91,21","3,6","10",Laje de concreto armado,-7.22056667,-37.97788333,"4",19/03/2025,08/12/2025,,OAE<=20m (A1),8,,InR
2,Ponte,PE,232,"-","35,8","-","-",-8.208347,-35.608724,"-",30/01/2025,08/12/2025,,20<OAE<=60m (A2),14,,InCR
3,Viaduto,PE,232,"-","20","-","-",-8.193876,-35.541909,"-",30/01/2025,08/12/2025,,OAE<=20m (A1),14,,InCR
4,Passarela,PE,232,"-","-","-","-",-8.193633,-35.552718,"-",30/01/2025,08/12/2025,,OAE<=20m (A1),14,Passarela,InCR
5,Viaduto,PE,232,"-","15,4","-","-",-8.194947,-35.562052,"-",30/01/2025,08/12/2025,,OAE<=20m (A1),14,,InCR
6,Passarela,PE,232,"-","-","-","-",-8.196361,-35.573003,"-",30/01/2025,08/12/2025,,OAE<=20m (A1),14,Passarela,InCR
12,Viaduto,PE,232,"-","50","-","-",-8.128842,-35.351432,"-",30/01/2025,08/12/2025,,20<OAE<=60m (A2),14,,InCR
13,Ponte,PE,232,"-","33,5","-","-",-8.143674,-35.310177,"-",30/01/2025,08/12/2025,,20<OAE<=60m (A2),14,,InCR
14,Ponte,PE,232,"-","42,7","-","-",-8.138174,-35.332601,"-",30/01/2025,08/12/2025,,20<OAE<=60m (A2),14,,InCR
40685,Viaduto,PE,232,"-","25,82","-",Não informado,-8.19369,-35.54179,"-",30/01/2025,08/12/2025,,20<OAE<=60m (A2),14,,InCR
40686,Viaduto,PE,232,"-","18,37","-",Não informado,-8.19475,-35.56205,"-",30/01/2025,08/12/2025,,OAE<=20m (A1),14,,InCR
40687,Viaduto (LE),PE,232,"-","26,54","-",Não informado,-8.21277,-35.6193,"-",30/01/2025,08/12/2025,,20<OAE<=60m (A2),14,,InCR
40688,Viaduto (LD),PE,232,"-","26,54","-",Não informado,-8.21269,-35.61951,"-",30/01/2025,08/12/2025,,20<OAE<=60m (A2),14,,InCR
40727,Ponte sobre o Rio Natura,PE,232,"-","50,68","-",Não informado,-8.1435,-35.31023,"-",30/01/2025,08/12/2025,,20<OAE<=60m (A2),14,,InCR
40728,Ponte sobre o Rio dos Borges,PE,232,"-","49,99","-",Não informado,-8.13799,-35.33249,"-",30/01/2025,08/12/2025,,20<OAE<=60m (A2),14,,InCR
40731,Ponte sobre o Rio Ipojuca,PE,232,"-","65,62","-",Não informado,-8.20818,-35.60877,"-",30/01/2025,08/12/2025,,60>OAE<=120m (A3),14,,InCR
180094,Ponte sobre o Riacho São João,PI,316,"385,26","35","10",Viga de concreto armado,-7.24625353,-40.8586474,"2",04/12/2025,08/12/2025,,20<OAE<=60m (A2),2,,InR
180095,Ponte sobre o Riacho Curimatá,PI,316,"397,33","40,12","11,5",Viga de concreto armado,-7.3303483,-40.7888956,"3",04/12/2025,08/12/2025,,20<OAE<=60m (A2),2,,InR
180150,Ponte sobre o Riacho do Padre,PI,316,"391,93","36","10",Viga de concreto armado,-7.29273836,-40.8201837,"4",04/12/2025,08/12/2025,,20<OAE<=60m (A2),2,,InR
140240,Ponte sobre o Rio Código,RN,226,"196,31","-","-","-",-6.23435,-36.66885,"-",18/03/2025,08/12/2025,,OAE<=20m (A1),7,,InCR
140241,Ponte sobre o Rio Saco Da Luíza,RN,226,"199,78","-","-","-",-6.21792,-36.69274,"-",18/03/2025,08/12/2025,,OAE<=20m (A1),7,,InCR
140242,Ponte sobre o Rio Patacara,RN,226,"210,3","-","-","-",-6.19121,-36.78057,"-",18/03/2025,08/12/2025,,OAE<=20m (A1),7,,InCR
140243,Ponte sobre o Rio Fechado,RN,226,"214,8","-","-","-",-6.15631,-36.80063,"-",18/03/2025,08/12/2025,,OAE<=20m (A1),7,,InCR
10190,Ponte,AM,319,"-","5,08","0",Não informado,-5.77489564,-62.30246054,"-",04/12/2025,,09/12/2025,OAE<=20m (A1),2,OAC - Bueiro,InCR
30248,Ponte Inservível sobre o Riacho Coaçu,CE,116,"17,15","10,9","8,5",Viga de concreto armado,-3.8975,-38.50353333,"1",04/12/2025,09/12/2025,,OAE<=20m (A1),23,,InR
30249,Ponte Inservível sobre o Riacho Carro Quebrado,CE,116,"16,07","11,1","8,5",Viga de concreto armado,-3.88793333,-38.50185,"1",04/12/2025,09/12/2025,,OAE<=20m (A1),23,,InR
30295,Ponte sobre o Riacho Carro Quebrado (LD),CE,116,"16,06","11,6","11,9",Viga caixão de concreto protendido,-3.8879,-38.50198333,"4",04/12/2025,09/12/2025,,OAE<=20m (A1),23,,InR
30296,Ponte sobre o Riacho Carro Quebrado (LE),CE,116,"16,05","13","11,9",Viga de concreto protendido,-3.88792854,-38.50173156,"4",04/12/2025,09/12/2025,,OAE<=20m (A1),23,,InR
30259,Ponte sobre o Riacho Coaçú (LD),CE,116,"17,15","13","12",Viga de concreto protendido,-3.89745,-38.5038,"4",04/12/2025,09/12/2025,,OAE<=20m (A1),23,,InR
30294,Ponte sobre o Afluente do Riacho Coaçu I (LE),CE,116,"17,12","13","12",Viga de concreto protendido,-3.89758842,-38.50326911,"3",04/12/2025,09/12/2025,,OAE<=20m (A1),23,,InR
30183,Ponte sobre o Riacho Oiticica (LE),CE,222,"1,87","45,6","13",Viga caixão de concreto armado,-3.70073333,-40.3391,"2",04/12/2025,09/12/2025,,20<OAE<=60m (A2),19,,InR
30188,Ponte Othon de Alencar sobre o Rio Acaraú (LD),CE,222,"2,97","200","11,8",Viga de concreto armado,-3.6909,-40.34146667,"2",04/12/2025,09/12/2025,,120<OAE<=500m (A4),19,,InR
30189,Ponte sobre o Riacho Oiticica (LD),CE,222,"1,87","47,3","11,05",Viga de concreto armado,-3.70053333,-40.33886667,"4",04/12/2025,09/12/2025,,20<OAE<=60m (A2),19,,InR
30190,Ponte Othon de Alencar sobre o Rio Acaraú (LE),CE,222,"2,97","200","12,4",Viga de concreto protendido,-3.69096667,-40.34153333,"4",04/12/2025,09/12/2025,,120<OAE<=500m (A4),19,,InR
130160,Pontilhão sobre o Subafluente do Rio Piancó I,PB,361,"92,55","3,6","10",Laje de concreto armado,-7.22179518,-37.98976239,"4",19/03/2025,09/12/2025,,OAE<=20m (A1),8,,InR
130162,Ponte sobre o Subafluente do Rio Piancó II,PB,361,"92,86","9,2","10",Laje de concreto armado,-7.22206122,-37.99243326,"3",19/03/2025,09/12/2025,,OAE<=20m (A1),8,,InR
130164,Ponte sobre o Subafluente do Rio Piancó III,PB,361,"93,56","9,2","10",Laje de concreto armado,-7.22268897,-37.99873515,"3",19/03/2025,09/12/2025,,OAE<=20m (A1),8,,InR
130169,Pontilhão sobre o Subafluente do Rio Piancó IV,PB,361,"93,85","3,6","10",Laje de concreto armado,-7.22293851,-38.00123437,"3",19/03/2025,09/12/2025,,OAE<=20m (A1),8,,InR
130170,Pontilhão sobre o Subafluente do Rio Piancó V,PB,361,"94,84","3,6","10",Laje de concreto armado,-7.22381588,-38.01008136,"3",19/03/2025,09/12/2025,,OAE<=20m (A1),8,,InR
130171,Pontilhão sobre o Subafluente do Rio Piancó VI,PB,361,"95,08","3,6","10",Laje de concreto armado,-7.22402659,-38.01219735,"4",19/03/2025,09/12/2025,,OAE<=20m (A1),8,,InR
130311,"Passarela km 17,62",PB,101,"17,62","0","-",Não informado,-6.643986,-35.122294,"-",19/03/2025,09/12/2025,,OAE<=20m (A1),18,Passarela,InCR
130325,Passarela,PB,101,"11,9","0","-",Não informado,-6.60086012,-35.14360046,"-",19/03/2025,09/12/2025,,OAE<=20m (A1),18,Passarela,InCR
15,Viaduto,PE,232,"-","149,26","-","-",-8.128475,-35.281801,"-",30/01/2025,09/12/2025,,120<OAE<=500m (A4),14,,InCR
16,Viaduto,PE,232,"-","30,2","-","-",-8.118067,-35.262476,"-",30/01/2025,09/12/2025,,20<OAE<=60m (A2),14,,InCR
17,Viaduto,PE,232,"-","8,3","-","-",-8.120112,-35.265244,"-",30/01/2025,09/12/2025,,OAE<=20m (A1),14,,InCR
40683,Viaduto sobre a RFFSA,PE,232,"-","10,75","-",Não informado,-8.12005,-35.26549,"-",30/01/2025,09/12/2025,,OAE<=20m (A1),14,,InCR
40725,Ponte (LE),PE,232,"-","13,35","-",Não informado,-8.11587,-35.2357,"-",30/01/2025,09/12/2025,,OAE<=20m (A1),14,,InCR
40726,Ponte (LD),PE,232,"-","13,35","-",Não informado,-8.11573,-35.23559,"-",30/01/2025,09/12/2025,,OAE<=20m (A1),14,,InCR
180099,Ponte sobre o Rio Gavião,PI,230,"18,45","40","12,3",Viga de concreto armado,-7.08996852,-40.62163635,"4",04/12/2025,09/12/2025,,20<OAE<=60m (A2),3,,InR
180139,Ponte sobre o Córrego Passagem da Onça,PI,230,"32,82","40","12,8",Viga de concreto armado,-7.10475081,-40.74907572,"2",04/12/2025,09/12/2025,,20<OAE<=60m (A2),3,,InR
10030,Ponte sobre o Rio Castanho,AM,174,"743,67","315,3","10,8",Mista (viga metálica e laje de concreto),-3.82863432,-60.36666576,"4",04/12/2025,10/12/2025,,120<OAE<=500m (A4),2,,InR
30368,Passarela,CE,116,"439,9","0","-",Não informado,-3.926508,-38.507916,"-",04/12/2025,10/12/2025,,OAE<=20m (A1),23,Passarela,InCR
30260,Ponte Inservível sobre o Riacho Coaçu,CE,116,"17,89","8,7","8,5",Viga de concreto armado,-3.90401667,-38.50491667,"1",04/12/2025,10/12/2025,,OAE<=20m (A1),23,,InR
30235,"Ponte km 27,05 (LD)",CE,116,"27,05","13","12",Viga de concreto protendido,-3.9846,-38.51525,"3",04/12/2025,10/12/2025,,OAE<=20m (A1),23,,InR
130173,Pontilhão sobre o Açude Caatinga Grande,PB,361,"96,22","4,6","10",Laje de concreto armado,-7.22760192,-38.02170736,"4",19/03/2025,10/12/2025,,OAE<=20m (A1),8,,InR
130174,Pontilhão sobre o Riacho Caatinga Grande,PB,361,"96,65","4,6","10",Laje de concreto armado,-7.22978255,-38.0249271,"3",19/03/2025,10/12/2025,,OAE<=20m (A1),8,,InR
130334,Passarela,PB,101,"40,6","0","-",Viga de concreto armado,-6.844115,-35.135884,"-",19/03/2025,10/12/2025,,OAE<=20m (A1),18,Passarela,InCR
130335,Passarela,PB,101,"41,1","0","-",Viga de concreto armado,-6.848801,-35.135278,"-",19/03/2025,10/12/2025,,OAE<=20m (A1),18,Passarela,InCR
130340,Passagem inferior,PB,101,"17,83","3,45","27",Não informado,-6.645848,-35.121869,"-",19/03/2025,,10/12/2025,OAE<=20m (A1),18,OAC - Bueiro,InCR
130341,Passagem inferior,PB,101,"18,75","5,42","28",Não informado,-6.653908,-35.119828,"-",19/03/2025,,10/12/2025,OAE<=20m (A1),18,OAC - Bueiro,InCR
20,Ponte,PE,232,"-","7,9","-","-",-8.104747,-35.169715,"-",30/01/2025,10/12/2025,,OAE<=20m (A1),14,,InCR
21,Passarela,PE,232,"-","-","-","-",-8.1093,-35.193877,"-",30/01/2025,10/12/2025,,OAE<=20m (A1),14,Passarela,InCR
40680,Viaduto,PE,232,"-","415,66","-",Não informado,-8.1083,-35.18915,"-",30/01/2025,,10/12/2025,120<OAE<=500m (A4),14,Em obras,InCR
40681,Viaduto sobre a RFFSA (LE),PE,232,"-","89,17","-",Não informado,-8.11832,-35.23263,"-",30/01/2025,10/12/2025,,60>OAE<=120m (A3),14,,InCR
40682,Viaduto sobre a RFFSA (LD),PE,232,"-","89,17","-",Não informado,-8.11816,-35.23259,"-",30/01/2025,10/12/2025,,60>OAE<=120m (A3),14,,InCR
40724,Ponte sobre o Rio Coutinho,PE,232,"-","8,91","-",Não informado,-8.10456,-35.16979,"-",30/01/2025,10/12/2025,,OAE<=20m (A1),14,,InCR
180140,Ponte sobre o Rio Guaribas (Central) I,PI,230,"112,69","109","12,1",Viga caixão de concreto armado,-7.08042665,-41.45894832,"4",04/12/2025,10/12/2025,,60>OAE<=120m (A3),3,,InR
180162,Ponte sobre o Rio Guaribas (LE) I,PI,230,"112,71","73,7","9",Viga de concreto armado,-7.08045,-41.45911667,"4",04/12/2025,10/12/2025,,60>OAE<=120m (A3),3,,InR
180170,Ponte sobre o Rio Guaribas (LD) I,PI,230,"112,71","73,7","8,85",Viga de concreto armado,-7.0803,-41.45903333,"4",04/12/2025,10/12/2025,,60>OAE<=120m (A3),3,,InR
10017,Ponte sobre o Rio Araçá,AM,319,"52,87","282","10,6",Mista (viga metálica e laje de concreto),-3.45157456,-60.00537163,"4",04/12/2025,11/12/2025,,120<OAE<=500m (A4),2,,InR
30048,Ponte sobre o Riacho Sabonete,CE,222,"214,07","30,75","13,15",Viga caixão de concreto armado,-3.77105,-40.28153333,"4",04/12/2025,11/12/2025,,20<OAE<=60m (A2),19,,InR
30061,Pontilhão sobre o Afluente do Riacho Olho d' Água,CE,222,"213,48","5,8","12,8",Laje de concreto armado,-3.76931494,-40.28377025,"4",04/12/2025,11/12/2025,,OAE<=20m (A1),19,,InR
30185,Ponte sobre o Riacho Timbaúba,CE,222,"219,14","6,05","12,8",Viga de concreto armado,-3.74163333,-40.31428333,"4",04/12/2025,11/12/2025,,OAE<=20m (A1),19,,InR
30186,Pontilhão sobre o Riacho Canudos,CE,222,"217,79","4,8","12,8",Viga de concreto armado,-3.75136667,-40.30706667,"4",04/12/2025,11/12/2025,,OAE<=20m (A1),19,,InR
30192,Ponte sobre o Riacho Jatobá,CE,222,"221,95","11,26","12,8",Viga de concreto armado,-3.72153333,-40.32828333,"4",04/12/2025,11/12/2025,,OAE<=20m (A1),19,,InR
30321,Viaduto sobre a BR-116,CE,20,"429,39","64,1","20,3",Viga de concreto protendido,-3.87145,-38.4989,"1",04/12/2025,11/12/2025,,60>OAE<=120m (A3),12,,InR
130172,Ponte sobre o Afluente do Riacho Catolé I,PB,361,"98,56","9,2","10",Laje de concreto armado,-7.23948662,-38.03923882,"3",19/03/2025,11/12/2025,,OAE<=20m (A1),8,,InR
130175,Ponte sobre o Riacho Catolé,PB,361,"99,2","9,2","10",Laje de concreto armado,-7.2428942,-38.04397489,"3",19/03/2025,11/12/2025,,OAE<=20m (A1),8,,InR
130176,Pontilhão sobre o Riacho Castanheiro,PB,361,"97,58","4,6","10",Laje de concreto armado,-7.23455056,-38.03195611,"3",19/03/2025,11/12/2025,,OAE<=20m (A1),8,,InR
130177,"Pontilhão km 97,85",PB,361,"97,85","3,6","10",Laje de concreto armado,-7.23585,-38.03393333,"3",19/03/2025,11/12/2025,,OAE<=20m (A1),8,,InR
130312,Passarela,PB,101,"83,15","0","-",Não informado,-7.13483,-34.928448,"-",19/03/2025,11/12/2025,,OAE<=20m (A1),16,Passarela,InCR
130339,Passarela,PB,230,"81,8","0","-",Viga de concreto armado,-7.127447,-34.940344,"-",19/03/2025,11/12/2025,,OAE<=20m (A1),16,Passarela,InCR
18,Viaduto,PE,232,"-","72,8","-","-",-8.114196,-35.124785,"-",30/01/2025,11/12/2025,,60>OAE<=120m (A3),14,,InCR
19,Viaduto,PE,232,"-","7,5","-","-",-8.113972,-35.129789,"-",30/01/2025,11/12/2025,,OAE<=20m (A1),14,,InCR
40679,Viaduto sobre a RFFSA,PE,232,"-","8,62","-",Não informado,-8.11374,-35.12984,"-",30/01/2025,11/12/2025,,OAE<=20m (A1),14,,InCR
180020,Ponte sobre o Rio Guaribas (Central) II,PI,230,"113,49","59,9","10,1",Viga de concreto armado,-7.07673333,-41.4651,"4",04/12/2025,11/12/2025,,20<OAE<=60m (A2),3,,InR
180163,Ponte sobre o Rio Guaribas (LD) II,PI,230,"113,49","59,9","10,4",Viga de concreto armado,-7.0767,-41.46506667,"4",04/12/2025,11/12/2025,,20<OAE<=60m (A2),3,,InR
180161,Ponte sobre o Rio Guaribas (LE) II,PI,230,"113,5","59,9","10,2",Viga de concreto armado,-7.07681667,-41.46516667,"4",04/12/2025,11/12/2025,,20<OAE<=60m (A2),3,,InR
180198,Passarela,PI,230,"113,98","0","-",Não informado,-7.07605362,-41.4663353,"-",04/12/2025,11/12/2025,,OAE<=20m (A1),3,Passarela,InCR
10034,Ponte sobre o Rio Capitari,AM,174,"841,98","211,4","10,8",Mista (viga metálica e laje de concreto),-3.21650686,-59.86843973,"4",04/12/2025,12/12/2025,,120<OAE<=500m (A4),2,,InR
130100,"Ponte km 103,40",PB,361,"103,4","22","10",Viga de concreto armado,-7.27163333,-38.06743333,"3",19/03/2025,12/12/2025,,OAE<=20m (A1),8,,InR
130105,Ponte sobre o Riacho dos Pilões,PB,426,"75,41","40","10",Viga de concreto armado,-7.2771791,-37.95643158,"3",19/03/2025,12/12/2025,,20<OAE<=60m (A2),7,,InR
130106,Ponte sobre o Riacho Aroeira,PB,426,"86,61","40,4","10",Viga de concreto armado,-7.37978071,-37.98398885,"3",19/03/2025,12/12/2025,,20<OAE<=60m (A2),7,,InR
130178,Pontilhão sobre o Afluente do Riacho Catolé II,PB,361,"99,85","4,6","10",Laje de concreto armado,-7.24682204,-38.04847097,"3",19/03/2025,12/12/2025,,OAE<=20m (A1),8,,InR
130179,Ponte sobre o Açude Velame,PB,361,"101,98","33","10",Viga de concreto armado,-7.26251667,-38.05918333,"2",19/03/2025,12/12/2025,,20<OAE<=60m (A2),8,,InR
130180,Ponte sobre o Rio da Pedra,PB,361,"102,96","9","10",Laje de concreto armado,-7.26896783,-38.06417208,"3",19/03/2025,12/12/2025,,OAE<=20m (A1),8,,InR
130286,Ponte sobre o Rio do Peixe,PB,434,"12,92","59,4","10,8",Viga de concreto armado,-6.44972665,-38.48029574,"4",19/03/2025,12/12/2025,,20<OAE<=60m (A2),14,,InR
130313,Passarela,PB,101,"84,04","0","-",Não informado,-7.140137,-34.922511,"-",19/03/2025,12/12/2025,,OAE<=20m (A1),16,Passarela,InCR
130336,Passarela,PB,101,"85,6","0","-",Viga de concreto armado,-7.162091,-34.903225,"-",19/03/2025,12/12/2025,,OAE<=20m (A1),16,Passarela,InCR
180096,Ponte sobre o Riacho do Frade,PI,230,"167,62","10,5","8,2",Viga de concreto armado,-6.93175082,-41.88221621,"4",04/12/2025,12/12/2025,,OAE<=20m (A1),3,,InR
180138,Ponte sobre o Rio Caninde,PI,230,"191,79","170","10",Viga de concreto armado,-6.98585948,-42.08727566,"2",04/12/2025,12/12/2025,,120<OAE<=500m (A4),3,,InR
180097,Ponte sobre o Riacho Macha,PI,230,"197,91","15,3","8,6",Viga de concreto armado,-7.01338333,-42.13493333,"4",04/12/2025,12/12/2025,,OAE<=20m (A1),3,,InR
30327,Ponte sobre o Rio Jaguaribe (LD),CE,304,"47,17","467","15,8",Viga de concreto protendido,-4.57651667,-37.78835,"2",04/12/2025,,15/12/2025,120<OAE<=500m (A4),9,Em obras,InR
30354,Ponte sobre o Rio Jaguaribe (LE),CE,304,"47,17","453,6","14,75",Viga de concreto armado,-4.57616667,-37.78821667,"2",04/12/2025,,15/12/2025,120<OAE<=500m (A4),9,Em obras,InR
30329,Ponte sobre o Rio Tanque Salgado,CE,304,"52,36","119,5","10,8",Viga caixão de concreto protendido,-4.572,-37.74173333,"2",04/12/2025,15/12/2025,,60>OAE<=120m (A3),9,,InR
30045,"Ponte km 208,89",CE,222,"208,89","41,5","9,9",Viga de concreto armado,-3.79745,-40.25783333,"2",04/12/2025,15/12/2025,,20<OAE<=60m (A2),19,,InR
30082,Ponte sobre o Riacho Cabeça de Boi,CE,222,"197,62","10,8","12,8",Viga de concreto armado,-3.80236388,-40.18706136,"4",04/12/2025,15/12/2025,,OAE<=20m (A1),19,,InR
130098,"Ponte km 104,50",PB,361,"104,5","22","10",Viga de concreto armado,-7.27796667,-38.0749,"4",19/03/2025,15/12/2025,,OAE<=20m (A1),8,,InR
130099,Pontilhão sobre o Afluente Rio da Pedra II,PB,361,"103,94","4,6","10",Laje de concreto armado,-7.27465053,-38.07098187,"3",19/03/2025,15/12/2025,,OAE<=20m (A1),8,,InR
130190,Ponte sobre o Rio Paraíba (LD),PB,230,"65,69","150,15","11,5",Viga de concreto armado,-7.18928333,-35.18613333,"4",19/03/2025,15/12/2025,,120<OAE<=500m (A4),17,,InR
130240,Ponte sobre o Rio Paraíba (LE),PB,230,"65,67","152","11,5",Viga de concreto armado,-7.18945,-35.18605,"3",19/03/2025,15/12/2025,,120<OAE<=500m (A4),17,,InR
130308,Viaduto Elpídio de Almeida,PB,104,"122,08","280","10,95",Mista (viga metálica e laje de concreto),-7.2152,-35.87761667,"3",19/03/2025,15/12/2025,,120<OAE<=500m (A4),4,,InR
130310,Passarela,PB,230,"24,43","0","-",Não informado,-7.16852,-34.8647,"-",19/03/2025,15/12/2025,,OAE<=20m (A1),15,Passarela,InCR
130320,Passarela,PB,230,"14,9","0","-",Não informado,-7.09547,-34.8481,"-",19/03/2025,15/12/2025,,OAE<=20m (A1),15,Passarela,InCR
130321,Passarela,PB,230,"16,11","0","-",Não informado,-7.10517,-34.8447,"-",19/03/2025,15/12/2025,,OAE<=20m (A1),15,Passarela,InCR
130322,Passarela,PB,230,"23,03","0","-",Não informado,-7.15792,-34.8583,"-",19/03/2025,15/12/2025,,OAE<=20m (A1),15,Passarela,InCR
24,Ponte,PE,232,"-","79,3","-","-",-8.094321,-35.036944,"-",30/01/2025,15/12/2025,,60>OAE<=120m (A3),14,,InCR
25,Ponte,PE,232,"-","31,9","-","-",-8.090543,-35.02403,"-",30/01/2025,15/12/2025,,20<OAE<=60m (A2),14,,InCR
40677,Viaduto,PE,232,"-","40,75","-",Não informado,-8.09029,-35.02402,"-",30/01/2025,15/12/2025,,20<OAE<=60m (A2),14,,InCR
40678,Viaduto,PE,232,"-","6,03","-",Não informado,-8.09432,-35.03902,"-",30/01/2025,15/12/2025,,OAE<=20m (A1),14,,InCR
40723,Ponte,PE,232,"-","76,8","-",Não informado,-8.09412,-35.03695,"-",30/01/2025,15/12/2025,,60>OAE<=120m (A3),14,,InCR
180100,Pontilhão sobre o Afluente do Rio das Salinas,PI,230,"249,53","3,5","8,25",Laje de concreto armado,-6.98609771,-42.53946804,"4",04/12/2025,15/12/2025,,OAE<=20m (A1),3,,InR
180021,Ponte sobre o Rio Piauí,PI,230,"264,37","62","8,15",Viga de concreto armado,-6.9769098,-42.66334716,"4",04/12/2025,15/12/2025,,20<OAE<=60m (A2),3,,InR
130183,Ponte sobre o Riacho Convento (LD),PB,230,"134,84","10,9","11,8",Laje de concreto armado,-7.28011103,-35.76143406,"4",19/03/2025,16/12/2025,,OAE<=20m (A1),17,,InR
130188,"Viaduto km 37,92 (LD)",PB,230,"37,92","13,1","11,6",Laje de concreto armado,-7.13398333,-34.96205,"4",19/03/2025,16/12/2025,,OAE<=20m (A1),17,,InR
130219,"Viaduto km 35,70",PB,230,"35,7","36","10,1",Viga de concreto armado,-7.12393333,-34.94646667,"4",19/03/2025,16/12/2025,,20<OAE<=60m (A2),17,,InR
130258,"Viaduto km 37,92 (LE)",PB,230,"37,92","13,1","11,6",Laje de concreto armado,-7.13411667,-34.96196667,"3",19/03/2025,16/12/2025,,OAE<=20m (A1),17,,InR
130290,Ponte sobre o Riacho Riachão,PB,230,"120,98","35,9","11,75",Viga de concreto armado,-7.24836667,-35.65706667,"4",19/03/2025,16/12/2025,,20<OAE<=60m (A2),17,,InR
130304,"Pontilhão km 103,39 (LE)",PB,230,"103,39","5,75","12,5",Viga de concreto armado,-7.20593333,-35.51506667,"2",19/03/2025,16/12/2025,,OAE<=20m (A1),17,,InR
130305,"Pontilhão km 103,39 (LD)",PB,230,"103,39","5,4","14,15",Viga de concreto armado,-7.20578333,-35.51505,"4",19/03/2025,16/12/2025,,OAE<=20m (A1),17,,InR
130314,Passarela,PB,101,"88,91","0","-",Não informado,-7.17461014,-34.89876938,"-",19/03/2025,16/12/2025,,OAE<=20m (A1),3,Passarela,InCR
130319,Passarela,PB,230,"12,7","0","-",Não informado,-7.07552,-34.8495,"-",19/03/2025,16/12/2025,,OAE<=20m (A1),15,Passarela,InCR
22,Viaduto,PE,232,"-","195,5","-","-",-8.077837,-34.978547,"-",30/01/2025,16/12/2025,,120<OAE<=500m (A4),15,,InCR
23,Viaduto,PE,232,"-","31,7","-","-",-8.082409,-34.995726,"-",30/01/2025,16/12/2025,,20<OAE<=60m (A2),14,,InCR
40648,Pontilhão,PE,232,"-","5","-",Não informado,-8.06941,-34.94937,"-",30/01/2025,,16/12/2025,OAE<=20m (A1),15,OAC - Bueiro,InCR
40675,Viaduto,PE,232,"-","199,09","-",Não informado,-8.07764,-34.9786,"-",30/01/2025,16/12/2025,,120<OAE<=500m (A4),15,,InCR
40676,Viaduto,PE,232,"-","39,63","-",Não informado,-8.08218,-34.99585,"-",30/01/2025,16/12/2025,,20<OAE<=60m (A2),14,,InCR
180141,Ponte sobre o Rio das Salinas,PI,230,"246,53","27,3","8,2",Viga de concreto armado,-6.98275266,-42.51287376,"3",04/12/2025,16/12/2025,,20<OAE<=60m (A2),3,,InR
180142,Ponte sobre o Afluente do Riacho do Damião,PI,230,"252,04","5,5","8,3",Viga de concreto armado,-6.98981296,-42.56162478,"4",04/12/2025,16/12/2025,,OAE<=20m (A1),3,,InR
180143,Ponte sobre o Afluente do Rio Piauí I,PI,230,"264,52","10,2","10",Laje de concreto armado,-6.97609043,-42.66458789,"3",04/12/2025,16/12/2025,,OAE<=20m (A1),3,,InR
180098,Ponte sobre o Afluente do Rio Piauí II,PI,230,"264,62","10","10",Laje de concreto armado,-6.97557766,-42.66538193,"4",04/12/2025,16/12/2025,,OAE<=20m (A1),3,,InR
180144,Ponte sobre o Afluente do Rio Piauí III,PI,230,"264,8","10","10",Laje de concreto armado,-6.97467329,-42.6667721,"4",04/12/2025,16/12/2025,,OAE<=20m (A1),3,,InR
130263,Ponte sobre o Rio Paraíba,PB,110,"178,52","117,65","9,9",Viga de concreto armado,-7.88706667,-37.10716667,"2",19/03/2025,17/12/2025,,60>OAE<=120m (A3),1,,InR
130315,Passarela,PB,101,"89,84","0","-",Não informado,-7.18265009,-34.90129852,"-",19/03/2025,17/12/2025,,OAE<=20m (A1),3,Passarela,InCR
130316,Passarela,PB,101,"97,44","0","-",Não informado,-7.24409008,-34.92998886,"-",19/03/2025,17/12/2025,,OAE<=20m (A1),3,Passarela,InCR
130317,Passarela,PB,101,"109,48","0","-",Não informado,-7.34904003,-34.9486084,"-",19/03/2025,17/12/2025,,OAE<=20m (A1),3,Passarela,InCR
130318,Passarela,PB,101,"115,32","0","-",Não informado,-7.40056992,-34.95526123,"-",19/03/2025,17/12/2025,,OAE<=20m (A1),3,Passarela,InCR
40625,Ponte sobre o Rio Capibaribe,PE,232,"0","101","20,1",Laje de concreto armado,-8.06183333,-34.9003,"4",30/01/2025,17/12/2025,,60>OAE<=120m (A3),15,,InR
40593,"Viaduto km 0,10",PE,232,"0,1","22,2","79,5",Viga de concreto protendido,-8.06165,-34.90123333,"3",30/01/2025,17/12/2025,,20<OAE<=60m (A2),15,,InR
180189,Ponte inservível sobre o Riacho Paracati,PI,343,"580,54","15,8","8",Viga de concreto armado,-6.81353306,-42.94380371,"4",04/12/2025,17/12/2025,,OAE<=20m (A1),3,,InR
180032,Ponte sobre o Riacho Paracati,PI,343,"580,54","59,7","12,85",Viga de concreto armado,-6.81335875,-42.94372707,"4",04/12/2025,17/12/2025,,20<OAE<=60m (A2),3,,InR
180051,Ponte sobre o Rio Itaueira,PI,343,"582,22","90","12,8",Viga de concreto armado,-6.80850463,-42.95824323,"3",04/12/2025,17/12/2025,,60>OAE<=120m (A3),3,,InR
130087,Ponte sobre o Rio Espinharas,PB,361,"1,15","170","11",Viga de concreto armado,-7.02226667,-37.26863333,"3",19/03/2025,18/12/2025,,120<OAE<=500m (A4),6,,InR
150153,Viaduto Itaqui,MA,135,"15,61","44","11,95",Viga de concreto armado,-2.56647687,-44.36151288,"4",20/01/2026,06/01/2026,,20<OAE<=60m (A2),1,,InR
150250,Ponte,MA,135,"23,67","102","-",Não informado,-2.54807591,-44.30405808,"-",20/01/2026,,06/01/2026,60>OAE<=120m (A3),1,Retirar do Plano Logístico - OAE Estadual,InCR
30128,Viaduto sobre a BR-222 (LE),CE,20,"406,6","66,6","14,8",Viga caixão de concreto armado,-3.76771667,-38.66573333,"4",04/12/2025,07/01/2026,,60>OAE<=120m (A3),22,,InR
30127,Viaduto sobre a BR-222 (LD),CE,20,"406,6","66,6","14,8",Viga caixão de concreto armado,-3.76783333,-38.66571667,"4",04/12/2025,07/01/2026,,60>OAE<=120m (A3),22,,InR
30013,Ponte sobre o Rio Banabuiú,CE,20,"158,85","90","13",Viga de concreto armado,-5.41771667,-39.98715,"2",04/12/2025,07/01/2026,,60>OAE<=120m (A3),13,,InR
30014,Ponte sobre o Rio Trapiá I,CE,20,"174,48","54,8","12,95",Viga de concreto armado,-5.30377129,-39.90941183,"2",04/12/2025,07/01/2026,,20<OAE<=60m (A2),13,,InR
30015,Ponte sobre o Riacho Falcão,CE,20,"179,86","54,8","12,95",Viga caixão de concreto armado,-5.2767309,-39.87137798,"3",04/12/2025,07/01/2026,,20<OAE<=60m (A2),13,,InR
30017,Ponte sobre o Rio Boa Viagem,CE,20,"202,49","104,5","12,95",Viga de concreto armado,-5.13311667,-39.73755,"2",04/12/2025,07/01/2026,,60>OAE<=120m (A3),13,,InR
30027,Ponte sobre o Riacho Feijão,CE,20,"387,2","30,6","10",Viga de concreto armado,-3.87056667,-38.80591667,"3",04/12/2025,07/01/2026,,20<OAE<=60m (A2),13,,InR
30034,"Ponte km 177,01",CE,20,"177,01","25","12,9",Viga de concreto armado,-5.2879,-39.89361667,"4",04/12/2025,07/01/2026,,20<OAE<=60m (A2),13,,InR
30207,"Pontilhão km 387,47",CE,20,"387,47","2,85","14",Laje de concreto armado,-3.86908333,-38.80405,"2",04/12/2025,,07/01/2026,OAE<=20m (A1),13,OAC - Bueiro,InR
30217,"Pontilhão km 397,51",CE,20,"397,51","4,5","14",Laje de concreto armado,-3.81235,-38.73355,"4",04/12/2025,,07/01/2026,OAE<=20m (A1),13,OAC - Bueiro,InR
30218,"Pontilhão km 398,71",CE,20,"398,71","4,45","14",Laje de concreto armado,-3.80556667,-38.72511667,"2",04/12/2025,,07/01/2026,OAE<=20m (A1),13,OAC - Bueiro,InR
30223,"Pontilhão km 396,49",CE,20,"396,49","2,8","14",Laje de concreto armado,-3.81811667,-38.7407,"3",04/12/2025,,07/01/2026,OAE<=20m (A1),13,OAC - Bueiro,InR
30225,"Ponte km 393,19",CE,20,"393,19","7,45","14",Laje de concreto armado,-3.83673333,-38.76383333,"2",04/12/2025,07/01/2026,,OAE<=20m (A1),13,,InR
150157,"Viaduto km 0,99 sobre Ferrovia (LD)",MA,135,"0,99","20,8","9,25",Viga de concreto armado,-2.66923333,-44.2988,"4",20/01/2026,07/01/2026,,OAE<=20m (A1),1,,InR
150155,"Viaduto km 10,56 sobre Ferrovia (LE)",MA,135,"10,56","36,9","12",Viga de concreto protendido,-2.59396667,-44.33138333,"4",20/01/2026,07/01/2026,,20<OAE<=60m (A2),1,,InR
150156,"Viaduto km 10,56 sobre Ferrovia (LD)",MA,135,"10,56","35,9","12,97",Viga de concreto armado,-2.59385,-44.33141667,"4",20/01/2026,07/01/2026,,20<OAE<=60m (A2),1,,InR
150215,"Viaduto km 0,98 sobre Ferrovia (LE)",MA,135,"0,98","43","12",Viga de concreto protendido,-2.6694,-44.29888333,"4",20/01/2026,07/01/2026,,20<OAE<=60m (A2),1,,InR
130338,Passarela,PB,230,"38,8","0","-",Viga de concreto armado,-7.127725,-34.951348,"-",19/03/2025,07/01/2026,,OAE<=20m (A1),17,Passarela,InCR
30016,Ponte sobre o Rio Carrapateira,CE,20,"189,62","50,2","12,95",Viga de concreto armado,-5.22203895,-39.8080145,"2",04/12/2025,08/01/2026,,20<OAE<=60m (A2),13,,InR
30018,Ponte sobre o Rio Barrigas,CE,20,"236,69","160,1","12,95",Viga de concreto armado,-4.86886667,-39.59018333,"2",04/12/2025,08/01/2026,,120<OAE<=500m (A4),13,,InR
30020,Ponte sobre o Riacho Camarão,CE,20,"318,22","45","10",Viga de concreto armado,-4.28295,-39.24073333,"2",04/12/2025,08/01/2026,,20<OAE<=60m (A2),13,,InR
30023,Ponte sobre o Rio São Gonçalo,CE,20,"366,02","64,7","10",Viga de concreto armado,-3.9987,-38.94236667,"2",04/12/2025,08/01/2026,,60>OAE<=120m (A3),13,,InR
30036,Ponte sobre o Rio Cabeça do Boi,CE,20,"218,25","25","12,95",Viga de concreto armado,-5.01083333,-39.66933333,"3",04/12/2025,08/01/2026,,20<OAE<=60m (A2),13,,InR
30037,Ponte sobre o Riacho dos Cachorros,CE,20,"223,64","55","12,95",Viga de concreto armado,-4.96811667,-39.6463,"2",04/12/2025,08/01/2026,,20<OAE<=60m (A2),13,,InR
30038,"Ponte km 230,05",CE,20,"230,05","25","12,95",Viga de concreto armado,-4.91781667,-39.61883333,"3",04/12/2025,08/01/2026,,20<OAE<=60m (A2),13,,InR
30039,Ponte sobre o Riacho Umari,CE,20,"251,51","55","12,95",Viga de concreto armado,-4.77371667,-39.49956667,"3",04/12/2025,08/01/2026,,20<OAE<=60m (A2),13,,InR
30040,Ponte sobre o Riacho Cachoeira,CE,20,"262,51","30","12,95",Viga de concreto armado,-4.69553333,-39.44733333,"2",04/12/2025,08/01/2026,,20<OAE<=60m (A2),13,,InR
30195,"Pontilhão km 356,54",CE,20,"356,54","3,3","16",Laje de concreto armado,-4.0476,-39.00865,"4",04/12/2025,,08/01/2026,OAE<=20m (A1),13,OAC - Bueiro,InR
30196,"Pontilhão km 344,45",CE,20,"344,45","2,85","14",Laje de concreto armado,-4.12833333,-39.07838333,"2",04/12/2025,,08/01/2026,OAE<=20m (A1),13,OAC - Bueiro,InR
30197,"Pontilhão km 339,12",CE,20,"339,12","2,8","14",Laje de concreto armado,-4.1525,-39.1192,"3",04/12/2025,,08/01/2026,OAE<=20m (A1),13,OAC - Bueiro,InR
30198,"Pontilhão km 363,43",CE,20,"363,43","4,55","14",Laje de concreto armado,-4.00533333,-38.9645,"4",04/12/2025,,08/01/2026,OAE<=20m (A1),13,OAC - Bueiro,InR
30199,"Pontilhão km 370,43",CE,20,"370,43","2,9","14",Laje de concreto armado,-3.97813333,-38.90841667,"4",04/12/2025,,08/01/2026,OAE<=20m (A1),13,OAC - Bueiro,InR
30204,"Pontilhão km 368,96",CE,20,"368,96","4,55","14",Laje de concreto armado,-3.985,-38.91976667,"3",04/12/2025,,08/01/2026,OAE<=20m (A1),13,OAC - Bueiro,InR
150214,"Viaduto km 14,70 sobre Ferrovia (LD)",MA,135,"14,7","41,1","13,22",Viga de concreto protendido,-2.57126667,-44.35581667,"3",20/01/2026,08/01/2026,,20<OAE<=60m (A2),1,,InR
150154,"Viaduto km 14,71 sobre Ferrovia (LE)",MA,135,"14,71","38,35","11,95",Viga de concreto protendido,-2.5712,-44.35596667,"4",20/01/2026,08/01/2026,,20<OAE<=60m (A2),1,,InR
150158,"Viaduto Ferroviário km 0,29",MA,135,"0,29","31","4,8",Viga caixão de concreto protendido,-2.6744,-44.29586667,"4",20/01/2026,08/01/2026,,20<OAE<=60m (A2),1,,InR
150244,"Viaduto Ferroviário km 0,30",MA,135,"0,3","30","5,9",Viga de concreto protendido,-2.67428333,-44.29593333,"4",20/01/2026,08/01/2026,,20<OAE<=60m (A2),1,,InR
150216,Viaduto sobre a BR-135,MA,135,"18,54","50,6","9,5",Viga de concreto armado,-2.72155,-44.32296667,"4",20/01/2026,08/01/2026,,20<OAE<=60m (A2),1,,InR
130327,Passarela,PB,230,"144,23","0","-",Não informado,-7.2524,-35.83655,"-",19/03/2025,08/01/2026,,OAE<=20m (A1),17,Passarela,InCR
130337,Passarela,PB,230,"37,6","0","-",Viga de concreto armado,-7.131704,-34.957176,"-",19/03/2025,08/01/2026,,OAE<=20m (A1),17,Passarela,InCR
30096,Ponte sobre o Riacho do Juá I (LD),CE,222,"21,54","14,7","11,1",Viga de concreto armado,-3.73503333,-38.74705,"3",04/12/2025,09/01/2026,,OAE<=20m (A1),5,,InR
30355,Ponte sobre o Riacho do Juá I (LE),CE,222,"21,34","24","12,5",Viga de concreto armado,-3.73521667,-38.74708333,"4",04/12/2025,09/01/2026,,20<OAE<=60m (A2),5,,InR
30097,Viaduto sobre RFFSA (LD),CE,222,"24,33","18,7","12,9",Laje de concreto armado,-3.72885,-38.77136667,"3",04/12/2025,09/01/2026,,OAE<=20m (A1),5,,InR
30356,Viaduto sobre RFFSA (LE),CE,222,"24,14","28,3","12,5",Viga de concreto protendido,-3.72891667,-38.77153333,"5",04/12/2025,09/01/2026,,20<OAE<=60m (A2),5,,InR
30095,Ponte sobre o Rio Ceará,CE,222,"13,79","39,2","13",Viga caixão de concreto protendido,-3.76198333,-38.68461667,"2",04/12/2025,09/01/2026,,20<OAE<=60m (A2),5,,InR
30098,Ponte sobre o Riacho do Juá II (LE),CE,222,"29,53","12,6","8,2",Viga de concreto armado,-3.71291667,-38.81565,"2",04/12/2025,12/01/2026,,OAE<=20m (A1),5,,InR
30360,Ponte sobre o Riacho do Juá II (LD),CE,222,"29,32","30,2","12,5",Viga de concreto protendido,-3.71285,-38.81551667,"4",04/12/2025,12/01/2026,,20<OAE<=60m (A2),5,,InR
30099,Ponte sobre o Riacho do Davi (LE),CE,222,"32,47","10,7","12",Viga de concreto armado,-3.70676667,-38.84201667,"4",04/12/2025,12/01/2026,,OAE<=20m (A1),5,,InR
30357,Ponte sobre o Riacho do Davi (LD),CE,222,"32,34","25,16","12,5",Viga de concreto protendido,-3.70646667,-38.84183333,"4",04/12/2025,12/01/2026,,20<OAE<=60m (A2),5,,InR
150071,"Viaduto km 45,00 sobre Ferrovia (LE)",MA,135,"45","33","15,9",Viga de concreto armado,-2.92376667,-44.34013333,"4",20/01/2026,12/01/2026,,20<OAE<=60m (A2),1,,InR
150247,"Viaduto km 45,00 sobre Ferrovia (LD)",MA,135,"45","33","15,9",Viga de concreto protendido,-2.92381667,-44.3403,"4",20/01/2026,12/01/2026,,20<OAE<=60m (A2),1,,InR
150066,"Ponte km 45,65 (LE)",MA,135,"45,65","7","13,6",Viga de concreto armado,-2.9282,-44.33633333,"4",20/01/2026,12/01/2026,,OAE<=20m (A1),1,,InR
150243,"Ponte km 45,65 (LD)",MA,135,"45,65","7","13,6",Laje de concreto armado,-2.9283,-44.33643333,"4",20/01/2026,12/01/2026,,OAE<=20m (A1),1,,InR
150046,"Ponte km 50,02 (LE)",MA,135,"50,02","12","13,6",Viga de concreto armado,-2.96393333,-44.32063333,"4",20/01/2026,12/01/2026,,OAE<=20m (A1),1,,InR
150242,"Ponte km 50,02 (LD)",MA,135,"50,02","12","13,6",Laje de concreto armado,-2.96398333,-44.3208,"4",20/01/2026,12/01/2026,,OAE<=20m (A1),1,,InR
30019,Ponte sobre o Rio Canindé,CE,20,"308,23","43,5","9,9",Viga de concreto armado,-4.34776667,-39.29805,"2",04/12/2025,13/01/2026,,20<OAE<=60m (A2),13,,InR
30021,Ponte sobre o Rio Siriema,CE,20,"335,8","47","9,9",Viga de concreto armado,-4.16006864,-39.14769136,"3",04/12/2025,13/01/2026,,20<OAE<=60m (A2),13,,InR
30022,Ponte sobre o Riacho Salgado,CE,20,"356,9","34,9","10",Viga de concreto armado,-4.04598333,-39.00576667,"2",04/12/2025,13/01/2026,,20<OAE<=60m (A2),13,,InR
30041,Ponte sobre o Rio Canindé II,CE,20,"311,75","89,9","10",Viga de concreto armado,-4.32432145,-39.27756704,"2",04/12/2025,13/01/2026,,60>OAE<=120m (A3),13,,InR
30042,Ponte sobre o Rio Capitão Mor,CE,20,"345,55","32","10",Viga de concreto armado,-4.12223333,-39.07058333,"3",04/12/2025,13/01/2026,,20<OAE<=60m (A2),13,,InR
30043,Ponte sobre o Riacho Capitão Mór,CE,20,"349,45","28","10",Viga de concreto armado,-4.09195,-39.05355,"3",04/12/2025,13/01/2026,,20<OAE<=60m (A2),13,,InR
150240,"Viaduto km 50,84",MA,135,"50,84","26","23,4",Viga de concreto protendido,-2.97076667,-44.3179,"4",20/01/2026,13/01/2026,,20<OAE<=60m (A2),1,,InR
150241,"Viaduto km 51,04",MA,135,"51,04","26","23,4",Viga de concreto armado,-2.97248333,-44.3172,"4",20/01/2026,13/01/2026,,20<OAE<=60m (A2),1,,InR
150064,"Pontilhão km 2,891",MA,402,"2,89","5","10,95",Viga de concreto armado,-2.95671667,-44.29665,"3",20/01/2026,13/01/2026,,OAE<=20m (A1),2,,InR
150253,Ponte sobre o Igarapé Rasga,MA,402,"2,5","6","-",Viga de concreto armado,-2.95860005,-44.29977141,"-",20/01/2026,13/01/2026,,OAE<=20m (A1),2,,InCR
150061,Pontilhão sobre o Igarapé Rasga,MA,402,"2,48","6","10,87",Viga de concreto armado,-2.96631667,-44.31166667,"3",20/01/2026,,13/01/2026,OAE<=20m (A1),2,OAC - Bueiro,InR
150059,Ponte sobre o Igarapé Mata Fome,MA,402,"0,7","7","11,3",Viga de concreto armado,-2.9672,-44.31253333,"3",20/01/2026,13/01/2026,,OAE<=20m (A1),2,,InR
130182,"Ponte km 105,61",PB,104,"105,61","7,6","12",Viga de concreto armado,-7.09328333,-35.8585,"2",19/03/2025,13/01/2026,,OAE<=20m (A1),4,,InR
180080,Ponte sobre o Rio Mulato,PI,343,"489,31","40","12,8",Viga de concreto armado,-6.2370279,-42.71573674,"3",04/12/2025,13/01/2026,,20<OAE<=60m (A2),5,,InR
180049,Ponte sobre o Riacho do Mulato,PI,343,"481,91","40","12,95",Viga de concreto armado,-6.18223921,-42.70872774,"3",04/12/2025,13/01/2026,,20<OAE<=60m (A2),5,,InR
30100,Ponte sobre o Rio Cauípe (LD),CE,222,"35,07","39,2","13",Viga caixão de concreto armado,-3.70063333,-38.8654,"4",04/12/2025,14/01/2026,,20<OAE<=60m (A2),5,,InR
30358,Ponte sobre o Rio Cauípe (LE),CE,222,"35,05","41","12,5",Viga de concreto protendido,-3.70076667,-38.86548333,"4",04/12/2025,14/01/2026,,20<OAE<=60m (A2),5,,InR
30073,Ponte sobre o Riacho Catuana,CE,222,"39,54","11,3","8,1",Viga de concreto armado,-3.68785737,-38.90327751,"3",04/12/2025,14/01/2026,,OAE<=20m (A1),5,,InR
30101,"Viaduto km 35,29 sobre Ferrovia",CE,222,"35,29","7,5","41,2",Laje de concreto armado,-3.69978333,-38.86726667,"4",04/12/2025,14/01/2026,,OAE<=20m (A1),5,,InR
30074,Ponte sobre o Rio Anil,CE,222,"43,64","21,6","10",Viga de concreto armado,-3.67677361,-38.93855109,"3",04/12/2025,14/01/2026,,OAE<=20m (A1),5,,InR
30024,Ponte sobre o Rio Ceará,CE,20,"373,47","25","10",Viga de concreto armado,-3.96386667,-38.885,"3",04/12/2025,14/01/2026,,20<OAE<=60m (A2),13,,InR
30035,Ponte sobre o Riacho Fernandes,CE,20,"213,72","140","12,95",Viga de concreto armado,-5.0475,-39.68773333,"2",04/12/2025,14/01/2026,,120<OAE<=500m (A4),13,,InR
30044,Ponte sobre o Riacho Monte Alegre,CE,20,"378,34","25","9,9",Viga de concreto armado,-3.92875,-38.85928333,"2",04/12/2025,14/01/2026,,20<OAE<=60m (A2),13,,InR
30200,"Ponte km 374,76",CE,20,"374,76","7,5","14",Laje de concreto armado,-3.9556,-38.8772,"2",04/12/2025,14/01/2026,,OAE<=20m (A1),13,,InR
30201,"Ponte km 383,72",CE,20,"383,72","7,4","14",Laje de concreto armado,-3.89021667,-38.83031667,"3",04/12/2025,14/01/2026,,OAE<=20m (A1),13,,InR
30202,"Pontilhão km 385,89",CE,20,"385,89","4,4","14",Laje de concreto armado,-3.878,-38.81515,"3",04/12/2025,,14/01/2026,OAE<=20m (A1),13,OAC - Bueiro,InR
30203,"Pontilhão km 366,66",CE,20,"366,66","4,45","14",Laje de concreto armado,-3.99573333,-38.93746667,"4",04/12/2025,,14/01/2026,OAE<=20m (A1),13,OAC - Bueiro,InR
30336,Ponte sobre o Rio Capitão Mor,CE,20,"207,29","54,9","12,9",Viga de concreto armado,-5.09938333,-39.71383333,"3",04/12/2025,14/01/2026,,20<OAE<=60m (A2),13,,InR
150137,Ponte sobre o Igarapé Nambuaçu,MA,402,"17,95","13","8,2",Viga de concreto armado,-2.93056667,-44.17786667,"3",20/01/2026,14/01/2026,,OAE<=20m (A1),2,,InR
150203,Ponte sobre o Igarapé Andirobal,MA,402,"17,38","9","8,2",Viga de concreto armado,-2.931,-44.18305,"4",20/01/2026,14/01/2026,,OAE<=20m (A1),2,,InR
150205,Ponte sobre o Igarapé Secco,MA,402,"16,91","13","8,2",Viga de concreto armado,-2.93216667,-44.19486667,"4",20/01/2026,14/01/2026,,OAE<=20m (A1),2,,InR
150065,Pontilhão sobre o Igarapé Cajueiro,MA,402,"14,02","6","8,22",Viga de concreto armado,-2.94321667,-44.2086,"3",20/01/2026,14/01/2026,,OAE<=20m (A1),2,,InR
150207,Ponte sobre o Rio Itapecuru,MA,402,"9,17","279","10,3",Mista (viga metálica e laje de concreto),-2.94128333,-44.24571667,"4",20/01/2026,14/01/2026,,120<OAE<=500m (A4),2,,InR
150060,Ponte sobre o Igarapé Precau,MA,402,"7,73","7","10,9",Viga de concreto armado,-2.94256667,-44.25585,"3",20/01/2026,14/01/2026,,OAE<=20m (A1),2,,InR
30003,Ponte sobre o Rio Bocó,CE,222,"50,93","32","10",Viga de concreto armado,-3.66873333,-39.00026667,"4",04/12/2025,15/01/2026,,20<OAE<=60m (A2),5,,InR
30102,"Pontilhão km 49,58",CE,222,"49,58","4,65","12,5",Laje de concreto armado,-3.6672,-38.98878333,"4",04/12/2025,15/01/2026,,OAE<=20m (A1),5,,InR
30025,Ponte sobre o Riacho Espiroá,CE,20,"391,02","22,2","10",Laje de concreto armado,-3.84904209,-38.77916325,"2",04/12/2025,15/01/2026,,20<OAE<=60m (A2),13,,InR
30026,Ponte sobre o Riacho Carauçanga,CE,20,"400,39","8,9","10",Laje de concreto armado,-3.79664818,-38.71295836,"4",04/12/2025,15/01/2026,,OAE<=20m (A1),13,,InR
30209,Ponte sobre o Riacho do Caboclo,CE,20,"395,29","7,4","14",Laje de concreto armado,-3.8249,-38.74911667,"2",04/12/2025,15/01/2026,,OAE<=20m (A1),13,,InR
150128,Ponte sobre o Estreito dos Coqueiros (LE),MA,135,"24,4","459","9,85",Viga de concreto armado,-2.76173333,-44.35696667,"3",20/01/2026,15/01/2026,,120<OAE<=500m (A4),1,,InR
150217,Ponte sobre o Estreito dos Coqueiros (LD),MA,135,"24,4","465","10,85",Viga de concreto protendido,-2.76163333,-44.3571,"4",20/01/2026,15/01/2026,,120<OAE<=500m (A4),1,,InR
180081,Ponte sobre o Riacho Caldeirão,PI,343,"560,42","69,8","12,9",Viga de concreto armado,-6.6564304,-42.8944763,"3",04/12/2025,15/01/2026,,60>OAE<=120m (A3),5,,InR
180040,Ponte sobre o Rio Canindé,PI,343,"511,66","249","9,96",Viga de concreto armado,-6.29378333,-42.8147,"3",04/12/2025,15/01/2026,,120<OAE<=500m (A4),5,,InR
180047,Ponte sobre o Riacho D'Anta,PI,343,"572,52","50","13",Viga de concreto armado,-6.75283255,-42.92495004,"4",04/12/2025,16/01/2026,,20<OAE<=60m (A2),5,,InR
180001,Ponte sobre o Riacho Meladão,PI,343,"594,69","7","16,25",Viga de concreto armado,-6.79431435,-43.04618623,"4",04/12/2025,16/01/2026,,OAE<=20m (A1),6,,InR
180005,Ponte sobre o Riacho Veredas,PI,343,"593,22","8,9","15,9",Viga de concreto armado,-6.78318436,-43.03979894,"2",04/12/2025,16/01/2026,,OAE<=20m (A1),6,,InR
180059,Ponte sobre o Riacho Bezerro,PI,135,"51,59","11,5","11,4",Viga de concreto armado,-7.12301759,-43.52865321,"4",04/12/2025,16/01/2026,,OAE<=20m (A1),6,,InR
250119,"Passarela km 1,50",AP,210,"1,5","0","-",Viga de concreto armado,0.080361,-51.073955,"-",04/02/2026,19/01/2026,,OAE<=20m (A1),1,Passarela,InCR
250120,"Passarela km 1,88",AP,210,"1,88","0","-",Viga de concreto armado,0.082167,-51.076867,"-",04/02/2026,19/01/2026,,OAE<=20m (A1),1,Passarela,InCR
30002,Ponte sobre o Rio São Gonçalo,CE,222,"49,14","31,3","8,4",Viga de concreto armado,-3.6672026,-38.98675827,"2",04/12/2025,19/01/2026,,20<OAE<=60m (A2),5,,InR
150110,Ponte sobre o Igarapé Prequeú,MA,222,"325,69","49,64","10,1",Viga de concreto armado,-3.58948333,-45.02411667,"3",20/01/2026,19/01/2026,,20<OAE<=60m (A2),8,,InR
150223,Viaduto sobre a E.F. Carajás II,MA,222,"327,24","132,9","12,4",Viga de concreto protendido,-3.5838,-45.04736667,"4",20/01/2026,19/01/2026,,120<OAE<=500m (A4),8,,InR
150111,Ponte sobre o Igarapé São Benedito,MA,222,"331,89","9,8","9,94",Laje de concreto armado,-3.60208333,-45.11593333,"3",20/01/2026,19/01/2026,,OAE<=20m (A1),8,,InR
150108,Ponte sobre o Igarapé Pragueizunho,MA,222,"333,52","9,7","9,92",Laje de concreto armado,-3.6145,-45.13818333,"3",20/01/2026,19/01/2026,,OAE<=20m (A1),8,,InR
180018,Ponte sobre o Rio Gurguéia,PI,135,"65,54","105","12,75",Viga de concreto armado,-7.24725,-43.649,"3",04/12/2025,19/01/2026,,60>OAE<=120m (A3),6,,InR
180122,Ponte sobre o Riacho dos Cocos,PI,135,"57,53","16,4","12,2",Viga de concreto armado,-7.17072294,-43.59997388,"4",04/12/2025,19/01/2026,,OAE<=20m (A1),6,,InR
250121,"Passarela km 3,18",AP,210,"3,18","0","-",Viga de concreto armado,0.087381,-51.08734,"-",04/02/2026,20/01/2026,,OAE<=20m (A1),1,Passarela,InCR
250122,"Passarela km 3,72",AP,210,"3,72","0","-",Viga de concreto armado,0.087906,-51.092251,"-",04/02/2026,20/01/2026,,OAE<=20m (A1),1,Passarela,InCR
30009,Ponte sobre o Riacho Riachão,CE,20,"117,49","10,5","9,9",Laje de concreto armado,-5.75003567,-40.13301761,"3",04/12/2025,20/01/2026,,OAE<=20m (A1),14,,InR
30010,Ponte sobre o Riacho da Reta,CE,20,"124,33","10,5","9,9",Laje de concreto armado,-5.68922068,-40.12915637,"3",04/12/2025,20/01/2026,,OAE<=20m (A1),14,,InR
30033,Ponte sobre o Riacho Floresta,CE,20,"121,64","10,5","9,8",Laje de concreto armado,-5.71386667,-40.13456667,"3",04/12/2025,20/01/2026,,OAE<=20m (A1),14,,InR
30011,Ponte sobre o Riacho Castelo,CE,20,"133,56","20","10",Viga de concreto armado,-5.60960377,-40.10638805,"2",04/12/2025,20/01/2026,,OAE<=20m (A1),14,,InR
30012,Ponte sobre o Rio Bom Jesus,CE,20,"140,35","20","10",Viga de concreto armado,-5.55699099,-40.07488806,"1",04/12/2025,20/01/2026,,OAE<=20m (A1),14,,InR
150100,Ponte sobre o Igarapé Dentro,MA,222,"335,61","7,65","10,1",Laje de concreto armado,-3.63013333,-45.1666,"2",20/01/2026,20/01/2026,,OAE<=20m (A1),8,,InR
150103,Ponte sobre o Igarapé do Meio,MA,222,"337,62","11","9,95",Laje de concreto armado,-3.64318333,-45.1906,"4",20/01/2026,20/01/2026,,OAE<=20m (A1),8,,InR
150104,Ponte sobre o Igarapé Grande,MA,222,"340,25","10,3","10",Laje de concreto armado,-3.6544,-45.21148333,"4",20/01/2026,20/01/2026,,OAE<=20m (A1),8,,InR
150102,Ponte sobre o Igarapé Bate Estaca,MA,222,"346,12","25,5","9,95",Viga de concreto armado,-3.67935,-45.25828333,"3",20/01/2026,20/01/2026,,20<OAE<=60m (A2),8,,InR
180123,Ponte sobre o Riacho Olho D'Água,PI,135,"108,53","22,6","12,9",Viga de concreto armado,-7.5237,-43.91323333,"2",04/12/2025,20/01/2026,,20<OAE<=60m (A2),6,,InR
180060,Ponte sobre o Afluente do Rio Gurguéia,PI,135,"161,44","6,55","8,45",Viga de concreto armado,-7.85302491,-43.79918663,"4",04/12/2025,20/01/2026,,OAE<=20m (A1),7,,InR
250002,Viaduto sob a Ferrovia EF do Amapá,AP,210,"9,42","10,28","3,3",Viga e laje metálicas,0.11463333,-51.13078333,"3",04/02/2026,21/01/2026,,OAE<=20m (A1),1,,InR
250022,Viaduto Ferroviário km 290.86,AP,156,"290,86","10,19","3,3",Viga e laje metálicas,0.36393333,-51.07841667,"3",04/02/2026,21/01/2026,,OAE<=20m (A1),1,,InR
30028,Ponte sobre o Riacho Jucá,CE,20,"17,27","54,1","10",Viga de concreto armado,-6.40445,-40.69875,"4",04/12/2025,21/01/2026,,20<OAE<=60m (A2),14,,InR
30029,Ponte sobre o Riacho do Cantinho,CE,20,"47,21","54,1","10",Viga de concreto armado,-6.2156,-40.52281667,"3",04/12/2025,21/01/2026,,20<OAE<=60m (A2),14,,InR
30005,Ponte sobre o Riacho São José,CE,20,"60,48","54","10",Viga de concreto armado,-6.11997056,-40.45273812,"4",04/12/2025,21/01/2026,,20<OAE<=60m (A2),14,,InR
30030,Ponte sobre o Riacho do Açude Velho,CE,20,"54,06","10,4","10",Laje de concreto armado,-6.16418333,-40.48973333,"3",04/12/2025,21/01/2026,,OAE<=20m (A1),14,,InR
30006,Ponte sobre o Rio Trici,CE,20,"82,32","131","10",Viga de concreto armado,-6.01191667,-40.29116667,"2",04/12/2025,21/01/2026,,120<OAE<=500m (A4),14,,InR
30031,Ponte sobre o Riacho São Cristóvão,CE,20,"62,76","30","10",Viga de concreto armado,-6.10968333,-40.43586667,"3",04/12/2025,21/01/2026,,20<OAE<=60m (A2),14,,InR
30007,Ponte sobre o Riacho da Carrapateira,CE,20,"88,75","70","9,9",Viga de concreto armado,-5.97,-40.25086667,"2",04/12/2025,21/01/2026,,60>OAE<=120m (A3),14,,InR
30032,Ponte sobre o Riacho da Mucurana,CE,20,"107,09","20","10",Viga de concreto armado,-5.82961667,-40.17685,"2",04/12/2025,21/01/2026,,OAE<=20m (A1),14,,InR
30008,Ponte sobre o Riacho da Boa Vista,CE,20,"108,27","20,1","10",Viga de concreto armado,-5.81791452,-40.17589828,"2",04/12/2025,21/01/2026,,OAE<=20m (A1),14,,InR
150016,"Ponte km 372,74",MA,222,"372,74","9","8,3",Viga de concreto armado,-3.7484,-45.44106667,"1",20/01/2026,21/01/2026,,OAE<=20m (A1),9,,InR
150023,"Viaduto km 366,01 sobre Ferrovia",MA,222,"366,01","69","13",Viga de concreto protendido,-3.69748333,-45.40791667,"4",20/01/2026,21/01/2026,,60>OAE<=120m (A3),9,,InR
150015,"Ponte km 364,60",MA,222,"364,6","7","8,46",Viga de concreto armado,-3.68781667,-45.39951667,"2",20/01/2026,21/01/2026,,OAE<=20m (A1),9,,InR
150014,"Ponte km 363,16",MA,222,"363,16","10,7","9",Viga de concreto armado,-3.67743333,-45.39178333,"2",20/01/2026,21/01/2026,,OAE<=20m (A1),9,,InR
180165,Ponte sobre o Rio Gurguéia II,PI,324,"262,36","100,5","10",Mista (viga metálica e laje de concreto),-8.09756349,-43.80526853,"3",04/12/2025,21/01/2026,,60>OAE<=120m (A3),7,,InR
180124,Ponte sobre o Riacho Santa Cruz,PI,135,"328,48","8,8","8,77",Laje de concreto armado,-8.9165,-44.24875,"4",04/12/2025,,21/01/2026,OAE<=20m (A1),7,OAC - Bueiro,InR
250019,Ponte sobre o Rio Araguari,AP,156,"380,57","600","11,91",Viga de concreto protendido,0.85446667,-51.19153333,"3",04/02/2026,22/01/2026,,500<OAE<=1000m (A5),1,,InR
30103,Ponte sobre o Riacho Croatá,CE,222,"76,06","21,6","13",Viga de concreto armado,-3.67116667,-39.22501667,"4",04/12/2025,22/01/2026,,OAE<=20m (A1),5,,InR
30104,Ponte sobre o Rio Curu,CE,222,"78","134","15,4",Viga caixão de concreto armado,-3.6742,-39.24198333,"3",04/12/2025,22/01/2026,,120<OAE<=500m (A4),5,,InR
30161,"Ponte km 244,63",CE,226,"244,63","11,16","9,31",Viga de concreto armado,-5.42268333,-39.91055,"3",04/12/2025,22/01/2026,,OAE<=20m (A1),16,,InR
30162,Ponte sobre o Rio Banabuiú II,CE,226,"253,64","21,3","8,2",Viga de concreto armado,-5.43595,-39.9851,"3",04/12/2025,22/01/2026,,OAE<=20m (A1),16,,InR
30159,"Ponte km 230,40",CE,226,"230,4","15,74","9,2",Viga de concreto armado,-5.44961667,-39.80085,"4",04/12/2025,22/01/2026,,OAE<=20m (A1),16,,InR
30160,"Ponte km 237,34",CE,226,"237,34","20,9","8,2",Viga de concreto armado,-5.43008333,-39.85146667,"2",04/12/2025,22/01/2026,,OAE<=20m (A1),16,,InR
30158,Ponte sobre o Riacho Bonfim,CE,226,"218,16","26,3","8,14",Viga de concreto armado,-5.46205,-39.7,"2",04/12/2025,22/01/2026,,20<OAE<=60m (A2),16,,InR
150022,Ponte sobre o Igarapé Seco,MA,222,"391,85","20","12,95",Viga de concreto armado,-3.8735,-45.55658333,"2",20/01/2026,22/01/2026,,OAE<=20m (A1),9,,InR
150021,Ponte sobre o Igarapé Gamela,MA,222,"387,96","16,99","12,9",Viga de concreto armado,-3.85235,-45.5284,"4",20/01/2026,22/01/2026,,OAE<=20m (A1),9,,InR
150018,Ponte sobre Igarapé Água Bela,MA,222,"387,27","12","8,15",Viga de concreto armado,-3.84866667,-45.52336667,"2",20/01/2026,22/01/2026,,OAE<=20m (A1),9,,InR
150017,"Ponte km 373,58",MA,222,"373,58","27","8,25",Viga de concreto armado,-3.75468333,-45.44536667,"2",20/01/2026,22/01/2026,,20<OAE<=60m (A2),9,,InR
180061,Ponte sobre o Rio Gurguéia II,PI,135,"358,04","141","13",Viga de concreto armado,-9.07681037,-44.34426347,"3",04/12/2025,22/01/2026,,120<OAE<=500m (A4),7,,InR
250015,Ponte sobre o Rio Tracajatuba,AP,156,"406,06","60","10,76",Mista (viga metálica e laje de concreto),1.02248333,-51.09033333,"4",04/02/2026,23/01/2026,,20<OAE<=60m (A2),1,,InR
250013,Ponte sobre o Rio Tartarugal Grande,AP,156,"455,7","106,7","10,8",Mista (viga metálica e laje de concreto),1.398,-50.92485,"3",04/02/2026,26/01/2026,,60>OAE<=120m (A3),1,,InR
250016,Ponte sobre o Igarapé Manoel Geraldo,AP,156,"456,1","35","11",Mista (viga metálica e laje de concreto),1.40133333,-50.9262,"4",04/02/2026,26/01/2026,,20<OAE<=60m (A2),1,,InR
30004,Ponte sobre o Riacho dos Frios,CE,222,"82,21","21,2","10,5",Viga de concreto armado,-3.67571667,-39.27848333,"2",04/12/2025,,26/01/2026,OAE<=20m (A1),5,Obra interditada. Não inspecionar.,InR
30106,Ponte sobre o Riacho Manicobinha,CE,222,"83,17","13,5","13",Viga de concreto armado,-3.67616667,-39.2863,"4",04/12/2025,26/01/2026,,OAE<=20m (A1),5,,InR
30001,Pontilhão sobre o Afluente do Rio Curu I,CE,222,"86,97","5,6","9,15",Viga de concreto armado,-3.67174106,-39.32529797,"1",04/12/2025,26/01/2026,,OAE<=20m (A1),5,,InR
30105,Ponte sobre o Riacho Salgado,CE,222,"83,58","5,9","13",Laje de concreto armado,-3.6753,-39.28998333,"2",04/12/2025,26/01/2026,,OAE<=20m (A1),5,,InR
150115,Ponte sobre o Rio Gentil,MA,222,"423,05","59,8","11,9",Viga de concreto armado,-4.03328333,-45.77875,"2",20/01/2026,26/01/2026,,20<OAE<=60m (A2),9,,InR
150106,Ponte sobre o Igarapé Sabiá,MA,222,"410,07","47","12",Viga de concreto armado,-3.97886667,-45.67681667,"3",20/01/2026,26/01/2026,,20<OAE<=60m (A2),9,,InR
150019,Ponte sobre o Igarapé do Batatal,MA,222,"405,46","17","8,3",Viga de concreto armado,-3.94903333,-45.65135,"2",20/01/2026,26/01/2026,,OAE<=20m (A1),9,,InR
150020,Ponte sobre o Córrego Fazendinha,MA,222,"394,63","39,5","10,75",Viga de concreto armado,-3.89175,-45.57381667,"4",20/01/2026,26/01/2026,,20<OAE<=60m (A2),9,,InR
180116,Ponte sobre o Riacho do Contrato,PI,135,"471,62","21","13",Viga de concreto armado,-9.57946013,-45.03000512,"4",04/12/2025,26/01/2026,,OAE<=20m (A1),8,,InR
180015,Ponte sobre o Riacho Morto,PI,135,"486","10,9","7,6",Viga de concreto armado,-9.7193895,-45.14790796,"3",04/12/2025,26/01/2026,,OAE<=20m (A1),8,,InR
180121,Pontes sobre o Riacho dos Prazeres,PI,135,"498,68","10,5","9,95",Laje de concreto armado,-9.73563956,-45.19203255,"4",04/12/2025,26/01/2026,,OAE<=20m (A1),8,,InR
180062,Ponte sobre o Riacho Piripiri,PI,135,"500,84","11","7,6",Viga de concreto armado,-9.73477673,-45.21143726,"4",04/12/2025,26/01/2026,,OAE<=20m (A1),8,,InR
180113,Ponte sobre o Riacho da Serrinha,PI,135,"508,56","10,9","7,6",Viga de concreto armado,-9.74152104,-45.28085413,"2",04/12/2025,26/01/2026,,OAE<=20m (A1),8,,InR
250003,Ponte sobre o Igarapé Josias,AP,156,"466,16","35","10,9",Mista (viga metálica e laje de concreto),1.45998333,-50.89148333,"4",04/02/2026,27/01/2026,,20<OAE<=60m (A2),1,,InR
250014,Ponte sobre o Rio Tartarugalzinho,AP,156,"472,8","80","11,6",Laje de concreto armado,1.51151667,-50.91416667,"3",04/02/2026,27/01/2026,,60>OAE<=120m (A3),1,,InR
250007,Ponte sobre o Igarapé Montanha,AP,156,"479,58","30,55","11",Laje de concreto armado,1.56431667,-50.90431667,"4",04/02/2026,27/01/2026,,20<OAE<=60m (A2),1,,InR
30155,Pontilhão sobre o Riacho das Casinhas,CE,226,"208,29","5,45","8,18",Viga de concreto armado,-5.51461667,-39.64841667,"3",04/12/2025,27/01/2026,,OAE<=20m (A1),16,,InR
30150,Ponte sobre o Rio Estreito,CE,226,"197,79","11","8,9",Viga de concreto armado,-5.51416667,-39.57041667,"3",04/12/2025,27/01/2026,,OAE<=20m (A1),16,,InR
30156,Ponte sobre o Riacho das Casinhas,CE,226,"204,26","20,8","9",Viga de concreto armado,-5.52175,-39.61791667,"2",04/12/2025,27/01/2026,,OAE<=20m (A1),16,,InR
30153,Ponte sobre o Riacho Cedro,CE,226,"191,44","26,9","8,8",Viga de concreto armado,-5.5264,-39.52615,"3",04/12/2025,27/01/2026,,20<OAE<=60m (A2),16,,InR
30361,Pontilhão sobre o Riacho Gado Bravo,CE,226,"190,18","5,1","8,76",Laje de concreto armado,-5.52811667,-39.51555,"3",04/12/2025,27/01/2026,,OAE<=20m (A1),16,,InR
30151,"Ponte km 184,15",CE,226,"184,15","7","8,45",Viga de concreto armado,-5.52708333,-39.46588333,"4",04/12/2025,27/01/2026,,OAE<=20m (A1),16,,InR
30152,"Ponte km 189,74",CE,226,"189,74","9","8,7",Viga de concreto armado,-5.52806667,-39.51166667,"3",04/12/2025,27/01/2026,,OAE<=20m (A1),16,,InR
150224,Viaduto sobre a Estrada de Ferro Carajás,MA,222,"357,24","65","13,3",Viga de concreto protendido,-3.68421667,-45.34315,"4",20/01/2026,27/01/2026,,60>OAE<=120m (A3),9,,InR
150226,Ponte sobre o Rio Grajaú,MA,316,"284,01","250","9,7",Viga de concreto armado,-3.77196667,-45.21861667,"2",20/01/2026,27/01/2026,,120<OAE<=500m (A4),7,,InR
150193,Ponte sobre o Braço do Rio Pindaré,MA,316,"253,11","30","9,75",Viga de concreto armado,-3.65838333,-45.45163333,"3",20/01/2026,27/01/2026,,20<OAE<=60m (A2),10,,InR
150130,Ponte sobre o Rio Pindaré,MA,316,"251,11","263,7","9,54",Não informado,-3.6586,-45.46865,"3",20/01/2026,27/01/2026,,120<OAE<=500m (A4),10,,InR
180168,Ponte sobre o Ribeirão do Mateiro,PI,235,"409,04","55,4","12,8",Viga de concreto armado,-9.23534825,-45.71401701,"4",04/12/2025,27/01/2026,,20<OAE<=60m (A2),9,,InR
180167,Ponte sobre o Riacho Certeza,PI,235,"420,96","21","12,8",Viga de concreto armado,-9.19401523,-45.78988503,"4",04/12/2025,27/01/2026,,OAE<=20m (A1),9,,InR
180169,Ponte sobre o Riacho do Recreio,PI,235,"423,82","29,7","12,8",Viga de concreto armado,-9.16436667,-45.85366667,"4",04/12/2025,27/01/2026,,20<OAE<=60m (A2),9,,InR
250021,Ponte sobre o Rio Itaubal,AP,156,"481,86","40","11,6",Laje de concreto armado,1.58445,-50.90163333,"3",04/02/2026,28/01/2026,,20<OAE<=60m (A2),1,,InR
250009,Ponte sobre o Rio Cujubinzinho,AP,156,"489,79","51,43","11,6",Laje de concreto armado,1.65061667,-50.91441667,"4",04/02/2026,28/01/2026,,20<OAE<=60m (A2),1,,InR
30107,Ponte sobre o Riacho Umirim,CE,222,"90,39","19,45","12,4",Viga de concreto armado,-3.67886667,-39.35095,"3",04/12/2025,28/01/2026,,OAE<=20m (A1),5,,InR
30149,"Ponte km 182,08",CE,226,"182,08","11,35","8,45",Viga de concreto armado,-5.51681667,-39.45215,"3",04/12/2025,28/01/2026,,OAE<=20m (A1),16,,InR
30154,"Ponte km 181,67",CE,226,"181,67","7,6","8,45",Viga de concreto armado,-5.51475,-39.4495,"4",04/12/2025,28/01/2026,,OAE<=20m (A1),16,,InR
30147,"Viaduto km 168,41 sobre Ferrovia",CE,226,"168,41","40","11",Viga de concreto protendido,-5.57625,-39.36791667,"4",04/12/2025,28/01/2026,,20<OAE<=60m (A2),16,,InR
30157,"Pontilhão km 178,19",CE,226,"178,19","3,95","8,7",Laje de concreto armado,-5.52191667,-39.42283333,"3",04/12/2025,,28/01/2026,OAE<=20m (A1),16,OAC - Bueiro,InR
30143,Ponte sobre o Rio Banabuiú,CE,226,"167,45","217,9","11",Viga caixão de concreto armado,-5.58261667,-39.36215,"3",04/12/2025,28/01/2026,,120<OAE<=500m (A4),16,,InR
30142,Ponte sobre o Riacho Capitão Mór I,CE,226,"141,77","26,3","8,2",Viga de concreto armado,-5.68136667,-39.20168333,"4",04/12/2025,28/01/2026,,20<OAE<=60m (A2),16,,InR
30144,Ponte sobre o Riacho Capitão Mór II,CE,226,"145,93","7,9","8,2",Viga de concreto armado,-5.68741667,-39.23781667,"2",04/12/2025,28/01/2026,,OAE<=20m (A1),16,,InR
150199,Ponte sobre o Rio Sítio Novo,MA,316,"348,9","29,8","9,4",Viga de concreto armado,-4.23288333,-44.8896,"4",20/01/2026,28/01/2026,,20<OAE<=60m (A2),7,,InR
150198,Ponte sobre o Igarapé do Salgado,MA,316,"329,42","29,7","9,75",Viga de concreto armado,-4.11361667,-45.01211667,"3",20/01/2026,28/01/2026,,20<OAE<=60m (A2),7,,InR
150227,Ponte sobre o Rio Aranha,MA,316,"288,78","30","9,65",Viga de concreto armado,-3.80913333,-45.19781667,"4",20/01/2026,28/01/2026,,20<OAE<=60m (A2),7,,InR
150197,Ponte sobre o Igarapé da Cigana,MA,316,"287,34","43","9,65",Viga de concreto armado,-3.79835,-45.20501667,"4",20/01/2026,28/01/2026,,20<OAE<=60m (A2),7,,InR
250011,Ponte sobre o Igarapé Cujubim Grande,AP,156,"494,46","50","11,5",Laje de concreto armado,1.68821667,-50.92471667,"4",04/02/2026,29/01/2026,,20<OAE<=60m (A2),1,,InR
250008,Ponte sobre o Rio Flexal,AP,156,"502,07","103,95","11,25",Laje de concreto armado,1.7328,-50.87933333,"4",04/02/2026,29/01/2026,,60>OAE<=120m (A3),1,,InR
30109,"Ponte km 98,32",CE,222,"98,32","12,6","13,1",Laje de concreto armado,-3.71791667,-39.4081,"4",04/12/2025,29/01/2026,,OAE<=20m (A1),19,,InR
30110,Ponte sobre o Riacho do Moreira I,CE,222,"101,18","17,6","12,9",Viga de concreto armado,-3.7331,-39.4284,"4",04/12/2025,29/01/2026,,OAE<=20m (A1),19,,InR
30111,Ponte sobre o Riacho do Moreira II,CE,222,"102,81","13,5","13",Viga de concreto armado,-3.74213333,-39.43963333,"4",04/12/2025,29/01/2026,,OAE<=20m (A1),19,,InR
30141,Ponte sobre o Riacho do Sangue II,CE,226,"117,22","7,9","8,15",Viga de concreto armado,-5.73368333,-39.01315,"4",04/12/2025,29/01/2026,,OAE<=20m (A1),16,,InR
30146,Ponte sobre o Riacho do Cipó,CE,226,"134,33","15,8","8,2",Viga de concreto armado,-5.71486667,-39.14588333,"4",04/12/2025,29/01/2026,,OAE<=20m (A1),16,,InR
30148,Ponte sobre o Riacho Cachoeirinha,CE,226,"128,11","13,3","7,9",Viga de concreto armado,-5.74075,-39.1004,"3",04/12/2025,29/01/2026,,OAE<=20m (A1),16,,InR
30145,Ponte sobre o Riacho do Sangue I,CE,226,"114,89","76","8,3",Viga de concreto armado,-5.73430235,-39.0042178,"1",04/12/2025,29/01/2026,,60>OAE<=120m (A3),16,,InR
150133,Ponte sobre o Rio Mearim,MA,316,"362,64","130","10,35",Viga de concreto armado,-4.22611667,-44.77308333,"1",20/01/2026,29/01/2026,,120<OAE<=500m (A4),7,,InR
150132,Pontilhão sobre o Igarapé Cohabinha,MA,316,"360,49","6","8,16",Viga de concreto armado,-4.22313333,-44.79105,"3",20/01/2026,29/01/2026,,OAE<=20m (A1),7,,InR
150200,Ponte sobre o Igarapé São Joaquim,MA,316,"358,58","19,8","9,45",Viga de concreto armado,-4.22693333,-44.8077,"4",20/01/2026,29/01/2026,,OAE<=20m (A1),7,,InR
150131,Ponte sobre o Rio Ipixuna Açú,MA,316,"355,04","42,8","10,2",Viga de concreto armado,-4.2259,-44.83738333,"3",20/01/2026,29/01/2026,,20<OAE<=60m (A2),7,,InR
180063,Ponte sobre o Riacho da Saudade,PI,135,"518,54","11","7,6",Viga de concreto armado,-9.80548869,-45.32863092,"4",04/12/2025,29/01/2026,,OAE<=20m (A1),10,,InR
180117,Ponte sobre o Riacho do Sucuruiú,PI,135,"526,45","11","13,3",Viga de concreto armado,-9.87056601,-45.34846533,"3",04/12/2025,29/01/2026,,OAE<=20m (A1),10,,InR
180160,Ponte sobre Riacho Santa Maria,PI,235,"333,6","39,5","12,8",Viga de concreto armado,-9.64914909,-45.46587065,"4",04/12/2025,29/01/2026,,20<OAE<=60m (A2),9,,InR
180166,Ponte sobre o Riacho Grotão,PI,235,"343,11","21","12,7",Viga de concreto armado,-9.58920131,-45.52562523,"4",04/12/2025,29/01/2026,,OAE<=20m (A1),9,,InR
10016,Ponte sobre o Rio Tarumã Açu,AM,174,"914,5","50,5","12,9",Viga de concreto armado,-2.70992679,-60.04839791,"4",04/12/2025,30/01/2026,,20<OAE<=60m (A2),1,,InR
10010,Ponte sobre o Igarapé Cabeça Branca,AM,174,"929,3","51,5","10,9",Mista (viga metálica e laje de concreto),-2.58551667,-60.03216667,"4",04/12/2025,30/01/2026,,20<OAE<=60m (A2),1,,InR
10006,Ponte sobre o Rio Preto,AM,174,"966,9","75,2","12,8",Viga de concreto armado,-2.25591811,-60.03595668,"4",04/12/2025,30/01/2026,,60>OAE<=120m (A3),1,,InR
10012,Ponte sobre o Rio Urubu,AM,174,"983,5","99","12,8",Viga de concreto armado,-2.11418333,-59.99143333,"4",04/12/2025,30/01/2026,,60>OAE<=120m (A3),1,,InR
250004,Ponte sobre o Igarapé Henrique,AP,156,"506","65","10,8",Laje de concreto armado,1.76466667,-50.87753333,"4",04/02/2026,30/01/2026,,60>OAE<=120m (A3),1,,InR
250006,Ponte sobre o Rio Breu,AP,156,"512,65","85,31","11,85",Laje de concreto armado,1.82398333,-50.87676667,"4",04/02/2026,30/01/2026,,60>OAE<=120m (A3),1,,InR
250010,Ponte sobre o Igarapé da Serra,AP,156,"522,51","72,53","11,1",Laje de concreto armado,1.90945,-50.86895,"4",04/02/2026,30/01/2026,,60>OAE<=120m (A3),1,,InR
30108,Ponte sobre o Riacho Oiticica,CE,222,"92,94","30,6","13,4",Viga de concreto armado,-3.69173333,-39.369,"3",04/12/2025,30/01/2026,,20<OAE<=60m (A2),19,,InR
180016,Ponte sobre o Rio Gurguéia III,PI,135,"545,22","22","8,3",Viga de concreto armado,-10.02706599,-45.3031418,"3",04/12/2025,30/01/2026,,OAE<=20m (A1),10,,InR
180118,Ponte sobre o Riacho Cana Brava,PI,135,"566,07","15","8,4",Viga de concreto armado,-10.1511655,-45.18681425,"4",04/12/2025,30/01/2026,,OAE<=20m (A1),10,,InR
180064,Ponte sobre o Rio Corrente,PI,135,"590,3","128,55","13,1",Viga de concreto armado,-10.44111667,-45.17331667,"3",04/12/2025,30/01/2026,,120<OAE<=500m (A4),10,,InR
10033,Ponte sobre o Igarapé Veados,AM,174,"991,8","60,5","13,6",Mista (viga metálica e laje de concreto),-2.04785,-60.02601667,"4",04/12/2025,31/01/2026,,20<OAE<=60m (A2),1,,InR
10024,Ponte sobre o Igarapé Laje,AM,174,"997,7","78,5","10,9",Mista (viga metálica e laje de concreto),-1.99448333,-60.0266,"4",04/12/2025,31/01/2026,,60>OAE<=120m (A3),1,,InR
250012,Ponte sobre o Igarapé Davi,AP,156,"525,47","45","11",Laje de concreto armado,1.93106667,-50.86116667,"4",04/02/2026,02/02/2026,,20<OAE<=60m (A2),1,,InR
250018,Ponte sobre o Igarapé da Rasa,AP,156,"553,1","134,64","10,9",Laje de concreto armado,2.08961667,-50.88878333,"4",04/02/2026,02/02/2026,,120<OAE<=500m (A4),1,,InR
30093,"Ponte km 108,62",CE,222,"108,62","16,4","13",Laje de concreto armado,-3.76098333,-39.48465,"4",04/12/2025,02/02/2026,,OAE<=20m (A1),19,,InR
30094,"Ponte km 106,29",CE,222,"106,29","13,4","13",Viga de concreto armado,-3.75778333,-39.46585,"4",04/12/2025,02/02/2026,,OAE<=20m (A1),19,,InR
30092,Ponte sobre o Riacho Fresco,CE,222,"115,28","10","13",Viga de concreto armado,-3.74441667,-39.53875,"4",04/12/2025,02/02/2026,,OAE<=20m (A1),19,,InR
180119,Ponte sobre o Riacho Buritizinho,PI,135,"600,11","8","12",Laje de concreto armado,-10.44877467,-45.17378645,"3",04/12/2025,02/02/2026,,OAE<=20m (A1),10,,InR
180017,Ponte sobre o Rio Paraim,PI,135,"605,77","16,4","8,3",Viga de concreto armado,-10.4964056,-45.18654925,"2",04/12/2025,02/02/2026,,OAE<=20m (A1),10,,InR
180125,Ponte sobre o Rio Palmeiras,PI,135,"625,14","50,4","10,7",Viga de concreto armado,-10.65109669,-45.17868883,"4",04/12/2025,02/02/2026,,20<OAE<=60m (A2),10,,InR
250005,Ponte sobre o Igarapé Bracinho,AP,156,"556,92","39,32","11,3",Laje de concreto armado,2.12203333,-50.89145,"4",04/02/2026,03/02/2026,,20<OAE<=60m (A2),1,,InR
250020,Ponte sobre o Rio Igarapé Ingá,AP,156,"564,46","48,5","10,8",Laje de concreto armado,2.18581667,-50.90633333,"4",04/02/2026,03/02/2026,,20<OAE<=60m (A2),1,,InR
30085,Ponte sobre o Rio Missi,CE,222,"164,47","49","13,1",Viga de concreto armado,-3.7331,-39.91381667,"3",04/12/2025,03/02/2026,,20<OAE<=60m (A2),19,,InR
30083,Ponte sobre o Rio Aracatiaçu,CE,222,"178,72","85,6","13",Viga caixão de concreto armado,-3.74903333,-40.03628333,"4",04/12/2025,03/02/2026,,60>OAE<=120m (A3),19,,InR
30084,"Pontilhão km 174,55",CE,222,"174,55","5,6","12",Viga de concreto armado,-3.7532,-39.99968333,"3",04/12/2025,03/02/2026,,OAE<=20m (A1),19,,InR
250026,Ponte sobre o Igarapé Cortiçal,AP,156,"593,02","53,7","10,8",Laje de concreto armado,2.39511667,-50.95958333,"4",04/02/2026,04/02/2026,,20<OAE<=60m (A2),1,,InR
250029,Ponte sobre o Rio Calçoene,AP,156,"602,03","254,4","11,7",Laje de concreto armado,2.47205,-50.97066667,"4",04/02/2026,04/02/2026,,120<OAE<=500m (A4),1,,InR
30089,"Ponte km 130,58",CE,222,"130,58","6","12,4",Viga de concreto armado,-3.71518333,-39.63518333,"2",04/12/2025,04/02/2026,,OAE<=20m (A1),19,,InR
30087,Ponte sobre o Riacho Mocó,CE,222,"151,46","24,9","13",Viga de concreto armado,-3.74156667,-39.80186667,"4",04/12/2025,04/02/2026,,20<OAE<=60m (A2),19,,InR
30088,Ponte sobre o Riacho da Forquilha,CE,222,"137,33","40,7","13",Viga de concreto armado,-3.74253333,-39.68545,"4",04/12/2025,04/02/2026,,20<OAE<=60m (A2),19,,InR
30086,"Pontilhão km 154,49",CE,222,"154,49","5,5","12,2",Viga de concreto armado,-3.73503333,-39.82766667,"3",04/12/2025,04/02/2026,,OAE<=20m (A1),19,,InR
150118,"Viaduto km 663,79 sobre Ferrovia",MA,222,"663,79","56,2","13,1",Viga de concreto protendido,-4.88793333,-47.37451667,"4",20/01/2026,04/02/2026,,20<OAE<=60m (A2),9,,InR
150117,Ponte sobre o Rio Pindaré,MA,222,"600,2","90,15","11,8",Viga de concreto armado,-4.60859955,-46.9354797,"3",20/01/2026,04/02/2026,,60>OAE<=120m (A3),9,,InR
150112,Ponte sobre o Rio Buriticupu,MA,222,"532,05","90,5","11,8",Viga de concreto armado,-4.29916667,-46.49455,"3",20/01/2026,04/02/2026,,60>OAE<=120m (A3),9,,InR
150225,Ponte sobre o Rio Jeju,MA,222,"439,07","46","12",Viga de concreto armado,-4.07306667,-45.89901667,"4",20/01/2026,04/02/2026,,20<OAE<=60m (A2),9,,InR
150113,Ponte sobre o Rio Cipoeira,MA,222,"435,58","24,3","12",Viga de concreto armado,-4.0801,-45.8719,"3",20/01/2026,04/02/2026,,20<OAE<=60m (A2),9,,InR
10015,Ponte sobre o Igarapé Santa Cruz,AM,174,"1008,31","120,5","10,6",Mista (viga metálica e laje de concreto),-1.90618333,-60.06165,"4",04/12/2025,05/02/2026,,60>OAE<=120m (A3),1,,InR
10020,Ponte sobre o Igarapé Canoas,AM,174,"1018,29","60,5","11",Mista (viga metálica e laje de concreto),-1.83848333,-60.11515,"4",04/12/2025,05/02/2026,,20<OAE<=60m (A2),1,,InR
250017,Ponte sobre o Rio Amapá Grande,AP,156,"560,85","153,7","11,6",Laje de concreto armado,2.1555,-50.89683333,"4",04/02/2026,05/02/2026,,120<OAE<=500m (A4),1,,InR
250039,"Ponte km 610,91",AP,156,"610,97","28,3","11",Viga de concreto protendido,2.4981,-51.02298333,"4",04/02/2026,05/02/2026,,20<OAE<=60m (A2),1,,InR
250040,"Ponte km 623,61",AP,156,"623,61","19,2","11,2",Viga de concreto protendido,2.4598,-51.1126,"4",04/02/2026,05/02/2026,,OAE<=20m (A1),1,,InR
30091,Ponte sobre o Riacho Escorado,CE,222,"119,4","47,8","12",Laje de concreto armado,-3.71906667,-39.56343333,"4",04/12/2025,05/02/2026,,20<OAE<=60m (A2),19,,InR
30090,Ponte sobre o Riacho do Arapurá,CE,222,"129,37","13,8","13",Viga de concreto armado,-3.70945,-39.62583333,"4",04/12/2025,05/02/2026,,OAE<=20m (A1),19,,InR
230132,Ponte sobre o Riacho do Ouro,TO,242,"43,42","38","13",Viga de concreto protendido,-12.4013,-46.65055,"4",05/02/2026,05/02/2026,,20<OAE<=60m (A2),1,,InR
230130,Ponte sobre o Riacho Corcundo,TO,242,"54,93","62,54","12,98",Viga de concreto protendido,-12.42676667,-46.75041667,"4",05/02/2026,05/02/2026,,60>OAE<=120m (A3),1,,InR
10022,Ponte sobre o Igarapé Canastra,AM,174,"1021,2","48","10,8",Mista (viga metálica e laje de concreto),-1.82488333,-60.13668333,"4",04/12/2025,06/02/2026,,20<OAE<=60m (A2),1,,InR
10028,Ponte sobre o Igarapé Coruja,AM,174,"1056,51","60,8","11",Mista (viga metálica e laje de concreto),-1.5348,-60.23825,"4",04/12/2025,06/02/2026,,20<OAE<=60m (A2),1,,InR
250023,Ponte sobre o Igarapé Torrão,AP,156,"638,5","61,8","11",Viga de concreto protendido,2.46105,-51.2263,"3",04/02/2026,06/02/2026,,20<OAE<=60m (A2),1,,InR
250033,Ponte sobre o Igarapé Torrãozinho,AP,156,"638,88","30,2","11",Viga de concreto protendido,2.46068333,-51.22968333,"4",04/02/2026,06/02/2026,,20<OAE<=60m (A2),1,,InR
150194,Ponte sobre o Rio Turiaçu,MA,316,"160,47","100","10,9",Viga de concreto armado,-2.94323333,-45.66766667,"2",20/01/2026,06/02/2026,,60>OAE<=120m (A3),10,,InR
150195,Ponte sobre o Rio Paraná,MA,316,"109,89","100,1","9,9",Viga de concreto armado,-2.50318333,-45.78651667,"4",20/01/2026,06/02/2026,,60>OAE<=120m (A3),10,,InR
150196,Ponte sobre o Rio Maracaçumé,MA,316,"56,67","100","9,7",Viga de concreto armado,-2.05415,-45.95596667,"3",20/01/2026,06/02/2026,,60>OAE<=120m (A3),10,,InR
230127,Ponte sobre o Rio Palma II,TO,242,"71,06","131,5","13",Viga de concreto armado,-12.45116667,-46.89485,"4",05/02/2026,06/02/2026,,120<OAE<=500m (A4),1,,InR
230108,Ponte sobre o Córrego Pau D'arco,TO,242,"89,21","60,2","13",Viga de concreto protendido,-12.47191667,-47.05713333,"4",05/02/2026,06/02/2026,,20<OAE<=60m (A2),1,,InR
250027,Ponte sobre o Igarapé Capitão,AP,156,"645,49","20","11",Viga de concreto protendido,2.4901,-51.2725,"4",04/02/2026,09/02/2026,,OAE<=20m (A1),1,,InR
250028,Ponte sobre o Igarapé Coroca,AP,156,"648,16","28,7","11",Viga de concreto protendido,2.5139,-51.28558333,"4",04/02/2026,09/02/2026,,20<OAE<=60m (A2),1,,InR
150190,Ponte sobre o Riacho Bacuri,MA,316,"619,6","11","11,9",Viga de concreto armado,-5.1231,-42.82328333,"4",20/01/2026,09/02/2026,,OAE<=20m (A1),6,,InR
150183,Ponte sobre o Riacho das Pombas,MA,316,"608,01","14,6","12,6",Laje de concreto armado,-5.06001667,-42.89406667,"3",20/01/2026,09/02/2026,,OAE<=20m (A1),6,,InR
150188,Ponte sobre o Rio Itapecuru,MA,316,"550,06","100","12,9",Viga de concreto armado,-4.88688333,-43.3638,"4",20/01/2026,09/02/2026,,60>OAE<=120m (A3),6,,InR
150182,"Ponte km 548,09",MA,316,"548,09","24","12,8",Viga de concreto armado,-4.88415,-43.38048333,"2",20/01/2026,09/02/2026,,20<OAE<=60m (A2),6,,InR
230122,Ponte sobre o Córrego Cortado,TO,242,"99,82","69,8","13,21",Viga de concreto armado,-12.48485,-47.1537,"4",05/02/2026,09/02/2026,,60>OAE<=120m (A3),1,,InR
230131,Ponte sobre o Rio Arraias,TO,242,"108,92","101,12","12,77",Viga de concreto protendido,-12.5121,-47.2418,"4",05/02/2026,09/02/2026,,60>OAE<=120m (A3),1,,InR
10021,Ponte sobre o Igarapé Picanço,AM,174,"1058,87","48,5","11",Mista (viga metálica e laje de concreto),-1.51691667,-60.2472,"4",04/12/2025,10/02/2026,,20<OAE<=60m (A2),1,,InR
10032,Ponte sobre o Igarapé Tabocal,AM,174,"1064,7","24","11",Viga de concreto armado,-1.472,-60.27731667,"4",04/12/2025,10/02/2026,,20<OAE<=60m (A2),1,,InR
10029,Ponte sobre o Rio Santo Antônio do Abonari,AM,174,"1093,51","99","10,8",Viga de concreto armado,-1.25951667,-60.40651667,"4",04/12/2025,10/02/2026,,60>OAE<=120m (A3),1,,InR
250025,Ponte sobre o Igarapé Izaura,AP,156,"652,72","29,7","11",Viga caixão de concreto protendido,2.55325,-51.30993333,"4",04/02/2026,10/02/2026,,20<OAE<=60m (A2),1,,InR
250032,Ponte o Igarapé Maciel,AP,156,"653,92","36,6","11,2",Viga de concreto protendido,2.564,-51.31506667,"4",04/02/2026,10/02/2026,,20<OAE<=60m (A2),1,,InR
30173,"Ponte km 294,97",CE,226,"294,97","8","7,9",Viga de concreto armado,-5.38993333,-40.32218333,"3",04/12/2025,10/02/2026,,OAE<=20m (A1),16,,InR
30174,Ponte sobre o Riacho das Flores Belas,CE,226,"290,53","30","10",Viga de concreto armado,-5.40693333,-40.28941667,"1",04/12/2025,10/02/2026,,20<OAE<=60m (A2),16,,InR
30166,"Ponte km 311,64",CE,226,"311,64","10,5","7,9",Viga de concreto armado,-5.32083333,-40.44581667,"3",04/12/2025,10/02/2026,,OAE<=20m (A1),16,,InR
30170,Ponte sobre o Riacho dos Pereiras,CE,226,"295,83","10,5","7,9",Viga de concreto armado,-5.38625,-40.32895,"3",04/12/2025,10/02/2026,,OAE<=20m (A1),16,,InR
30167,Ponte sobre o Riacho Independência,CE,226,"319,92","70,1","8,4",Viga de concreto armado,-5.27975,-40.5032,"4",04/12/2025,10/02/2026,,60>OAE<=120m (A3),16,,InR
30163,Ponte sobre o Rio Tourão,CE,404,"106,85","50","10",Viga de concreto armado,-5.1663,-40.65705,"1",04/12/2025,10/02/2026,,20<OAE<=60m (A2),16,,InR
30181,"Viaduto km 106,39 sobre Ferrovia",CE,404,"106,39","9,5","10",Laje de concreto armado,-5.1643,-40.66018333,"3",04/12/2025,10/02/2026,,OAE<=20m (A1),16,,InR
30164,Ponte sobre o Riacho do Retiro,CE,404,"104,76","10,4","10,05",Laje de concreto armado,-5.1523,-40.66781667,"4",04/12/2025,10/02/2026,,OAE<=20m (A1),16,,InR
150184,Ponte sobre o Riacho do Guarimã,MA,316,"535,18","120","10",Viga de concreto armado,-4.83405,-43.48575,"3",20/01/2026,10/02/2026,,60>OAE<=120m (A3),6,,InR
150191,"Ponte km 529,97",MA,316,"529,97","11","10,1",Viga de concreto armado,-4.82135,-43.53053333,"3",20/01/2026,10/02/2026,,OAE<=20m (A1),6,,InR
150181,"Ponte km 520,36",MA,316,"520,36","8","7,74",Viga de concreto armado,-4.77065,-43.59686667,"4",20/01/2026,10/02/2026,,OAE<=20m (A1),6,,InR
150187,Ponte sobre o Riacho Fundo,MA,316,"514,73","110","10",Viga de concreto armado,-4.76155,-43.6442,"3",20/01/2026,10/02/2026,,60>OAE<=120m (A3),6,,InR
230123,Ponte sobre o Córrego Preto,TO,242,"114,37","59,75","12,98",Viga de concreto protendido,-12.54041667,-47.29865,"4",05/02/2026,10/02/2026,,20<OAE<=60m (A2),1,,InR
250128,Ponte sobre o Igarapé Amândio,AP,156,"0","37","7",Não informado,2.63111,-51.340972,"-",04/02/2026,11/02/2026,,20<OAE<=60m (A2),1,,InCR
250129,Ponte sobre o Igarapé Inês,AP,156,"0","37","7",Não informado,2.65384,-51.353246,"-",04/02/2026,11/02/2026,,20<OAE<=60m (A2),1,,InCR
250036,Ponte sobre o Igarapé Carnot Pequeno,AP,156,"654,87","35","10,9",Viga de concreto protendido,2.57323333,-51.3179,"3",04/02/2026,11/02/2026,,20<OAE<=60m (A2),1,,InR
30184,"Ponte km 102,59",CE,404,"102,59","10,3","10,05",Laje de concreto armado,-5.13465,-40.6764,"3",04/12/2025,11/02/2026,,OAE<=20m (A1),16,,InR
30180,Ponte sobre o Riacho do Baié,CE,404,"95,34","19,7","12,15",Arco inferior metálico,-5.07465,-40.70205,"4",04/12/2025,,11/02/2026,OAE<=20m (A1),16,OAC - Bueiro,InR
30182,Ponte sobre o Rio Jabotá,CE,404,"92,17","210,65","10",Viga de concreto armado,-5.04728333,-40.70978333,"2",04/12/2025,11/02/2026,,120<OAE<=500m (A4),16,,InR
30168,Ponte sobre a Grota do Maciel,CE,404,"83,5","10,3","9,9",Laje de concreto armado,-4.97093333,-40.7144,"4",04/12/2025,11/02/2026,,OAE<=20m (A1),16,,InR
30169,Ponte sobre o Riacho Vaca Morta,CE,404,"89,32","30","10",Viga de concreto armado,-5.02206667,-40.7146,"3",04/12/2025,11/02/2026,,20<OAE<=60m (A2),16,,InR
30165,Ponte sobre o Rio Diamante II,CE,404,"81,18","30","10",Viga de concreto armado,-4.95163333,-40.71833333,"4",04/12/2025,11/02/2026,,20<OAE<=60m (A2),16,,InR
30177,Ponte sobre o Rio Diamante I,CE,404,"81,05","43","10",Viga de concreto armado,-4.95073333,-40.71906667,"3",04/12/2025,11/02/2026,,20<OAE<=60m (A2),16,,InR
30172,"Ponte km 76,46",CE,404,"76,46","6,25","10,15",Laje de concreto armado,-4.92583333,-40.75136667,"4",04/12/2025,11/02/2026,,OAE<=20m (A1),16,,InR
30347,Ponte sobre o Riacho São José,CE,404,"54,51","47,5","8",Laje de concreto armado,-4.89491667,-40.77161667,"4",04/12/2025,11/02/2026,,20<OAE<=60m (A2),16,OAE em esfera estadual,InR
30222,Ponte sobre o Riacho Olho D'Água,CE,404,"47,49","20","10",Viga de concreto armado,-4.81073333,-40.82365,"3",04/12/2025,,11/02/2026,OAE<=20m (A1),16,OAE em esfera estadual,InR
150192,Ponte sobre o Riacho Baixa Grande,MA,316,"513,14","14","8,2",Viga de concreto armado,-4.7546,-43.65675,"3",20/01/2026,11/02/2026,,OAE<=20m (A1),6,,InR
150189,Ponte sobre o Rio Seco,MA,316,"481,43","99","9,9",Viga de concreto armado,-4.625,-43.90295,"3",20/01/2026,11/02/2026,,60>OAE<=120m (A3),6,,InR
150050,Ponte sobre o Rio Codozinho,MA,316,"464,62","175","10",Viga de concreto armado,-4.54036667,-44.02363333,"2",20/01/2026,11/02/2026,,120<OAE<=500m (A4),6,,InR
150083,"Ponte km 280,88",MA,135,"280,88","20","8,94",Viga de concreto armado,-4.84243333,-44.3227,"3",20/01/2026,11/02/2026,,OAE<=20m (A1),12,,InR
230100,Ponte sobre o Rio Palmas,TO,242,"187,52","212,2","11,2",Viga de concreto armado,-12.60518333,-47.86085,"3",05/02/2026,11/02/2026,,120<OAE<=500m (A4),1,,InR
230051,"Pontilhão km 190,150",TO,242,"190,15","4,35","3,68",Viga de concreto armado,-12.58591667,-47.8619,"3",05/02/2026,,11/02/2026,OAE<=20m (A1),1,OAC - Bueiro,InR
10018,Ponte sobre o Igarapé Meretxa,AM,174,"1115,8","28,3","10,9",Viga de concreto armado,-1.06875,-60.46835,"4",04/12/2025,12/02/2026,,20<OAE<=60m (A2),1,,InR
10011,Ponte sobre o Igarapé Ba,AM,174,"1120,8","81,9","10,9",Viga de concreto armado,-1.02535,-60.48145,"4",04/12/2025,12/02/2026,,60>OAE<=120m (A3),1,,InR
10014,"Ponte km 1124,72",AM,174,"1124,72","23,7","11",Viga de concreto armado,-0.99136667,-60.4912,"4",04/12/2025,12/02/2026,,20<OAE<=60m (A2),1,,InR
150069,Ponte sobre o Igarapé Machado,MA,135,"308,59","30","10,1",Viga de concreto armado,-5.0333,-44.43385,"2",20/01/2026,12/02/2026,,20<OAE<=60m (A2),12,,InR
150089,"Viaduto km 309,89",MA,135,"309,89","13","12,75",Laje de concreto armado,-5.0437,-44.43681667,"4",20/01/2026,12/02/2026,,OAE<=20m (A1),12,,InR
150088,Ponte sobre o Riacho Firmino,MA,135,"338,85","24","10",Viga de concreto armado,-5.27845,-44.4943,"3",20/01/2026,12/02/2026,,20<OAE<=60m (A2),12,,InR
180177,"Ponte km 205,61",PI,222,"205,61","6,75","9,3",Laje de concreto armado,-3.68945,-42.58066667,"1",04/12/2025,,12/02/2026,OAE<=20m (A1),16,OAC - Bueiro,InR
180179,"Ponte km 201,74",PI,222,"201,74","6,46","14,65",Laje de concreto armado,-3.71085,-42.55981667,"2",04/12/2025,,12/02/2026,OAE<=20m (A1),16,OAC - Bueiro,InR
180176,"Pontilhão km 200,70",PI,222,"200,7","4,8","7,4",Laje de concreto armado,-3.71675,-42.55531667,"3",04/12/2025,,12/02/2026,OAE<=20m (A1),16,OAC - Bueiro,InR
180175,Ponte sobre o Riacho Grande,PI,222,"188,46","14,5","4,55",Viga de concreto armado,-3.79695,-42.49335,"4",04/12/2025,,12/02/2026,OAE<=20m (A1),16,Demolida - substituída pelo código 180190,InR
180174,"Ponte km 151,62",PI,222,"151,62","6,75","11",Laje de concreto armado,-3.87576667,-42.2718,"4",04/12/2025,,12/02/2026,OAE<=20m (A1),16,OAC - Bueiro,InR
180067,"Pontilhão km 147,26",PI,222,"147,26","5","11",Laje de concreto armado,-3.8937,-42.24303333,"4",04/12/2025,,12/02/2026,OAE<=20m (A1),16,OAC - Bueiro,InR
180128,Ponte sobre o Rio Longá,PI,222,"145,46","164,5","8,4",Viga de concreto armado,-3.90536667,-42.2318,"4",04/12/2025,12/02/2026,,120<OAE<=500m (A4),16,,InR
180066,"Pontilhão km 142,49",PI,222,"142,49","4,6","8,3",Laje de concreto armado,-3.92418333,-42.21056667,"3",04/12/2025,,12/02/2026,OAE<=20m (A1),16,OAC - Bueiro,InR
180187,"Pontilhão Inservível km 142,49",PI,222,"142,49","4,99","7,49",Laje de concreto armado,-3.92405,-42.21051667,"3",04/12/2025,,12/02/2026,OAE<=20m (A1),16,OAC - Bueiro,InR
180134,Ponte sobre o Afluente do Riacho do Longá II,PI,222,"140,12","11,2","7,6",Viga de concreto armado,-3.93278487,-42.1876635,"3",04/12/2025,12/02/2026,,OAE<=20m (A1),16,,InR
180019,Ponte sobre o Riacho das Caraíbas,PI,222,"136,71","11,5","7,6",Viga de concreto armado,-3.9517333,-42.1581531,"3",04/12/2025,12/02/2026,,OAE<=20m (A1),16,,InR
180130,Ponte sobre o Riacho do Vaqueiro,PI,222,"133,48","14,25","12,8",Viga de concreto armado,-3.97068977,-42.13090716,"4",04/12/2025,12/02/2026,,OAE<=20m (A1),16,,InR
180065,Ponte sobre o Afluente do Riacho do Longá I,PI,222,"130,92","11","7,5",Viga de concreto armado,-3.98912571,-42.11297873,"3",04/12/2025,12/02/2026,,OAE<=20m (A1),16,,InR
180133,"Ponte km 129,48",PI,222,"129,48","11","7,65",Viga de concreto armado,-3.99893333,-42.1019,"4",04/12/2025,12/02/2026,,OAE<=20m (A1),16,,InR
180006,Ponte sobre o Riacho da Usina,PI,222,"126,28","3,9","10,45",Laje de concreto armado,-4.02231667,-42.07876667,"2",04/12/2025,,12/02/2026,OAE<=20m (A1),16,OAC - Bueiro,InR
230101,Ponte sobre o Rio São José,TO,242,"199,65","84,2","13",Viga de concreto armado,-12.51130799,-47.91728027,"4",05/02/2026,12/02/2026,,60>OAE<=120m (A3),1,,InR
230118,"Ponte km 213,28",TO,242,"213,28","35","13",Viga de concreto armado,-12.43276667,-47.98585,"4",05/02/2026,,12/02/2026,20<OAE<=60m (A2),1,Retirar do PL - Foi substituida pela OAE 230148,InR
230148,Ponte sobre o Rio São Miguel,TO,242,"213,34","25","12,5",Viga de concreto armado,-12.432099,-47.986007,"-",05/02/2026,12/02/2026,,20<OAE<=60m (A2),1,,InCR
230052,Ponte sobre o Córrego Matrinxâ,TO,242,"216,13","8,8","3,7",Viga de concreto armado,-12.40893333,-48.00368333,"2",05/02/2026,,12/02/2026,OAE<=20m (A1),1,OAC - Bueiro,InR
10019,Ponte sobre o Igarapé Tiariju,AM,174,"1138,51","65,5","11",Mista (viga metálica e laje de concreto),-0.87236667,-60.51453333,"4",04/12/2025,13/02/2026,,60>OAE<=120m (A3),1,,InR
10031,Ponte sobre o Rio Alalaú,AM,174,"1140","202,5","12,9",Viga caixão de concreto armado,-0.8607,-60.51901667,"3",04/12/2025,13/02/2026,,120<OAE<=500m (A4),1,,InR
250030,Ponte sobre o Igarapé Estrela,AP,156,"776,7","36,5","11",Viga caixão de concreto protendido,3.49841667,-51.7407,"2",04/02/2026,13/02/2026,,20<OAE<=60m (A2),1,,InR
250024,Ponte sobre o Igarapé Piquiá,AP,156,"786,76","36,5","11,8",Viga de concreto protendido,3.57171667,-51.78258333,"4",04/02/2026,13/02/2026,,20<OAE<=60m (A2),1,,InR
250037,Ponte sobre o Igarapé da Palha,AP,156,"796,82","19,2","11",Viga de concreto protendido,3.65708333,-51.76825,"4",04/02/2026,13/02/2026,,OAE<=20m (A1),1,,InR
150233,Ponte sobre o Rio Itapecuru,MA,226,"115,62","180","12,8",Viga de concreto protendido,-5.27406667,-43.78401667,"4",20/01/2026,13/02/2026,,120<OAE<=500m (A4),11,,InR
250031,Ponte sobre o Igarapé do Vinte e Um,AP,156,"801,89","30","11,1",Viga de concreto protendido,3.70148333,-51.77301667,"4",04/02/2026,16/02/2026,,20<OAE<=60m (A2),1,,InR
250035,Ponte sobre o Igarapé do Quatorze,AP,156,"808,01","30,2","10,9",Viga de concreto protendido,3.75323333,-51.78246667,"4",04/02/2026,16/02/2026,,20<OAE<=60m (A2),1,,InR
150048,Ponte sobre o Riacho Comum,MA,316,"467,75","210","10,04",Viga de concreto armado,-4.5536,-43.99843333,"3",20/01/2026,16/02/2026,,120<OAE<=500m (A4),6,,InR
150185,Ponte sobre o Igarapé Fagundes,MA,316,"444,1","8,02","8,04",Viga de concreto armado,-4.45185,-44.18343333,"3",20/01/2026,16/02/2026,,OAE<=20m (A1),6,,InR
150186,"Ponte km 438,75",MA,316,"438,75","8","7,74",Viga de concreto armado,-4.4208,-44.21983333,"3",20/01/2026,16/02/2026,,OAE<=20m (A1),6,,InR
150057,Ponte sobre o Riacho Serraria,MA,316,"429,04","8","7,9",Viga de concreto armado,-4.38416667,-44.29851667,"1",20/01/2026,16/02/2026,,OAE<=20m (A1),6,,InR
150114,Ponte sobre o Rio Mearim,MA,226,"299,4","120","10",Viga de concreto armado,-5.50096667,-45.24308333,"3",20/01/2026,16/02/2026,,60>OAE<=120m (A3),15,,InR
150163,Ponte sobre o Riacho Feio,MA,226,"285,13","20","10",Laje de concreto armado,-5.4502,-45.13825,"4",20/01/2026,,16/02/2026,OAE<=20m (A1),15,"Alto nível d’água, sem acesso",InR
250041,Ponte sobre o Igarapé Molongo,AP,156,"814,61","36,5","11,4",Viga de concreto protendido,3.80845,-51.78246667,"3",04/02/2026,17/02/2026,,20<OAE<=60m (A2),1,,InR
250042,Ponte sobre o Igarapé Cortiço,AP,156,"815,99","41,1","11",Viga de concreto protendido,3.81843333,-51.78958333,"4",04/02/2026,17/02/2026,,20<OAE<=60m (A2),1,,InR
150053,Ponte sobre o Rio Peritoró,MA,316,"424,85","23","7,7",Viga de concreto armado,-4.373,-44.33543333,"2",20/01/2026,,17/02/2026,20<OAE<=60m (A2),6,Em manutenção,InR
150067,"Ponte km 222,15",MA,135,"222,15","8","8,33",Viga de concreto armado,-4.35698333,-44.36275,"3",20/01/2026,,17/02/2026,OAE<=20m (A1),6,"Alto nível d’água, sem acesso",InR
150082,Ponte sobre o Rio Tapuio,MA,135,"213,77","43,6","13",Viga de concreto armado,-4.30455,-44.41253333,"4",20/01/2026,,17/02/2026,20<OAE<=60m (A2),6,"Alto nível d’água, sem acesso",InR
150047,Ponte sobre o Igarapé Andiroba,MA,135,"206,1","16,6","8,35",Viga de concreto armado,-4.24053333,-44.43885,"2",20/01/2026,,18/02/2026,OAE<=20m (A1),6,"Alto nível d’água, sem acesso",InR
150166,Ponte sobre o Rio das Flores,MA,226,"258,43","17,3","7,9",Viga de concreto armado,-5.41968333,-44.92818333,"3",20/01/2026,17/02/2026,,OAE<=20m (A1),15,,InR
150165,Ponte sobre o Rio Cigana,MA,226,"240,6","30","10",Viga de concreto armado,-5.38575,-44.79348333,"3",20/01/2026,17/02/2026,,20<OAE<=60m (A2),15,,InR
150162,"Ponte km 217,76",MA,226,"217,76","10","8,4",Viga de concreto armado,-5.32238333,-44.60628333,"4",20/01/2026,,17/02/2026,OAE<=20m (A1),15,"Alto nível d’água, sem acesso",InR
250043,Ponte sobre o Igarapé Patauazinho,AP,156,"818,77","30","11,6",Viga de concreto protendido,3.8348,-51.80735,"4",04/02/2026,18/02/2026,,20<OAE<=60m (A2),1,,InR
250034,Ponte sobre o Igarapé Patauá,AP,156,"819,34","36,7","12,7",Viga de concreto protendido,3.83668333,-51.81216667,"4",04/02/2026,18/02/2026,,20<OAE<=60m (A2),1,,InR
150136,"Pontilhão km 390,41",MA,316,"390,41","6","8",Laje de concreto armado,-4.1738,-44.53851667,"3",20/01/2026,,19/02/2026,OAE<=20m (A1),7,"Alto nível d’água, sem acesso",InR
150218,Ponte sobre o Córrego Alto Alegre,MA,135,"201,07","7,67","12,9",Viga de concreto armado,-4.19866667,-44.45623333,"4",20/01/2026,18/02/2026,,OAE<=20m (A1),6,,InR
150151,"Ponte km 183,50",MA,135,"183,5","11,42","7,25",Viga de concreto armado,-4.05105,-44.47165,"2",20/01/2026,18/02/2026,,OAE<=20m (A1),5,,InR
150127,"Ponte km 188,25",MA,135,"188,25","17,55","8,4",Viga de concreto armado,-4.09363333,-44.4728,"2",20/01/2026,18/02/2026,,OAE<=20m (A1),5,,InR
230073,Ponte sobre o Ribeirão Santa Cruz,TO,242,"237,03","50","13",Viga de concreto protendido,-12.25456748,-48.13847828,"4",05/02/2026,18/02/2026,,20<OAE<=60m (A2),1,,InR
230102,Ponte sobre o Córrego Pistola,TO,242,"241,44","50","13,05",Viga de concreto protendido,-12.23104268,-48.17072069,"4",05/02/2026,18/02/2026,,20<OAE<=60m (A2),1,,InR
250038,Ponte sobre o Igarapé Patauá II,AP,156,"821,04","63,6","11,5",Viga de concreto protendido,3.84436667,-51.82101667,"4",04/02/2026,19/02/2026,,60>OAE<=120m (A3),1,,InR
150201,Ponte sobre o Igarapé Canaã,MA,316,"385,73","6,5","8,3",Viga de concreto armado,-4.19705,-44.57265,"4",20/01/2026,,19/02/2026,OAE<=20m (A1),7,"Alto nível d’água, sem acesso",InR
150135,Ponte sobre o Rio Piratininga,MA,316,"380,78","47","13",Não informado,-4.2118,-44.61461667,"3",20/01/2026,19/02/2026,,20<OAE<=60m (A2),7,,InR
150134,Ponte sobre o Igarapé Santo Antônio,MA,316,"377,21","10,85","8",Viga de concreto armado,-4.21345,-44.64601667,"2",20/01/2026,,19/02/2026,OAE<=20m (A1),7,"Alto nível d’água, sem acesso",InR
180131,Ponte sobre o Rio Jenipapo,PI,222,"26,95","16","10",Laje de concreto armado,-4.00368333,-41.44896667,"3",04/12/2025,19/02/2026,,OAE<=20m (A1),15,,InR
180126,Ponte sobre o Rio Piracuruca,PI,222,"42,45","70","10",Viga caixão de concreto armado,-4.08293999,-41.55739999,"1",04/12/2025,19/02/2026,,60>OAE<=120m (A3),15,,InR
180185,Ponte Inservível sobre o Rio Piracuruca,PI,222,"42,45","61,8","5,9",Viga de concreto armado,-4.08268333,-41.55751667,"2",04/12/2025,19/02/2026,,20<OAE<=60m (A2),15,,InR
180132,Ponte sobre o Riacho do Acauã,PI,222,"53,29","10,75","9,9",Laje de concreto armado,-4.14328333,-41.63258333,"3",04/12/2025,19/02/2026,,OAE<=20m (A1),15,,InR
180127,Ponte sobre o Riacho Grande,PI,222,"124,64","16,3","8,2",Viga de concreto armado,-4.02811667,-42.06438333,"1",04/12/2025,19/02/2026,,OAE<=20m (A1),16,,InR
180173,Ponte sobre o Rio dos Matos,PI,222,"86,02","17,9","4",Laje de concreto armado,-4.23977806,-41.84261733,"2",04/12/2025,19/02/2026,,OAE<=20m (A1),16,,InR
180186,"Ponte km 84,52",PI,222,"84,52","13,07","6",Mista (viga metálica e laje de concreto),-4.24013333,-41.82855,"4",04/12/2025,19/02/2026,,OAE<=20m (A1),16,,InR
230103,Ponte sobre o Rio Tocantins,TO,242,"283,11","800","11,15",Viga de concreto protendido,-12.2099,-48.4637,"2",05/02/2026,19/02/2026,,500<OAE<=1000m (A5),1,,InR
150070,Ponte sobre o Rio Itapecuru,MA,135,"431,04","81","10,1",Viga de concreto armado,-6.02083333,-44.24925,"3",20/01/2026,20/02/2026,,60>OAE<=120m (A3),17,,InR
150084,Ponte sobre o Riacho Curimatá,MA,135,"432,5","93","13",Viga de concreto armado,-6.03071667,-44.24105,"4",20/01/2026,20/02/2026,,60>OAE<=120m (A3),17,,InR
150068,Ponte sobre o Riacho Balseiro,MA,135,"493,47","30","12,8",Viga de concreto armado,-6.40453333,-43.99601667,"4",20/01/2026,20/02/2026,,20<OAE<=60m (A2),17,,InR
180025,Ponte sobre o Riacho da Brasileira,PI,343,"162,39","13,1","8,25",Viga de concreto armado,-4.09391236,-41.78130952,"3",04/12/2025,20/02/2026,,OAE<=20m (A1),17,,InR
180036,Ponte sobre o Riacho da Conceição,PI,343,"160,1","7,7","8,2",Viga de concreto armado,-4.07425161,-41.77475002,"2",04/12/2025,20/02/2026,,OAE<=20m (A1),17,,InR
180024,Ponte sobre o Riacho Gado Bravo,PI,343,"156,66","7,8","8,3",Viga de concreto armado,-4.0439764,-41.77157636,"2",04/12/2025,20/02/2026,,OAE<=20m (A1),17,,InR
180035,"Pontilhão km 155,73",PI,343,"155,73","5,67","12,34",Viga de concreto armado,-4.03561667,-41.77171667,"2",04/12/2025,20/02/2026,,OAE<=20m (A1),17,,InR
150206,Ponte sobre o Rio Cocal,MA,402,"175,32","50","9,1",Mista (viga metálica e laje de concreto),-2.8538766,-42.95146029,"1",20/01/2026,23/02/2026,,20<OAE<=60m (A2),2,,InR
150062,Ponte sobre o Rio Alegre,MA,402,"134,98","50","9,1",Mista (viga metálica e laje de concreto),-2.79935,-43.28441667,"2",20/01/2026,23/02/2026,,20<OAE<=60m (A2),2,,InR
150171,Ponte sobre o Riacho do Barreiro,MA,230,"111,67","16","8,2",Viga de concreto armado,-6.51156667,-43.86125,"3",20/01/2026,23/02/2026,,OAE<=20m (A1),17,,InR
180011,Ponte sobre o Rio Piracuruca,PI,343,"141,97","80","8,3",Viga de concreto armado,-3.93694119,-41.7169211,"3",04/12/2025,23/02/2026,,60>OAE<=120m (A3),17,,InR
180056,"Pontilhão km 119,05",PI,343,"119,05","4,8","12,4",Laje de concreto armado,-3.73563333,-41.68238333,"4",04/12/2025,23/02/2026,,OAE<=20m (A1),17,,InR
180180,Pontilhão sobre o Afluente do Rio Jacaraí I,PI,343,"118,84","3,65","12,4",Laje de concreto armado,-3.73385,-41.68245,"4",04/12/2025,23/02/2026,,OAE<=20m (A1),17,,InR
180106,Ponte sobre o Rio Jacareí,PI,343,"118,79","30,2","12,85",Viga de concreto armado,-3.73326667,-41.68248333,"4",04/12/2025,23/02/2026,,20<OAE<=60m (A2),17,,InR
180182,"Pontilhão km 97,20",PI,343,"97,2","4,8","14,35",Laje de concreto armado,-3.54903333,-41.71035,"2",04/12/2025,23/02/2026,,OAE<=20m (A1),17,,InR
230104,Ponte Sobre o Rio Santa Tereza,TO,242,"323,41","250","8,59",Viga de concreto armado,-11.98355,-48.65575,"3",05/02/2026,23/02/2026,,120<OAE<=500m (A4),1,,InR
250001,Ponte sobre o Rio Oiapoque,AP,156,"822,5","378","15,7",Estaiada com vigamento de concreto protendido,3.85541667,-51.82498333,"4",04/02/2026,24/02/2026,,120<OAE<=500m (A4),1,,InR
180034,Ponte sobre o Rio Piranji,PI,343,"42,78","17,6","8,3",Viga de concreto armado,-3.16280414,-41.82471239,"2",04/12/2025,24/02/2026,,OAE<=20m (A1),18,,InR
180071,Ponte sobre o Rio Parnaíba,PI,402,"0","620","13,05",Viga de concreto protendido,-3.09398333,-41.90131667,"3",04/12/2025,24/02/2026,,500<OAE<=1000m (A5),18,,InR
180181,Pontilhão sobre o Afluente do Rio Piranji,PI,343,"41,1","3,9","13",Laje de concreto armado,-3.15394071,-41.81406092,"2",04/12/2025,24/02/2026,,OAE<=20m (A1),18,,InR
180072,"Ponte km 39,62",PI,402,"39,62","7,3","9,2",Laje de concreto armado,-2.9655,-41.71115,"2",04/12/2025,,24/02/2026,OAE<=20m (A1),19,OAC - Bueiro,InR
180178,Ponte sobre a Lagoa do Portinho,PI,402,"43,58","13,55","10,3",Laje de concreto armado,-2.99906667,-41.70465,"2",04/12/2025,,24/02/2026,OAE<=20m (A1),19,OAC - Bueiro,InR
180073,Ponte sobre o Riacho Canto do Morro,PI,402,"43,61","9,4","11",Laje de concreto armado,-2.99931667,-41.70461667,"2",04/12/2025,24/02/2026,,OAE<=20m (A1),19,,InR
230058,Ponte sobre o Ribeirão São José Grande,TO,242,"331,22","40","8,95",Viga de concreto armado,-11.9271,-48.70033333,"4",05/02/2026,24/02/2026,,20<OAE<=60m (A2),1,,InR
230105,Ponte sobre o Rio Santo Antônio,TO,242,"353,91","94,5","9",Viga de concreto protendido,-11.85995,-48.88721667,"4",05/02/2026,24/02/2026,,60>OAE<=120m (A3),1,,InR
230055,Ponte sobre o Córrego Água Franca,TO,242,"369,4","26","9,1",Viga de concreto armado,-11.7717,-48.98565,"4",05/02/2026,24/02/2026,,20<OAE<=60m (A2),1,,InR
230110,Viaduto sobre a Ferrovia Norte Sul,TO,242,"370,05","9,05","13,15",Laje de concreto armado,-11.76666667,-48.98885,"4",05/02/2026,24/02/2026,,OAE<=20m (A1),1,,InR
150209,Ponte sobre o Rio Munin,MA,402,"36,77","291","9,58",Mista (viga metálica e laje de concreto),-2.85961667,-44.05191667,"4",20/01/2026,25/02/2026,,120<OAE<=500m (A4),2,Em manutenção,InR
150058,"Ponte km 25,908",MA,402,"25,91","10","8,2",Viga de concreto armado,-2.90763333,-44.12683333,"3",20/01/2026,,26/02/2026,OAE<=20m (A1),2,OAC - Bueiro,InR
180014,Ponte sobre o Rio Ubatuba,PI,402,"99,59","45,85","8,2",Viga de concreto armado,-3.07858333,-41.25518333,"1",04/12/2025,,26/02/2026,20<OAE<=60m (A2),19,Em obras,InR
180013,Ponte sobre o Rio da Várzea,PI,402,"65,92","18,2","8,4",Viga de concreto armado,-3.09413816,-41.53242713,"1",04/12/2025,27/02/2026,,OAE<=20m (A1),19,,InR
180008,Ponte sobre o Rio Camurupim,PI,402,"77,42","51,4","8,3",Viga de concreto armado,-3.07861281,-41.44088864,"1",04/12/2025,27/02/2026,,20<OAE<=60m (A2),19,,InR
180154,Ponte sobre o Rio Gamboa,PI,402,"85,15","7,4","7,6",Laje de concreto armado,-3.05692373,-41.37553072,"3",04/12/2025,27/02/2026,,OAE<=20m (A1),19,,InR
180074,Ponte sobre o Afluente do Rio Camelo,PI,402,"92,9","4,6","11",Laje de concreto armado,-3.05842492,-41.31035409,"1",04/12/2025,27/02/2026,,OAE<=20m (A1),19,,InR
230107,Ponte sobre o Córrego Grotão,TO,242,"419,09","19,41","10",Viga de concreto armado,-11.93726667,-49.27151667,"3",05/02/2026,27/02/2026,,OAE<=20m (A1),2,,InR
230109,Ponte sobre Ribeirão Gameleira,TO,242,"438,74","75","10",Viga de concreto armado,-11.85455,-49.42005,"3",05/02/2026,27/02/2026,,60>OAE<=120m (A3),2,,InR
230106,Ponte sobre o Córrego Papagaio,TO,242,"448,69","17,8","9,68",Viga de concreto armado,-11.81901667,-49.49196667,"3",05/02/2026,27/02/2026,,OAE<=20m (A1),2,,InR
150142,Ponte sobre o Igarapé do Fugido,MA,135,"92,62","7,3","8,4",Viga de concreto armado,-3.31176667,-44.42821667,"2",20/01/2026,02/03/2026,,OAE<=20m (A1),3,,InR
150143,Ponte sobre o Igarapé do Fugido,MA,135,"92,75","6,7","8,2",Viga de concreto armado,-3.31268333,-44.42901667,"2",20/01/2026,02/03/2026,,OAE<=20m (A1),3,,InR
150160,"Ponte km 213,07",MA,222,"213,07","10,5","8,4",Viga de concreto armado,-3.36306667,-44.40018333,"4",20/01/2026,02/03/2026,,OAE<=20m (A1),4,,InR
150074,"Ponte km 214,93",MA,222,"214,93","17,3","8,4",Viga de concreto armado,-3.35258333,-44.41275,"3",20/01/2026,02/03/2026,,OAE<=20m (A1),4,,InR
150105,Ponte sobre o Rio Flechas,MA,222,"217,71","6,4","8,3",Viga de concreto armado,-3.33945,-44.43285,"4",20/01/2026,,02/03/2026,OAE<=20m (A1),4,"Alto nível d’água, sem acesso",InR
230074,Ponte sobre o Rio Formoso,TO,242,"478,86","170","5",Viga de concreto armado,-11.79328333,-49.76248333,"3",05/02/2026,02/03/2026,,120<OAE<=500m (A4),2,,InR
150139,"Ponte km 77,20",MA,135,"77,2","6,7","8,4",Viga de concreto armado,-3.19743333,-44.35805,"3",20/01/2026,03/03/2026,,OAE<=20m (A1),3,,InR
150140,Ponte sobre o Igarapé Carema,MA,135,"79,15","12,2","9,3",Viga de concreto armado,-3.21341667,-44.36221667,"2",20/01/2026,03/03/2026,,OAE<=20m (A1),3,,InR
150141,"Ponte km 82,91",MA,135,"82,91","7,2","8,2",Viga de concreto armado,-3.24241667,-44.37608333,"3",20/01/2026,03/03/2026,,OAE<=20m (A1),3,,InR
150120,"Ponte km 84,61",MA,135,"84,61","7,1","8,2",Viga de concreto armado,-3.25418333,-44.38585,"2",20/01/2026,,06/04/2026,OAE<=20m (A1),3,"Alto nível d’água, sem acesso",InR
230114,"Ponte km 480,20",TO,242,"480,2","46","9",Viga de concreto armado,-11.78945,-49.77415,"4",05/02/2026,03/03/2026,,20<OAE<=60m (A2),2,,InR
230113,"Ponte km 496,83",TO,242,"496,83","20","4,1",Viga de concreto armado,-11.77665,-49.91618333,"4",05/02/2026,03/03/2026,,OAE<=20m (A1),2,,InR
230112,"Ponte km 497,35",TO,242,"497,35","20","4,15",Viga de concreto armado,-11.77958333,-49.91978333,"3",05/02/2026,03/03/2026,,OAE<=20m (A1),2,,InR
150138,"Ponte km 71,70",MA,135,"71,7","6,5","8,3",Viga de concreto armado,-3.15518333,-44.33245,"3",20/01/2026,04/03/2026,,OAE<=20m (A1),3,,InR
150085,"Ponte km 73,27",MA,135,"73,27","12,1","8,3",Viga de concreto armado,-3.16763333,-44.33936667,"3",20/01/2026,04/03/2026,,OAE<=20m (A1),3,,InR
260037,Ponte sobre o Igarapé Piaia,RR,174,"30,50","30,3","9,7",Viga de concreto armado,-0.59923333,-60.61086667,"4",05/02/2026,04/03/2026,,20<OAE<=60m (A2),1,,InR
260038,Ponte sobre o Igarapé Kama'a,RR,174,"42,00","45,6","10,1",Viga de concreto protendido,-0.50133333,-60.6467,"4",05/02/2026,04/03/2026,,20<OAE<=60m (A2),1,,InR
260060,Ponte sobre o Igarapé Xeri,RR,174,"66,50","30,5","10",Viga de concreto armado,-0.28763333,-60.69258333,"4",05/02/2026,05/03/2026,,20<OAE<=60m (A2),1,,InR
260014,Ponte sobre o Igarapé Xekipi,RR,174,"73,00","46","9,9",Viga de concreto armado,-0.22855,-60.69201667,"4",05/02/2026,07/03/2026,,20<OAE<=60m (A2),1,,InR
260016,Ponte sobre o Rio Branquinho,RR,174,"88,50","106,5","9,6",Viga de concreto armado,-0.09245,-60.69878333,"4",05/02/2026,09/03/2026,,60>OAE<=120m (A3),1,,InR
260028,Ponte sobre o Igarapé Arruda,RR,174,"102,83","51","10,1",Viga de concreto armado,0.01848333,-60.64326667,"2",05/02/2026,10/03/2026,,20<OAE<=60m (A2),1,,InR
260034,Ponte sobre o Igarapé Capitão Junqueira,RR,174,"108,51","50,6","9,9",   ,0.06276667,-60.61943333,"4",05/02/2026,10/03/2026,,20<OAE<=60m (A2),1,,InR
20001,Ponte sobre o Rio Guamá,PA,10,"320,43","184","10,3",Viga de concreto armado,-1.63071667,-47.4848,"2",19/03/2026,19/03/2026,,120<OAE<=500m (A4),3,,InR
260033,Ponte sobre o Rio Matim,RR,174,"121,00","63,1","9,9",Viga de concreto armado,0.15225,-60.55226667,"3",05/02/2026,11/03/2026,,60>OAE<=120m (A3),1,,InR
260023,Ponte sobre o Igarapé Tenente Barreiro,RR,174,"123,22","35","11",Viga de concreto armado,0.16813333,-60.54221667,"3",05/02/2026,11/03/2026,,20<OAE<=60m (A2),1,,InR
20002,Ponte sobre o Rio Paraquiteua,PA,10,"319,32","20,3","10,1",Laje de concreto armado,-1.6396,-47.48771667,"2",19/03/2026,20/03/2026,,OAE<=20m (A1),3,,InR
260029,Ponte sobre o Igarapé dos Peixes,RR,174,"137,71","76","10,2",Viga de concreto armado,0.29481667,-60.52145,"4",05/02/2026,12/03/2026,,60>OAE<=120m (A3),1,,InR
260004,Ponte sobre o Rio Trairi,RR,174,"143,61","121,4","10",Viga de concreto armado,0.34676667,-60.5157,"4",05/02/2026,12/03/2026,,60>OAE<=120m (A3),1,,InR
20226,Viaduto Tucuruí,PA,422,"74,03","10,7","10,72",Viga de concreto armado,-3.77081667,-49.67316667,"4",19/03/2026,,,OAE<=20m (A1),12,,InR
20233,Ponte sobre o Rio Caripi,PA,422,"62,94","714,5","13,2",Mista (viga metálica e laje de concreto),-3.85691667,-49.67968333,"2",19/03/2026,,,500<OAE<=1000m (A5),12,,InR
260036,Ponte sobre o Igarapé Evaristo,RR,174,"151,32","82","10",Viga de concreto armado,0.4092,-60.48548333,"3",05/02/2026,13/03/2026,,60>OAE<=120m (A3),1,,InR
260027,Ponte sobre o Igarapé Fontinelle,RR,174,"153,11","35,6","9,9",Viga de concreto armado,0.42453333,-60.4788,"4",05/02/2026,13/03/2026,,20<OAE<=60m (A2),1,,InR
260041,Ponte sobre o Igarapé Tenente Mendonça,RR,174,"157,92","47,2","10,1",Viga de concreto armado,0.46635,-60.47045,"4",05/02/2026,14/03/2026,,20<OAE<=60m (A2),1,,InR
260008,Ponte sobre o Rio Jauaperi,RR,174,"163,21","222,8","7,8",Mista (viga metálica e laje de concreto),0.51406667,-60.46586667,"4",05/02/2026,15/03/2026,,120<OAE<=500m (A4),1,,InR
20434,Passarela,PA,422,"70,95","0","-",Não informado,-3.80392003,-49.67440033,"-",19/03/2026,,,OAE<=20m (A1),12,Passarela,InCR
180012,Ponte sobre o Riacho Várzea do Mel,PI,316,"191,81","8,7","8,1",Viga de concreto armado,-6.31610665,-41.89925763,"2",04/12/2025,16/03/2026,,OAE<=20m (A1),11,,InR
180093,Ponte sobre o Rio Campo Largo,PI,316,"185,93","16,8","8,3",Viga de concreto armado,-6.28611667,-41.94016667,"4",04/12/2025,16/03/2026,,OAE<=20m (A1),11,,InR
180149,Pontilhão sobre o Riacho Taboca,PI,316,"185,15","5,6","8,3",Viga de concreto armado,-6.2808,-41.94483333,"3",04/12/2025,16/03/2026,,OAE<=20m (A1),11,,InR
180003,Ponte sobre o Rio São Vicente,PI,316,"172,16","48,2","8,2",Viga de concreto armado,-6.23358687,-42.02552373,"2",04/12/2025,16/03/2026,,20<OAE<=60m (A2),11,,InR
180148,Ponte sobre o Riacho da Porta,PI,316,"170,21","26,3","8,2",Viga de concreto armado,-6.2397,-42.04118333,"2",04/12/2025,16/03/2026,,20<OAE<=60m (A2),11,,InR
180004,Pontilhão sobre o Riacho Banguê,PI,316,"165,26","5,75","8,2",Viga de concreto armado,-6.21746895,-42.07960324,"2",04/12/2025,16/03/2026,,OAE<=20m (A1),11,,InR
180147,Ponte sobre o Riacho Coroatá,PI,316,"159,28","26","8,25",Viga de concreto armado,-6.18701667,-42.12235,"3",04/12/2025,16/03/2026,,20<OAE<=60m (A2),11,,InR
180092,Ponte sobre o Rio Varzeal,PI,316,"152,15","24,5","9",Laje de concreto armado,-6.1338,-42.14963333,"3",04/12/2025,16/03/2026,,20<OAE<=60m (A2),11,,InR
180091,Ponte sobre o Afluente do Rio Beriengas,PI,316,"109,72","11,4","10",Laje de concreto armado,-5.88135867,-42.41939401,"4",04/12/2025,16/03/2026,,OAE<=20m (A1),11,,InR
180145,Ponte sobre o Rio Beriengas,PI,316,"106,45","64","8,4",Viga de concreto armado,-5.85860268,-42.43618925,"4",04/12/2025,16/03/2026,,60>OAE<=120m (A3),11,,InR
180090,Ponte sobre o Riacho do Mocambo,PI,316,"101,43","11,2","8,6",Viga de concreto armado,-5.83836667,-42.47555,"3",04/12/2025,16/03/2026,,OAE<=20m (A1),11,,InR
180023,Ponte sobre o Riacho Riachão do Natal II,PI,316,"69,74","16,4","9,85",Viga de concreto armado,-5.65585,-42.59115,"2",04/12/2025,16/03/2026,,OAE<=20m (A1),11,,InR
180171,Pontilhão sobre o Afluente do Riacho Riachão Natal,PI,316,"68,21","3,5","10",Laje de concreto armado,-5.64206168,-42.59196168,"3",04/12/2025,16/03/2026,,OAE<=20m (A1),11,,InR
180046,Ponte sobre o Riacho da Cobra,PI,316,"64,64","8,7","10",Viga de concreto armado,-5.61413333,-42.60483333,"3",04/12/2025,16/03/2026,,OAE<=20m (A1),11,,InR
180089,Ponte sobre o Riacho Curral de Pedra,PI,316,"63,42","12","9,95",Laje de concreto armado,-5.60516667,-42.61118333,"4",04/12/2025,16/03/2026,,OAE<=20m (A1),11,,InR
180043,"Ponte km 60,97",PI,316,"60,97","22","9,75",Viga de concreto armado,-5.58366667,-42.61505,"3",04/12/2025,16/03/2026,,OAE<=20m (A1),11,,InR
180087,Ponte sobre o Riacho Riachão do Natal,PI,316,"58,45","12,4","11,6",Laje de concreto armado,-5.56141429,-42.61286619,"4",04/12/2025,16/03/2026,,OAE<=20m (A1),11,,InR
180102,Ponte sobre o Riacho Seco,PI,316,"54,08","8","10",Laje de concreto armado,-5.52915335,-42.63460656,"4",04/12/2025,16/03/2026,,OAE<=20m (A1),11,,InR
180086,"Ponte km 49,67",PI,316,"49,67","14","10",Laje de concreto armado,-5.49123333,-42.63983333,"4",04/12/2025,16/03/2026,,OAE<=20m (A1),11,,InR
180045,Ponte sobre o Riacho do Pereira,PI,316,"47,04","9,15","9,8",Laje de concreto armado,-5.46628542,-42.63601621,"4",04/12/2025,16/03/2026,,OAE<=20m (A1),11,,InR
180088,Ponte sobre o Rio Barreiro,PI,316,"45,64","6,7","10,8",Laje de concreto armado,-5.45312029,-42.63442473,"4",04/12/2025,16/03/2026,,OAE<=20m (A1),11,,InR
180044,Ponte sobre o Rio Canabrava,PI,316,"41,64","6,75","9,9",Viga de concreto armado,-5.41636957,-42.64179888,"3",04/12/2025,16/03/2026,,OAE<=20m (A1),11,,InR
180084,Ponte sobre o Riacho Bacuri,PI,316,"40,23","12,1","10,1",Laje de concreto armado,-5.40559489,-42.64980023,"4",04/12/2025,16/03/2026,,OAE<=20m (A1),11,,InR
180022,Ponte sobre o Rio Anaja,PI,316,"36,99","8,75","10",Viga de concreto armado,-5.38463333,-42.67096667,"3",04/12/2025,16/03/2026,,OAE<=20m (A1),11,,InR
180085,Ponte sobre o Riacho Marimba,PI,316,"27,8","10","9,9",Laje de concreto armado,-5.31585,-42.70193333,"4",04/12/2025,16/03/2026,,OAE<=20m (A1),11,,InR
180184,"Viaduto km 18,07",PI,316,"18,07","31,7","12,85",Viga de concreto protendido,-5.24531667,-42.73441667,"4",04/12/2025,16/03/2026,,20<OAE<=60m (A2),11,,InR
180202,"Viaduto km 10,89",PI,316,"10,89","62,8","24,9","-",-5.19077201,-42.76114938,"-",04/12/2025,16/03/2026,,60>OAE<=120m (A3),11,,InCR
180083,"Viaduto km 5,43",PI,316,"5,43","36","20,8",Viga de concreto armado,-5.1438,-42.77825,"4",04/12/2025,16/03/2026,,20<OAE<=60m (A2),11,,InR
180200,Passarela,PI,316,"5,02","0","-",Não informado,-5.14195,-42.7815,"-",04/12/2025,16/03/2026,,OAE<=20m (A1),11,Passarela,InCR
180082,"Viaduto km 3,89",PI,316,"3,89","36","20,55",Laje de concreto armado,-5.13571667,-42.7896,"4",04/12/2025,16/03/2026,,20<OAE<=60m (A2),11,,InR
180199,Passarela,PI,316,"3,12","0","-",Não informado,-5.12941667,-42.79273333,"-",04/12/2025,16/03/2026,,OAE<=20m (A1),11,Passarela,InCR
180196,Viaduto,PI,226,"272,38","195","15,5",Não informado,-5.12284088,-42.79547501,"-",04/12/2025,16/03/2026,,120<OAE<=500m (A4),12,,InCR
180112,"Viaduto km 271,39",PI,226,"271,39","11,45","12,5",Laje de concreto armado,-5.11893333,-42.78715,"4",04/12/2025,16/03/2026,,OAE<=20m (A1),12,,InR
180197,Passarela,PI,226,"271,17","0","-",Não informado,-5.11819935,-42.78560638,"-",04/12/2025,16/03/2026,,OAE<=20m (A1),12,Passarela,InCR
180111,Viaduto sobre a BR-226,PI,226,"270,91","12,3","10,75",Laje de concreto armado,-5.11706667,-42.78335,"4",04/12/2025,16/03/2026,,OAE<=20m (A1),12,,InR
180002,Ponte sobre o Rio Poti II,PI,226,"270,13","363","14,8",Viga de concreto protendido,-5.11405,-42.77698333,"3",04/12/2025,16/03/2026,,120<OAE<=500m (A4),12,,InR
180101,"Viaduto km 267,16 sobre Ferrovia",PI,226,"267,16","55","13",Viga de concreto protendido,-5.09351667,-42.76228333,"4",04/12/2025,16/03/2026,,20<OAE<=60m (A2),12,,InR
180010,Ponte sobre o Rio Poti (LE),PI,343,"4,81","427","9,7",Viga de concreto armado,-5.08186667,-42.79353333,"2",04/12/2025,16/03/2026,,120<OAE<=500m (A4),13,,InR
180151,Ponte sobre o Rio Poti (LD),PI,343,"4,81","427","14,52",Viga caixão de concreto armado,-5.08165,-42.79363333,"4",04/12/2025,16/03/2026,,120<OAE<=500m (A4),13,,InR
180172,Ponte sobre o Rio Poti (Central),PI,343,"4,81","427","10,75",Mista (viga metálica e laje de concreto),-5.08173333,-42.79358333,"2",04/12/2025,16/03/2026,,120<OAE<=500m (A4),13,,InR
180039,Ponte sobre o Rio Raposo Afluente,PI,343,"290,77","9","10,15",Laje de concreto armado,-4.95155,-42.3515,"3",04/12/2025,16/03/2026,,OAE<=20m (A1),13,,InR
180183,Viaduto sobre a BR-343,PI,343,"326,73","31,7","12,95",Viga de concreto protendido,-5.07118333,-42.62341667,"4",04/12/2025,16/03/2026,,20<OAE<=60m (A2),13,,InR
180103,Pontilhão sobre o Afluente do Rio Surubim III,PI,343,"281,32","4,6","13,4",Laje de concreto armado,-4.92250236,-42.27257131,"3",04/12/2025,16/03/2026,,OAE<=20m (A1),13,,InR
180053,Ponte sobre o Riacho São Paulo,PI,343,"282,92","10,9","9,97",Viga de concreto armado,-4.9273,-42.2862,"4",04/12/2025,16/03/2026,,OAE<=20m (A1),13,,InR
180031,Ponte sobre o Afluente do Riacho São Paulo I,PI,343,"283,14","7","10,05",Viga de concreto armado,-4.92812525,-42.28790632,"2",04/12/2025,16/03/2026,,OAE<=20m (A1),13,,InR
180078,"Pontilhão km 283,73",PI,343,"283,73","4,6","13,3",Laje de concreto armado,-4.93055,-42.29276667,"3",04/12/2025,16/03/2026,,OAE<=20m (A1),13,,InR
180079,"Pontilhão km 289,03",PI,343,"289,03","4,5","12,25",Laje de concreto armado,-4.94595,-42.3374,"3",04/12/2025,16/03/2026,,OAE<=20m (A1),13,,InR
180057,"Pontilhão km 290,20",PI,343,"290,2","4,5","13,33",Laje de concreto armado,-4.95061667,-42.34656667,"3",04/12/2025,16/03/2026,,OAE<=20m (A1),13,,InR
180107,"Pontilhão km 275,14",PI,343,"275,14","4,5","13,55",Laje de concreto armado,-4.888,-42.23281667,"3",04/12/2025,16/03/2026,,OAE<=20m (A1),13,,InR
180108,Ponte sobre o Riacho do Alegre,PI,343,"279,77","30","10",Laje de concreto armado,-4.91843333,-42.25928333,"4",04/12/2025,16/03/2026,,20<OAE<=60m (A2),13,,InR
180033,Ponte sobre o Rio Jenipapo,PI,343,"256,13","150,69","9",Viga de concreto armado,-4.77896667,-42.11551667,"3",04/12/2025,16/03/2026,,120<OAE<=500m (A4),13,,InR
180054,Ponte sobre o Rio Corrente,PI,343,"208,08","27,7","12,8",Arco inferior de concreto armado,-4.4294,-41.90085,"4",04/12/2025,16/03/2026,,20<OAE<=60m (A2),14,,InR
180027,Ponte sobre o Riacho Santo Antônio,PI,343,"195,66","10,9","10,3",Viga de concreto armado,-4.35844712,-41.8156276,"2",04/12/2025,16/03/2026,,OAE<=20m (A1),14,,InR
180055,Ponte sobre o Riacho Macambira,PI,343,"191,98","6,71","12,5",Viga de concreto armado,-4.3332,-41.79453333,"3",04/12/2025,16/03/2026,,OAE<=20m (A1),14,,InR
20435,Passarela,PA,422,"73,74","0","-",Não informado,-3.77982998,-49.6762619,"-",19/03/2026,,,OAE<=20m (A1),12,Passarela,InCR
260010,Ponte sobre o Igarapé Irajá,RR,174,"177,30","30,3","9,8",Viga de concreto armado,0.64068333,-60.45515,"4",05/02/2026,17/03/2026,,20<OAE<=60m (A2),1,,InR
260039,Ponte sobre o Igarapé Jaburu,RR,174,"178,00","32,8","9,9",Viga de concreto armado,0.6476,-60.45383333,"3",05/02/2026,17/03/2026,,20<OAE<=60m (A2),1,,InR
20110,Ponte sobre o Rio Jacarézinho,PA,230,"423,88","40,6","12,8",Viga de concreto protendido,-3.81343333,-50.71146667,"4",19/03/2026,,,20<OAE<=60m (A2),13,,InR
20112,Ponte sobre o Igarapé Jacaré,PA,230,"446,92","41,5","12,8",Viga de concreto protendido,-3.72738333,-50.8763,"4",19/03/2026,,,20<OAE<=60m (A2),13,,InR
260009,Ponte sobre o Igarapé Seabra,RR,174,"182,40","63,3","10",Viga de concreto armado,0.68646667,-60.44651667,"4",05/02/2026,18/03/2026,,60>OAE<=120m (A3),1,,InR
260012,Ponte sobre o Igarapé Tenente Sá Neto,RR,174,"194,09","45,6","9,6",Viga de concreto armado,0.78823333,-60.44938333,"4",05/02/2026,18/03/2026,,20<OAE<=60m (A2),1,,InR
20113,Ponte sobre o Rio Aruanã,PA,230,"449,02","61","12,8",Viga de concreto protendido,-3.71741667,-50.8912,"4",19/03/2026,,,20<OAE<=60m (A2),13,,InR
20245,"Ponte km 380,40",PA,230,"380,4","26,5","12,8",Viga de concreto protendido,-3.90565,-50.3634,"4",19/03/2026,,,20<OAE<=60m (A2),13,,InR
260062,Ponte sobre o Igarapé Capitão Yamanaka,RR,174,"208,30","45,2","10,1",Viga de concreto armado,0.91215,-60.43251667,"4",05/02/2026,20/03/2026,,20<OAE<=60m (A2),1,,InR
260054,Ponte sobre o Igarapé Tenente Coronel,RR,174,"213,60","50,6","9,9",Viga de concreto armado,0.95796667,-60.41758333,"4",05/02/2026,20/03/2026,,20<OAE<=60m (A2),1,,InR
20246,Ponte sobre o Rio Pacajá,PA,230,"413,98","114,95","12,2",Mista (viga metálica e laje de concreto),-3.8355,-50.63233333,"2",19/03/2026,,,60>OAE<=120m (A3),13,,InR
20266,"Ponte km 345,28",PA,230,"345,28","36,5","12,8",Viga de concreto protendido,-4.13276667,-50.23913333,"4",19/03/2026,,,20<OAE<=60m (A2),13,,InR
260050,Ponte sobre o Igarapé Martins Pereira,RR,174,"225,10","35,2","10,2",Viga de concreto armado,1.05138333,-60.3825,"4",05/02/2026,23/03/2026,,20<OAE<=60m (A2),1,,InR
260053,Ponte sobre o Igarapé Tenente Barreto,RR,174,"229,80","35,2","10,1",Viga de concreto armado,1.09271667,-60.38751667,"4",05/02/2026,23/03/2026,,20<OAE<=60m (A2),1,,InR
20267,Ponte sobre o Rio Arataú,PA,230,"390,68","168","14,3",Mista (viga metálica e laje de concreto),-3.86115,-50.44508333,"4",19/03/2026,,,120<OAE<=500m (A4),13,,InR
20268,Ponte sobre o Igarapé Traíra,PA,230,"350,27","40,5","12,8",Viga de concreto protendido,-4.10603333,-50.27413333,"4",19/03/2026,,,20<OAE<=60m (A2),13,,InR
20269,Ponte Aparecida I,PA,230,"360,06","36,4","12,8",Viga de concreto protendido,-4.02545,-50.2867,"4",19/03/2026,,,20<OAE<=60m (A2),13,,InR
260019,Ponte sobre o Igarapé Bispo,RR,174,"233,41","20,2","9,9",Viga de concreto armado,1.12266667,-60.39846667,"4",05/02/2026,25/03/2026,,OAE<=20m (A1),1,,InR
260003,Ponte sobre o Rio Anauá,RR,174,"234,20","185","8,1",Mista (viga metálica e laje de concreto),1.1301,-60.40076667,"3",05/02/2026,25/03/2026,,120<OAE<=500m (A4),1,,InR
20270,Ponte sobre o Igarapé do Doze,PA,230,"362,56","60,3","12,8",Viga de concreto protendido,-4.00505,-50.27636667,"4",19/03/2026,,,20<OAE<=60m (A2),13,,InR
260055,Ponte sobre o Igarapé Schuller,RR,174,"262,89","15,3","9,9",Viga de concreto armado,1.28531667,-60.52043333,"4",05/02/2026,29/03/2026,,OAE<=20m (A1),2,,InR
260064,Ponte sobre o Igarapé Nelson Ribeiro,RR,174,"265,47","30,4","9,8",Viga de concreto armado,1.2899,-60.54365,"4",05/02/2026,29/03/2026,,20<OAE<=60m (A2),2,,InR
150144,"Ponte km 98,00",MA,135,"98","6,5","8,3",Viga de concreto armado,-3.34833333,-44.46038333,"3",20/01/2026,,01/04/2026,OAE<=20m (A1),5,"Alto nível d’água, sem acesso",InR
150121,"Ponte km 99,05",MA,135,"99,05","6,1","8,6",Viga de concreto armado,-3.35546667,-44.46665,"2",20/01/2026,01/04/2026,,OAE<=20m (A1),5,,InR
150145,"Ponte km 104,66",MA,135,"104,66","6,2","8,6",Viga de concreto armado,-3.39353333,-44.50041667,"2",20/01/2026,,01/04/2026,OAE<=20m (A1),5,"Alto nível d’água, sem acesso",InR
150146,"Ponte km 110,30",MA,135,"110,3","7,1","8,1",Viga de concreto armado,-3.43771667,-44.52176667,"2",20/01/2026,01/04/2026,,OAE<=20m (A1),5,,InR
150236,"Ponte km 113,67",MA,135,"113,67","6,7","8,3",Viga de concreto armado,-3.4665,-44.53158333,"4",20/01/2026,,01/04/2026,OAE<=20m (A1),5,"Alto nível d’água, sem acesso",InR
260071,Ponte sobre o Rio Anauá,RR,210,"154,97","126,5","8,1",Mista (viga metálica e laje de concreto),1.12815,-60.22353333,"4",05/02/2026,01/04/2026,,120<OAE<=500m (A4),2,,InR
150152,"Viaduto km 16,08 sobre Ferrovia",MA,135,"16,08","36","13",Viga de concreto armado,-2.56446667,-44.36198333,"4",20/01/2026,02/04/2026,,20<OAE<=60m (A2),1,,InR
150245,Viaduto sobre Esteira Rolante - Vale,MA,135,"16,36","54","13,1",Viga caixão de concreto protendido,-2.56198333,-44.36133333,"4",20/01/2026,02/04/2026,,20<OAE<=60m (A2),1,,InR
260051,Ponte sobre o Rio Dias,RR,174,"261,15","105,5","10",Viga de concreto armado,1.27561667,-60.50961667,"3",05/02/2026,02/04/2026,,60>OAE<=120m (A3),2,,InR
230111,Ponte sobre o Córrego Jesus,TO,10,"134,1","40","9,76",Viga de concreto armado,-12.28738333,-47.7174,"4",05/02/2026,04/04/2026,,20<OAE<=60m (A2),3,,InR
230115,Ponte sobre o Ribeirão Gameleira,TO,10,"149,45","50","9,8",Viga de concreto armado,-12.15665,-47.75183333,"4",05/02/2026,04/04/2026,,20<OAE<=60m (A2),3,,InR
150237,"Ponte km 118,50",MA,135,"118,5","7,3","8,15",Viga de concreto armado,-3.50671667,-44.5481,"2",20/01/2026,,06/04/2026,OAE<=20m (A1),5,"Alto nível d’água, sem acesso",InR
150238,"Ponte km 122,97",MA,135,"122,97","7,3","8,15",Viga de concreto armado,-3.54111667,-44.56825,"2",20/01/2026,,06/04/2026,OAE<=20m (A1),5,"Alto nível d’água, sem acesso",InR
150147,"Ponte km 128,96",MA,135,"128,96","11,4","8,2",Viga de concreto armado,-3.58413333,-44.57533333,"3",20/01/2026,,06/04/2026,OAE<=20m (A1),5,"Alto nível d’água, sem acesso",InR
150122,"Ponte km 129,66",MA,135,"129,66","11,6","8,4",Viga de concreto armado,-3.58986667,-44.57251667,"2",20/01/2026,,06/04/2026,OAE<=20m (A1),5,"Alto nível d’água, sem acesso",InR
150123,"Ponte km 131,51",MA,135,"131,51","11,4","8,25",Viga de concreto armado,-3.60478333,-44.5652,"3",20/01/2026,06/04/2026,,OAE<=20m (A1),5,,InR
150232,Ponte sobre o Riacho Cachoeira,MA,230,"310,74","70","8,67",Viga de concreto armado,-7.00326667,-45.45163333,"4",20/01/2026,06/04/2026,,60>OAE<=120m (A3),13,,InR
260052,Ponte sobre o Igarapé Tamandaré,RR,174,"269","30","10",Viga de concreto armado,1.3056,-60.56905,"4",05/02/2026,06/04/2026,,20<OAE<=60m (A2),2,,InR
260007,Ponte sobre o Igarapé Caleffi,RR,174,"281,7","15","9,9",Viga de concreto armado,1.39191667,-60.64378333,"4",05/02/2026,06/04/2026,,OAE<=20m (A1),2,,InR
230117,Ponte sobre o Córrego Chiqueiro,TO,10,"157,98","50","9,8",Viga de concreto armado,-12.08021667,-47.75091667,"4",05/02/2026,06/04/2026,,20<OAE<=60m (A2),3,,InR
230116,Ponte sobre o Córrego Santo Inácio,TO,10,"168,95","36","9,8",Viga de concreto armado,-12.00781667,-47.68795,"4",05/02/2026,06/04/2026,,20<OAE<=60m (A2),3,,InR
150124,"Ponte km 135,09",MA,135,"135,09","11,4","8,1",Viga de concreto armado,-3.63383333,-44.55103333,"3",20/01/2026,07/04/2026,,OAE<=20m (A1),5,,InR
150125,Ponte sobre o Igarapé Jundiaí,MA,135,"137,82","16,3","7,8",Viga de concreto armado,-3.65605,-44.54015,"2",20/01/2026,07/04/2026,,OAE<=20m (A1),5,,InR
150234,"Pontilhão km 142,61",MA,135,"142,61","6,15","8,58",Arco inferior de concreto armado,-3.695,-44.5211,"3",20/01/2026,07/04/2026,,OAE<=20m (A1),5,,InR
150126,Ponte sobre o Riacho Pau Santo,MA,135,"143,64","11,56","8,2",Viga de concreto armado,-3.70356667,-44.51771667,"2",20/01/2026,,07/04/2026,OAE<=20m (A1),5,"Alto nível d’água, sem acesso",InR
150148,Ponte sobre o Braço do Riacho Barro Branco,MA,135,"148,11","10,9","8,37",Viga de concreto armado,-3.74326667,-44.51036667,"2",20/01/2026,07/04/2026,,OAE<=20m (A1),5,,InR
150174,Ponte sobre o Rio Neves,MA,230,"317,8","70","8,6",Viga de concreto armado,-7.03711667,-45.50091667,"4",20/01/2026,07/04/2026,,60>OAE<=120m (A3),13,,InR
150036,Ponte sobre o Ribeirão do Riachão,MA,230,"362,62","30","8,6",Viga de concreto armado,-7.21946667,-45.85095,"4",20/01/2026,07/04/2026,,20<OAE<=60m (A2),13,,InR
230124,Ponte sobre o Córrego Areias,TO,10,"176,25","58,3","9,8",Viga de concreto armado,-11.97505,-47.64263333,"4",05/02/2026,07/04/2026,,20<OAE<=60m (A2),3,,InR
230081,Ponte sobre o Rio Manoel Alves,TO,10,"186,2","123,5","9",Viga de concreto armado,-11.903,-47.60175,"3",05/02/2026,07/04/2026,,120<OAE<=500m (A4),3,,InR
150149,"Ponte km 150,43",MA,135,"150,43","10,8","7,53",Viga de concreto armado,-3.76425,-44.50986667,"3",20/01/2026,08/04/2026,,OAE<=20m (A1),5,,InR
150150,"Ponte km 155,12",MA,135,"155,12","17,57","7,56",Viga de concreto armado,-3.8062,-44.512,"3",20/01/2026,08/04/2026,,OAE<=20m (A1),5,,InR
150221,Ponte sobre o Riacho Bombasa,MA,222,"262,74","7,35","7,5",Viga de concreto armado,-3.57365,-44.68325,"1",20/01/2026,08/04/2026,,OAE<=20m (A1),20,,InR
150222,"Viaduto km 263,44",MA,222,"263,44","100,1","12,75",Viga de concreto protendido,-3.57253333,-44.68956667,"4",20/01/2026,08/04/2026,,60>OAE<=120m (A3),20,,InR
150072,"Ponte km 277,81",MA,222,"277,81","16,5","8,13",Viga de concreto armado,-3.4789,-44.76676667,"2",20/01/2026,08/04/2026,,OAE<=20m (A1),20,,InR
230060,Ponte sobre o Córrego Salobro,TO,10,"207,05","44,2","8,9",Viga de concreto armado,-11.78383333,-47.71725,"3",05/02/2026,08/04/2026,,20<OAE<=60m (A2),3,,InR
230059,Ponte sobre o Rio Água Suja II,TO,10,"221,5","38","9",Viga de concreto armado,-11.67521667,-47.73366667,"4",05/02/2026,08/04/2026,,20<OAE<=60m (A2),3,,InR
230082,Ponte sobre o Rio Bagagem,TO,10,"235,7","60","9",Viga de concreto armado,-11.56535,-47.79221667,"4",05/02/2026,08/04/2026,,20<OAE<=60m (A2),3,,InR
230057,Ponte sobre o Córrego Barreiras,TO,10,"508,34","35","12,8",Viga de concreto protendido,-9.92225,-47.98681667,"4",05/02/2026,08/04/2026,,20<OAE<=60m (A2),3,,InR
230094,Ponte sobre o Rio Sono III,TO,10,"528,06","130","12,8",Viga de concreto protendido,-9.80911667,-47.88486667,"2",05/02/2026,08/04/2026,,120<OAE<=500m (A4),3,,InR
230125,Ponte sobre o Córrego Brejo D'ela,TO,10,"550,53","20","4,6",Viga de concreto armado,-9.70608333,-47.84026667,"2",05/02/2026,08/04/2026,,OAE<=20m (A1),3,,InR
150116,Ponte sobre o Rio Mearim,MA,222,"280,31","242,1","10,08",Viga de concreto protendido,-3.46108333,-44.77968333,"3",20/01/2026,09/04/2026,,120<OAE<=500m (A4),20,,InR
150107,Ponte sobre o Igarapé Jaguari,MA,222,"289,63","30","10,33",Laje de concreto armado,-3.45206667,-44.85365,"4",20/01/2026,09/04/2026,,20<OAE<=60m (A2),20,,InR
150109,Ponte sobre o Igarapé Prequeú,MA,222,"294,23","9,75","8,45",Laje de concreto armado,-3.47156667,-44.87245,"3",20/01/2026,09/04/2026,,OAE<=20m (A1),20,,InR
260013,Ponte sobre o Igarapé Kall,RR,174,"288,7","15","9,9",Viga de concreto armado,1.42643333,-60.69321667,"4",05/02/2026,09/04/2026,,OAE<=20m (A1),2,,InR
260011,Ponte sobre o Igarapé Seco,RR,174,"304,73","45","10",Viga de concreto protendido,1.48406667,-60.82195,"4",05/02/2026,09/04/2026,,20<OAE<=60m (A2),2,,InR
230083,Ponte sobre o Rio das Pedras,TO,10,"249,08","59,8","9",Viga de concreto armado,-11.48213333,-47.87053333,"3",05/02/2026,09/04/2026,,20<OAE<=60m (A2),3,,InR
230061,Ponte sobre o Ribeirão Formiguinha,TO,10,"256,93","36","9",Viga de concreto armado,-11.44566667,-47.92411667,"4",05/02/2026,09/04/2026,,20<OAE<=60m (A2),3,,InR
230092,Ponte sobre o Ribeirão Taquaruçu Grande (LD),TO,10,"431,43","79,8","12,2",Viga de concreto armado,-10.28983333,-48.29733333,"4",05/02/2026,09/04/2026,,60>OAE<=120m (A3),3,,InR
230093,Ponte sobre o Ribeirão Taquaruçu Grande (LE),TO,10,"431,43","79,3","12,3",Viga de concreto armado,-10.28983333,-48.29766667,"4",05/02/2026,09/04/2026,,60>OAE<=120m (A3),3,,InR
230063,"Viaduto km 435,75 (LD)",TO,10,"435,75","46","12",Viga caixão de concreto armado,-10.25545,-48.31126667,"4",05/02/2026,09/04/2026,,20<OAE<=60m (A2),3,,InR
230064,"Viaduto km 435,76 (LE)",TO,10,"435,76","46","12",Viga caixão de concreto armado,-10.25545,-48.31153333,"4",05/02/2026,09/04/2026,,20<OAE<=60m (A2),3,,InR
150026,Ponte sobre o Rio Cocal,MA,230,"394,63","79","8,6",Viga de concreto armado,-7.44688333,-46.00933333,"4",20/01/2026,10/04/2026,,60>OAE<=120m (A3),13,,InR
150044,Ponte sobre o Rio Maravilha,MA,230,"397,6","70","8,6",Viga de concreto armado,-7.4714,-46.01991667,"4",20/01/2026,10/04/2026,,60>OAE<=120m (A3),13,,InR
260017,Ponte sobre o Rio Itã,RR,174,"295,97","89,5","9,9",Viga de concreto armado,1.45195,-60.75201667,"3",05/02/2026,10/04/2026,,60>OAE<=120m (A3),2,,InR
260006,"Ponte km 305,83",RR,174,"305,83","45","10",Viga de concreto armado,1.48221667,-60.83166667,"4",05/02/2026,10/04/2026,,20<OAE<=60m (A2),2,,InR
230084,Ponte sobre o Rio Formiga,TO,10,"306,11","119,6","9",Viga de concreto armado,-11.27475,-48.19608333,"4",05/02/2026,10/04/2026,,60>OAE<=120m (A3),3,,InR
127,Ponte  ,TO,10,"375,733","52","10,5",Não informado,-10.9349,-48.318112,"-",05/02/2026,10/04/2026,,20<OAE<=60m (A2),3,,InCR
128,Ponte,TO,10,"384,059","80","10,5",Não informado,-10.879942,-48.355037,"-",05/02/2026,10/04/2026,,60>OAE<=120m (A3),3,,InCR
230140,Passarela,TO,10,"422,75","0","-",Não informado,-10.327673,-48.297879,"-",05/02/2026,10/04/2026,,OAE<=20m (A1),3,Passarela,InCR
230047,"Viaduto km 428,20",TO,10,"428,2","11,9","25,9",Laje de concreto armado,-10.31818333,-48.29723333,"4",05/02/2026,10/04/2026,,OAE<=20m (A1),3,,InR
260043,Ponte sobre o Rio Barauana,RR,174,"309,32","165,5","9,9",Viga de concreto armado,1.47638333,-60.86286667,"4",05/02/2026,11/04/2026,,120<OAE<=500m (A4),2,,InR
260070,"Ponte km 16,42",RR,174,"16,42","50,5","9,8",Viga de concreto protendido,2.87178333,-60.79301667,"4",05/02/2026,13/04/2026,,20<OAE<=60m (A2),5,,InR
129,Ponte,TO,10,"393,767","52","10,5",Não informado,-10.794141,-48.366352,"-",05/02/2026,13/04/2026,,20<OAE<=60m (A2),3,,InCR
131,Ponte (LD),TO,10,"406,048","53,5","10,5",Não informado,-10.702253,-48.3969,"-",05/02/2026,13/04/2026,,20<OAE<=60m (A2),3,,InCR
130,Ponte (LE),TO,10,"406,053","53,5","10,5",Não informado,-10.702081,-48.397077,"-",05/02/2026,13/04/2026,,20<OAE<=60m (A2),3,,InCR
230022,Ponte sobre o Rio São João,TO,153,"328,82","29,7","10",Viga de concreto armado,-8.7862,-48.51203333,"3",05/02/2026,13/04/2026,,20<OAE<=60m (A2),7,,InR
230021,Ponte sobre o Ribeirão Água Fria,TO,153,"307,78","39,7","8,2",Viga de concreto armado,-8.601,-48.48263333,"2",05/02/2026,13/04/2026,,20<OAE<=60m (A2),7,,InR
230020,Ponte sobre o Rio Feio,TO,153,"283,1","39,6","8,2",Viga de concreto armado,-8.38001667,-48.48915,"3",05/02/2026,13/04/2026,,20<OAE<=60m (A2),7,,InR
230019,Ponte sobre o Córrego Água Fria,TO,153,"251,48","40","10",Viga de concreto armado,-8.0994,-48.46811667,"3",05/02/2026,13/04/2026,,20<OAE<=60m (A2),7,,InR
230018,Viaduto Colinas do Tocantins II,TO,153,"245,08","22,9","12,5",Laje de concreto armado,-8.0421,-48.46623333,"4",05/02/2026,13/04/2026,,20<OAE<=60m (A2),7,,InR
230050,Viaduto Colinas do Tocantins I,TO,153,"245,02","22,9","12,5",Laje de concreto armado,-8.04156667,-48.46623333,"4",05/02/2026,13/04/2026,,20<OAE<=60m (A2),7,,InR
150091,"Ponte km 99,79",MA,222,"99,79","6,3","8,2",Viga de concreto armado,-3.702,-43.54306667,"3",20/01/2026,14/04/2026,,OAE<=20m (A1),4,,InR
150092,"Ponte km 112,85",MA,222,"112,85","10,9","8,2",Viga de concreto armado,-3.62638333,-43.61563333,"2",20/01/2026,14/04/2026,,OAE<=20m (A1),4,,InR
150093,"Ponte km 114,92",MA,222,"114,92","9,3","8,2",Viga de concreto armado,-3.61833333,-43.63245,"3",20/01/2026,14/04/2026,,OAE<=20m (A1),4,,InR
150094,Ponte sobre o Riacho Alto Alegre,MA,222,"116,41","70","10,8",Viga de concreto armado,-3.6128,-43.64478333,"2",20/01/2026,14/04/2026,,60>OAE<=120m (A3),4,,InR
150095,"Ponte km 122,15",MA,222,"122,15","13","8,2",Viga de concreto armado,-3.59778333,-43.69263333,"4",20/01/2026,14/04/2026,,OAE<=20m (A1),4,,InR
260068,Ponte sobre o Rio Cauamé,RR,174,"20,66","139","10",Viga de concreto armado,2.90438333,-60.7744,"4",05/02/2026,14/04/2026,,120<OAE<=500m (A4),5,,InR
230090,Ponte sobre o Córrego Água Suja,TO,10,"386,7","79,5","12,1",Viga de concreto armado,-10.53745,-48.37956667,"4",05/02/2026,14/04/2026,,60>OAE<=120m (A3),3,,InR
230062,Ponte sobre o Córrego Xupê,TO,10,"392","49,2","12,1",Viga de concreto armado,-10.4964,-48.3517,"5",05/02/2026,14/04/2026,,20<OAE<=60m (A2),3,,InR
230091,"Ponte km 403,00",TO,10,"403","79,5","12,1",Viga de concreto armado,-10.4114,-48.31073333,"4",05/02/2026,14/04/2026,,60>OAE<=120m (A3),3,,InR
230119,"Viaduto km 187,92 sobre Ferrovia",TO,235,"187,92","10,9","12,85",Laje de concreto armado,-8.97501667,-48.36678333,"4",05/02/2026,14/04/2026,,OAE<=20m (A1),5,,InR
230120,Ponte sobre o Rio Tocantins,TO,235,"163,59","1059","14",Viga de concreto protendido,-8.994322,-48.17600287,"3",05/02/2026,14/04/2026,,OAE>1000m (A6),5,,InR
230126,Ponte sobre o Ribeirão Gameleirinha,TO,235,"141,66","40","10,8",Viga de concreto armado,-9.04681667,-48.02255,"4",05/02/2026,14/04/2026,,20<OAE<=60m (A2),5,,InR
230128,"Ponte km 91,63",TO,235,"91,63","50","10,8",Viga de concreto armado,-9.10726667,-47.61853333,"4",05/02/2026,14/04/2026,,20<OAE<=60m (A2),5,,InR
150159,"Ponte km 130,01",MA,222,"130,01","12,4","8,2",Viga de concreto armado,-3.60766667,-43.7595,"4",20/01/2026,15/04/2026,,OAE<=20m (A1),4,,InR
150096,"Ponte km 131,74",MA,222,"131,74","11,7","8,2",Viga de concreto armado,-3.6062,-43.77501667,"4",20/01/2026,15/04/2026,,OAE<=20m (A1),4,,InR
150101,Ponte sobre o Rio Iguará,MA,222,"144,91","169","9,4",Viga de concreto protendido,-3.5523,-43.87216667,"4",20/01/2026,15/04/2026,,120<OAE<=500m (A4),4,,InR
150219,Ponte sobre o Riacho Paulica,MA,222,"157,8","70","10,85",Viga de concreto protendido,-3.52053333,-43.97453333,"3",20/01/2026,15/04/2026,,60>OAE<=120m (A3),4,,InR
150231,Ponte sobre o Rio Maravilha I,MA,230,"408,58","70","16,4",Viga de concreto armado,-7.51431667,-46.08086667,"3",20/01/2026,15/04/2026,,60>OAE<=120m (A3),13,,InR
150037,Ponte sobre o Ribeirão Coco,MA,230,"433,5","34","12,8",Viga de concreto armado,-7.45225,-46.29618333,"3",20/01/2026,15/04/2026,,20<OAE<=60m (A2),13,,InR
260031,Ponte sobre o Igarapé Azul,RR,401,"13,01","36,3","8,4",Mista (viga metálica e laje de concreto),2.82598333,-60.59296667,"4",05/02/2026,15/04/2026,,20<OAE<=60m (A2),4,,InR
260061,Ponte sobre o Igarapé Jenipapo,RR,401,"18,7","63","10,2",Mista (viga metálica e laje de concreto),2.86248333,-60.55911667,"4",05/02/2026,15/04/2026,,60>OAE<=120m (A3),4,,InR
230023,Ponte sobre o Rio Tabocão,TO,153,"359,75","60,5","10",Viga de concreto armado,-9.05936667,-48.51928333,"3",05/02/2026,15/04/2026,,20<OAE<=60m (A2),4,,InR
230053,Ponte sobre o Rio Tauá,TO,10,"780,07","14","3,7",Viga de concreto armado,-7.97968333,-47.56145,"2",05/02/2026,15/04/2026,,OAE<=20m (A1),6,,InR
230096,Ponte sobre o Rio Manuel Alves Pequeno,TO,10,"724,67","89,3","5",Viga de concreto armado,-8.38868333,-47.76848333,"2",05/02/2026,15/04/2026,,60>OAE<=120m (A3),6,,InR
230097,Ponte sobre o Córrego Aroeira,TO,10,"753,17","14","4,6",Viga de concreto armado,-8.16695,-47.68686667,"2",05/02/2026,15/04/2026,,OAE<=20m (A1),6,,InR
230045,Ponte sobre o Ribeirão Aldeia Grande,TO,10,"806,91","14,5","4",Viga de concreto armado,-7.81433333,-47.47388333,"3",05/02/2026,15/04/2026,,OAE<=20m (A1),6,,InR
150173,Ponte sobre o Rio Maravilha II,MA,230,"457,01","40","12,85",Viga de concreto armado,-7.37291667,-46.4905,"3",20/01/2026,16/04/2026,,20<OAE<=60m (A2),13,,InR
150027,Ponte sobre o Riacho  Paixão,MA,230,"494,53","40","8,6",Viga de concreto armado,-7.42663333,-46.77673333,"4",20/01/2026,16/04/2026,,20<OAE<=60m (A2),13,,InR
230138,Passarela,TO,153,"411,2","0","-",Metálica,-9.518648,-48.590797,"-",05/02/2026,16/04/2026,,OAE<=20m (A1),4,Passarela,InCR
230024,Ponte sobre o Rio dos Bois,TO,153,"392,66","60","10",Viga de concreto armado,-9.34846667,-48.53968333,"3",05/02/2026,16/04/2026,,20<OAE<=60m (A2),4,,InR
230017,Ponte sobre o Ribeirão Gameleira,TO,153,"241,08","24,5","10",Viga de concreto armado,-8.00596667,-48.4651,"3",05/02/2026,16/04/2026,,20<OAE<=60m (A2),7,,InR
230016,Ponte sobre o Córrego Arraias,TO,153,"201,53","50,9","10",Viga de concreto armado,-7.662,-48.42603333,"3",05/02/2026,16/04/2026,,20<OAE<=60m (A2),8,,InR
230015,Ponte sobre o Rio Pontes,TO,153,"154,79","35","10",Viga de concreto armado,-7.28428333,-48.27745,"4",05/02/2026,16/04/2026,,20<OAE<=60m (A2),8,,InR
230014,Ponte sobre o Rio Lontra (LD),TO,153,"145,47","35","12,45",Viga de concreto protendido,-7.20885,-48.24238333,"4",05/02/2026,16/04/2026,,20<OAE<=60m (A2),8,,InR
230044,Ponte sobre o Rio Lontra (LE),TO,153,"145,47","35","10",Viga de concreto armado,-7.20891667,-48.24226667,"3",05/02/2026,16/04/2026,,20<OAE<=60m (A2),8,,InR
230076,Ponte sobre o Rio Lontra (LE - Marginal),TO,153,"145,46","60","11,2",Viga caixão de concreto armado,-7.20896667,-48.24198333,"4",05/02/2026,16/04/2026,,20<OAE<=60m (A2),8,,InR
230147,Passarela,TO,153,"140,5","0","-",Viga de concreto armado,-7.198745,-48.237437,"-",05/02/2026,16/04/2026,,OAE<=20m (A1),8,Passarela,InCR
150251,Passarela de Dutos - Esteira,MA,135,"12,33","0","-",Treliça metálica,-2.583821,-44.340976,"-",20/01/2026,,06/04/2026,OAE<=20m (A1),1,Passagem de dutos,InCR
150202,"Ponte km 113,35",MA,402,"113,35","85","9,1",Mista (viga metálica e laje de concreto),-2.71761667,-43.4407,"2",20/01/2026,24/02/2026,,60>OAE<=120m (A3),2,,InR
150063,Ponte sobre o Rio Periá,MA,402,"106,01","70","9,15",Mista (viga metálica e laje de concreto),-2.72411667,-43.49723333,"2",20/01/2026,24/02/2026,,60>OAE<=120m (A3),2,,InR
150208,Ponte sobre o Rio Marapy,MA,402,"88,89","50","8,15",Mista (viga metálica e laje de concreto),-2.72921667,-43.63905,"4",20/01/2026,24/02/2026,,20<OAE<=60m (A2),2,,InR
150210,Ponte sobre o Rio Pacas,MA,402,"46,98","95","9,1",Mista (viga metálica e laje de concreto),-2.85095,-43.96478333,"4",20/01/2026,25/02/2026,,60>OAE<=120m (A3),2,,InR
150211,Ponte sobre o Rio Una,MA,402,"39,19","81","9,6",Mista (viga metálica e laje de concreto),-2.8515,-44.033,"4",20/01/2026,25/02/2026,,60>OAE<=120m (A3),2,,InR
150254,Ponte,MA,402,"26,4","10","-",Viga de concreto armado,-2.89769457,-44.11706892,"-",20/01/2026,26/02/2026,,OAE<=20m (A1),2,,InCR
150204,Ponte sobre o Igarapé Miritiua,MA,402,"18,8","12","8,12",Viga de concreto armado,-2.92991667,-44.17036667,"4",20/01/2026,26/02/2026,,OAE<=20m (A1),2,,InR
150055,Ponte sobre o Riacho da Corda,MA,230,"25,47","31","12",Viga de concreto armado,-6.70836667,-43.21975,"3",20/01/2026,25/02/2026,,20<OAE<=60m (A2),18,,InR
150034,Ponte sobre o Riacho do Muquém,MA,230,"32,71","42","9,2",Arco inferior de concreto armado,-6.68563333,-43.27778333,"4",20/01/2026,25/02/2026,,20<OAE<=60m (A2),18,,InR
150229,Pontilhão sobre o Riacho das Lajes,MA,230,"49,22","5,7","10,9",Laje de concreto armado,-6.61156667,-43.39963333,"4",20/01/2026,25/02/2026,,OAE<=20m (A1),18,,InR
150031,Ponte sobre o Riacho Baixãozinho,MA,230,"51,2","11","10,9",Laje de concreto armado,-6.60035,-43.41286667,"4",20/01/2026,25/02/2026,,OAE<=20m (A1),18,,InR
150032,Ponte sobre o Riacho Cachoeira II,MA,230,"7,05","11","10,8",Viga de concreto armado,-6.73913333,-43.06755,"2",20/01/2026,26/02/2026,,OAE<=20m (A1),18,,InR
150035,Ponte sobre o Rio Sucuruju,MA,230,"8,74","11","10,95",Viga de concreto armado,-6.7335,-43.08168333,"2",20/01/2026,26/02/2026,,OAE<=20m (A1),18,,InR
150030,Ponte sobre o Riacho Amola Machado,MA,230,"10,63","6","10,75",Laje de concreto armado,-6.72708333,-43.09751667,"2",20/01/2026,26/02/2026,,OAE<=20m (A1),18,,InR
150230,Ponte sobre o Riacho Grande,MA,230,"12,22","39","12,6",Viga de concreto armado,-6.72166667,-43.1107,"4",20/01/2026,26/02/2026,,20<OAE<=60m (A2),18,,InR
150045,Ponte sobre o Rio Parnaíba,MA,230,"0","317,82","14,13",Viga caixão de concreto protendido,-6.7615,-43.01093333,"3",20/01/2026,27/02/2026,,120<OAE<=500m (A4),18,,InR
150056,Ponte sobre o Riacho dos Porcos,MA,230,"4,22","9","10,8",Viga de concreto armado,-6.74826667,-43.04373333,"2",20/01/2026,27/02/2026,,OAE<=20m (A1),18,,InR
150119,"Ponte km 70,63",MA,135,"70,63","6,5","8,3",Viga de concreto armado,-3.14678333,-44.32776667,"2",20/01/2026,04/03/2026,,OAE<=20m (A1),3,,InR
150049,"Ponte km 556,34",MA,226,"556,34","56","10",Viga de concreto armado,-6.28738333,-47.26938333,"2",20/01/2026,27/04/2026,,20<OAE<=60m (A2),19,,InR
150164,Ponte sobre o Rio Água Boa,MA,226,"549,58","80","10",Viga de concreto armado,-6.2659,-47.21305,"4",20/01/2026,27/04/2026,,60>OAE<=120m (A3),19,,InR
150052,Ponte sobre o Rio Lajeado Novo,MA,226,"528,88","80","10",Viga de concreto armado,-6.19731667,-47.04301667,"2",20/01/2026,27/04/2026,,60>OAE<=120m (A3),19,,InR
150054,Ponte sobre o Rio Santana,MA,226,"477,74","80","10",Viga de concreto armado,-6.03688333,-46.62338333,"3",20/01/2026,27/04/2026,,60>OAE<=120m (A3),19,,InR
150051,Ponte sobre o Rio Grajaú,MA,226,"417,82","121,1","10",Viga de concreto armado,-5.82358333,-46.14116667,"3",20/01/2026,28/04/2026,,60>OAE<=120m (A3),19,,InR
150010,Ponte sobre o Rio Natividade,MA,10,"168,55","24","9,5",Viga de concreto armado,-6.24353333,-47.35103333,"3",20/01/2026,24/04/2026,,20<OAE<=60m (A2),16,,InR
150007,Ponte sobre o Rio Lajeado,MA,10,"186,74","88","9,6",Viga de concreto armado,-6.0829,-47.38186667,"2",20/01/2026,24/04/2026,,60>OAE<=120m (A3),16,,InR
150001,Ponte sobre Rio Arraia,MA,10,"193,67","50","9,2",Viga de concreto armado,-6.02155,-47.38283333,"3",20/01/2026,24/04/2026,,20<OAE<=60m (A2),16,,InR
150008,Ponte sobre o Rio Sumauma,MA,10,"202,56","25","10",Viga de concreto armado,-5.94291667,-47.38375,"3",20/01/2026,24/04/2026,,20<OAE<=60m (A2),16,,InR
150006,Ponte sobre Rio Clementino,MA,10,"211,88","40","9,95",Viga de concreto armado,-5.86406667,-47.35886667,"4",20/01/2026,25/04/2026,,20<OAE<=60m (A2),16,,InR
150005,Ponte sobre o Rio Campo Alegre,MA,10,"215,92","50","10",Viga de concreto armado,-5.8279,-47.35768333,"3",20/01/2026,23/04/2026,,20<OAE<=60m (A2),16,,InR
150002,Ponte sobre o Rio Bananal,MA,10,"237,29","71","10",Viga de concreto armado,-5.64605,-47.3954,"3",20/01/2026,23/04/2026,,60>OAE<=120m (A3),16,,InR
150012,"Viaduto km 246,40 sobre Ferrovia",MA,10,"246,4","17","21,4",Laje de concreto armado,-5.5786,-47.44068333,"4",20/01/2026,23/04/2026,,OAE<=20m (A1),16,,InR
150249,Ponte sobre o Rio Cacau (LD),MA,10,"250,79","61,5","18,3",Viga de concreto protendido,-5.54478333,-47.46305,"4",20/01/2026,20/04/2026,,20<OAE<=60m (A2),16,,InR
150248,Ponte sobre o Rio Cacau (LE),MA,10,"250,8","61,5","18,3",Viga de concreto protendido,-5.54496667,-47.46355,"3",20/01/2026,20/04/2026,,20<OAE<=60m (A2),16,,InR
150003,Ponte sobre o Rio Cacau,MA,10,"250,81","58,95","9,8",Viga de concreto armado,-5.54481667,-47.46343333,"3",20/01/2026,20/04/2026,,20<OAE<=60m (A2),16,,InR
150252,Passarela,MA,10,"253","0","-",Viga de concreto armado,-5.520939,-47.471562,"-",20/01/2026,21/04/2026,,OAE<=20m (A1),16,Passarela,InCR
150212,Viaduto Imperatriz I,MA,10,"253,42","14","11,35",Viga de concreto armado,-5.52305,-47.47153333,"4",20/01/2026,20/04/2026,,OAE<=20m (A1),16,,InR
150213,Viaduto Imperatriz II,MA,10,"253,88","14,95","11,15",Viga de concreto armado,-5.51888333,-47.4716,"4",20/01/2026,21/04/2026,,OAE<=20m (A1),16,,InR
150009,Ponte sobre o Ribeirão Lagoa Cercada,MA,10,"260,46","20,15","9,9",Viga de concreto armado,-5.45926667,-47.4724,"3",20/01/2026,20/04/2026,,OAE<=20m (A1),16,,InR
150235,"Viaduto km 267,29 sobre Ferrovia",MA,10,"267,29","52,8","23,2",Viga de concreto armado,-5.39753333,-47.47296667,"4",20/01/2026,22/04/2026,,20<OAE<=60m (A2),16,,InR
150011,Ponte sobre o Rio Barra Grande,MA,10,"269,18","40","10",Viga de concreto armado,-5.38086667,-47.4765,"3",20/01/2026,22/04/2026,,20<OAE<=60m (A2),16,,InR
150013,"Viaduto km 302,16 sobre Ferrovia",MA,10,"302,16","104,5","12,4",Viga de concreto protendido,-5.09503333,-47.55455,"4",20/01/2026,22/04/2026,,60>OAE<=120m (A3),16,,InR
150004,Ponte sobre o Rio Cajuapara,MA,10,"363,63","45","12,4",Mista (viga metálica e laje de concreto),-4.56968333,-47.49096667,"4",20/01/2026,22/04/2026,,20<OAE<=60m (A2),16,,InR
150086,Ponte sobre o Riacho Angelin,MA,222,"80,5","6,8","8,2",Viga de concreto armado,-3.75381667,-43.38071667,"4",20/01/2026,13/04/2026,,OAE<=20m (A1),4,,InR
150087,Ponte sobre o Riacho Lima,MA,222,"83,84","8,7","8,2",Viga de concreto armado,-3.75053333,-43.41058333,"4",20/01/2026,13/04/2026,,OAE<=20m (A1),4,,InR
150090,"Ponte km 87,22",MA,222,"87,22","7","8,2",Viga de concreto armado,-3.73865,-43.43785,"4",20/01/2026,13/04/2026,,OAE<=20m (A1),4,,InR
150073,"Ponte km 89,81",MA,222,"89,81","7","8,2",Viga de concreto armado,-3.73228333,-43.46021667,"3",20/01/2026,13/04/2026,,OAE<=20m (A1),4,,InR
150246,Ponte sobre o Riacho Fundo,MA,222,"98,07","172","10,8",Viga de concreto armado,-3.70636667,-43.52875,"1",20/01/2026,13/04/2026,,120<OAE<=500m (A4),4,,InR
150097,"Ponte km 181,46",MA,222,"181,46","8","8,3",Viga de concreto armado,-3.48876667,-44.17275,"4",20/01/2026,16/04/2026,,OAE<=20m (A1),4,,InR
150129,"Ponte km 186,69",MA,222,"186,69","13,2","8,3",Viga de concreto armado,-3.47726667,-44.2144,"4",20/01/2026,16/04/2026,,OAE<=20m (A1),4,,InR
150098,"Ponte km 187,98",MA,222,"187,98","8,7","8,3",Viga de concreto armado,-3.4765,-44.22588333,"2",20/01/2026,16/04/2026,,OAE<=20m (A1),4,,InR
150220,"Pontilhão km 202,84",MA,222,"202,84","4,7","8,2",Laje de concreto armado,-3.43003333,-44.3388,"3",20/01/2026,10/04/2026,,OAE<=20m (A1),4,,InR
150099,"Ponte km 203,74",MA,222,"203,74","6,55","8,1",Viga de concreto armado,-3.42343333,-44.34333333,"3",20/01/2026,10/04/2026,,OAE<=20m (A1),4,,InR
150161,Ponte sobre o Rio Itapecuru Mirim,MA,222,"207,61","112","12,8",Arco inferior de concreto armado,-3.39291667,-44.36131667,"3",20/01/2026,10/04/2026,,60>OAE<=120m (A3),4,,InR
150028,Ponte sobre o Riacho das Mortes,MA,230,"514,07","39","8,6",Viga de concreto armado,-7.40963333,-46.94583333,"4",20/01/2026,17/04/2026,,20<OAE<=60m (A2),13,,InR
150029,Ponte sobre o Rio Lajes,MA,230,"529,85","40","8,6",Viga de concreto armado,-7.4114,-47.08856667,"4",20/01/2026,17/04/2026,,20<OAE<=60m (A2),13,,InR
150040,Ponte sobre o Ribeirão Gameleira,MA,230,"537,98","30","8,6",Viga de concreto armado,-7.4128,-47.16223333,"4",20/01/2026,18/04/2026,,20<OAE<=60m (A2),13,,InR
150172,Ponte sobre o Rio Itapicuru,MA,230,"543,7","40","8,6",Viga de concreto armado,-7.40945,-47.21318333,"3",20/01/2026,20/04/2026,,20<OAE<=60m (A2),13,,InR
150039,Ponte sobre o Ribeirão Cipó,MA,230,"547,61","40","8,6",Viga de concreto armado,-7.40068333,-47.24736667,"3",20/01/2026,20/04/2026,,20<OAE<=60m (A2),13,,InR
150038,Ponte sobre o Ribeirão Cavalo Morto,MA,230,"559,1","30","8,6",Viga de concreto armado,-7.37328333,-47.33898333,"3",20/01/2026,20/04/2026,,20<OAE<=60m (A2),13,,InR
150042,Ponte sobre o Ribeirão Gameleira,MA,230,"569,06","30","8,6",Viga de concreto armado,-7.35411667,-47.42583333,"3",20/01/2026,20/04/2026,,20<OAE<=60m (A2),13,,InR
150043,Ponte sobre o Ribeirão Lajes,MA,230,"571,27","40","8,6",Viga de concreto armado,-7.34556667,-47.44383333,"2",20/01/2026,20/04/2026,,20<OAE<=60m (A2),13,,InR
150168,Ponte sobre o Ribeirão Urupuchete,MA,230,"586,98","30","9",Viga de concreto armado,-7.22283333,-47.43143333,"3",20/01/2026,23/04/2026,,20<OAE<=60m (A2),13,,InR
150170,Ponte sobre o Ribeirão Pedra Caída,MA,230,"607,34","30","9,4",Viga de concreto armado,-7.0471,-47.4389,"3",20/01/2026,23/04/2026,,20<OAE<=60m (A2),13,,InR
150033,Ponte sobre o Córrego Brejão,MA,230,"608,86","30","8,8",Viga de concreto armado,-7.03531667,-47.44595,"4",20/01/2026,23/04/2026,,20<OAE<=60m (A2),13,,InR
150041,Ponte sobre o Rio Farinha,MA,230,"629,09","200","12,8",Viga de concreto protendido,-6.86415,-47.46913333,"4",20/01/2026,23/04/2026,,120<OAE<=500m (A4),13,,InR
150169,Ponte sobre o Riacho Feio,MA,230,"642,8","30","8,8",Viga de concreto armado,-6.75861667,-47.44806667,"3",20/01/2026,27/04/2026,,20<OAE<=60m (A2),13,,InR
150167,Ponte sobre o Rio Santana,MA,230,"657,3","30","8,75",Viga de concreto armado,-6.6434,-47.4265,"3",20/01/2026,27/04/2026,,20<OAE<=60m (A2),13,,InR
20273,Ponte sobre o Igarapé do Onze,PA,230,"329,94","40","12,8",Viga de concreto protendido,-4.15981667,-50.1059,"4",19/03/2026,,,20<OAE<=60m (A2),13,,InR
20463,Ponte  Araras,PA,230,"-","41","12",Não informado,-3.736389,-53.80389,"-",19/03/2026,,,20<OAE<=60m (A2),14,,InCR
20464,Ponte Muiraquitã,PA,230,"-","51","12",Não informado,-3.884167,-54.38278,"-",19/03/2026,,,20<OAE<=60m (A2),14,,InCR
20465,Ponte Kiri-Kiri,PA,230,"-","30","12",Não informado,-3.893333,-54.46944,"-",19/03/2026,,,20<OAE<=60m (A2),14,,InCR
20468,Ponte Curuatinga,PA,230,"-","75","12",Não informado,-4.034722,-54.69889,"-",19/03/2026,,,60>OAE<=120m (A3),14,,InCR
20471,Ponte Seiko,PA,230,"-","98,5","12",Não informado,-3.45622,-52.9259,"-",19/03/2026,,,60>OAE<=120m (A3),14,,InCR
20472,Ponte Lajeado,PA,230,"-","90","13",Não informado,-3.495278,-52.98056,"-",19/03/2026,,,60>OAE<=120m (A3),14,,InCR
20087,"Ponte km 523,41",PA,230,"523,41","40,5","12,8",Viga de concreto protendido,-3.32251667,-51.37986667,"4",19/03/2026,,,20<OAE<=60m (A2),14,,InR
20088,"Ponte km 509,59",PA,230,"509,59","36","12",Viga de concreto protendido,-3.39776667,-51.28771667,"3",19/03/2026,,,20<OAE<=60m (A2),14,,InR
20023,"Viaduto km 0,24 sobre Ferrovia",PA,153,"0,24","52,3","10,55",Viga caixão de concreto protendido,-5.36213333,-49.07635,"4",19/03/2026,,,20<OAE<=60m (A2),7,,InR
20024,Ponte sobre o Rio Taurizinho,PA,153,"7,14","114,85","10,25",Mista (viga metálica e laje de concreto),-5.37688333,-49.01596667,"4",19/03/2026,,,60>OAE<=120m (A3),7,,InR
20025,Ponte sobre o Rio Ubá,PA,153,"33,28","60","10,2",Mista (viga metálica e laje de concreto),-5.4742,-48.81471667,"2",19/03/2026,,,20<OAE<=60m (A2),7,,InR
20125,Ponte sobre o Igarapé do Guido,PA,153,"6,17","27,4","10,18",Mista (viga metálica e laje de concreto),-5.37498333,-49.02446667,"2",19/03/2026,,,20<OAE<=60m (A2),7,,InR
20127,Ponte sobre o Igarapé Grota da Camisa,PA,153,"42,87","18,2","10,18",Mista (viga metálica e laje de concreto),-5.49773333,-48.73665,"2",19/03/2026,,,OAE<=20m (A1),7,,InR
20026,Ponte sobre o Igarapé Metade,PA,153,"63,74","24,1","10,1",Mista (viga metálica e laje de concreto),-5.67915,-48.69955,"4",19/03/2026,,,20<OAE<=60m (A2),8,,InR
20027,Ponte sobre o Igarapé Breno,PA,153,"67,81","21,8","10,13",Mista (viga metálica e laje de concreto),-5.71275,-48.69251667,"3",19/03/2026,,,OAE<=20m (A1),8,,InR
20028,Ponte sobre o Igarapé Jacuzinho,PA,153,"68,65","24,1","10,2",Mista (viga metálica e laje de concreto),-5.71865,-48.68815,"4",19/03/2026,,,20<OAE<=60m (A2),8,,InR
20029,Ponte sobre o Igarapé Jacú,PA,153,"69,94","43,34","10,44",Mista (viga metálica e laje de concreto),-5.7292,-48.68321667,"2",19/03/2026,,,20<OAE<=60m (A2),8,,InR
20030,Ponte sobre o Igarapé Lagoa,PA,153,"77,83","24,45","10,15",Mista (viga metálica e laje de concreto),-5.79181667,-48.65338333,"2",19/03/2026,,,20<OAE<=60m (A2),8,,InR
20031,Ponte sobre o Igarapé Saranzal,PA,153,"85,1","24,9","10,14",Mista (viga metálica e laje de concreto),-5.84448333,-48.61796667,"4",19/03/2026,,,20<OAE<=60m (A2),8,,InR
20032,"Ponte km 102,28",PA,153,"102,28","18,25","10,2",Mista (viga metálica e laje de concreto),-5.99416667,-48.6348,"4",19/03/2026,,,OAE<=20m (A1),8,,InR
20033,Ponte sobre o Igarapé Boa Esperança,PA,153,"108,74","19,3","10,1",Mista (viga metálica e laje de concreto),-6.0499,-48.62738333,"4",19/03/2026,,,OAE<=20m (A1),8,,InR
20034,Ponte sobre o Igarapé Sururu,PA,153,"135,07","24,3","10,1",Mista (viga metálica e laje de concreto),-6.26965,-48.5981,"4",19/03/2026,,,20<OAE<=60m (A2),8,,InR
20035,Ponte sobre o Córrego Alpercata,PA,153,"123,71","24,3","10,2",Mista (viga metálica e laje de concreto),-6.1712,-48.59433333,"2",19/03/2026,,,20<OAE<=60m (A2),8,,InR
20036,Ponte sobre o Córrego Boqueirão,PA,153,"128,41","25,8","10,19",Mista (viga metálica e laje de concreto),-6.2129,-48.60008333,"4",19/03/2026,,,20<OAE<=60m (A2),8,,InR
20063,Ponte sobre o Igarapé Grotão da Cruz,PA,155,"288,21","20","8,6",Mista (viga metálica e laje de concreto),-5.82963333,-49.19626667,"3",19/03/2026,,,OAE<=20m (A1),10,,InR
20064,"Ponte km 283,50",PA,155,"283,5","20","8,6",Mista (viga metálica e laje de concreto),-5.86856667,-49.20065,"3",19/03/2026,,,OAE<=20m (A1),10,,InR
20065,Ponte sobre o Igarapé Vira Sebo I,PA,155,"284,01","15,1","8,6",Mista (viga metálica e laje de concreto),-5.86403333,-49.19946667,"3",19/03/2026,,,OAE<=20m (A1),10,,InR
20075,Ponte sobre o Rio Vermelho,PA,155,"198,35","84,6","8,6",Viga de concreto protendido,-6.54185,-49.41318333,"4",19/03/2026,,,60>OAE<=120m (A3),10,,InR
20076,Ponte sobre o Rio Salobro,PA,155,"45,3","46","9",Mista (viga metálica e laje de concreto),-7.65576667,-50.01958333,"2",19/03/2026,,,20<OAE<=60m (A2),10,,InR
20077,Ponte sobre o Rio Maria,PA,155,"85","50","9",Mista (viga metálica e laje de concreto),-7.30921667,-50.04211667,"2",19/03/2026,,,20<OAE<=60m (A2),10,,InR
20106,Ponte sobre o Rio Maria Bonita,PA,155,"228,92","61,35","8,6",Viga de concreto protendido,-6.28648333,-49.35975,"2",19/03/2026,,,20<OAE<=60m (A2),10,,InR
20124,Ponte sobre o Igarapé Piri,PA,155,"320,52","25","8,6",Mista (viga metálica e laje de concreto),-5.57471667,-49.08033333,"1",19/03/2026,,,20<OAE<=60m (A2),10,,InR
20126,Ponte sobre o Rio Cardoso,PA,155,"252,19","77,13","8,6",Mista (viga metálica e laje de concreto),-6.09706667,-49.34293333,"2",19/03/2026,,,60>OAE<=120m (A3),10,,InR
20128,Ponte sobre o Córrego Peruano,PA,155,"267,84","39,6","8,6",Mista (viga metálica e laje de concreto),-5.99881667,-49.24921667,"3",19/03/2026,,,20<OAE<=60m (A2),10,,InR
20129,Ponte sobre o Igarapé Samauma,PA,155,"314,29","30","8,6",Mista (viga metálica e laje de concreto),-5.62485,-49.09478333,"3",19/03/2026,,,20<OAE<=60m (A2),10,,InR
20130,Ponte sobre o Igarapé Magrela,PA,155,"269,69","25","7,2",Mista (viga metálica e laje de concreto),-5.98611667,-49.23826667,"3",19/03/2026,,,20<OAE<=60m (A2),10,,InR
20132,Ponte sobre o Igarapé Grota da Viada,PA,155,"269,98","24,9","7,2",Mista (viga metálica e laje de concreto),-5.9841,-49.23653333,"2",19/03/2026,,,20<OAE<=60m (A2),10,,InR
20133,Ponte sobre o Igarapé Loirinho,PA,155,"234,25","21,4","8,6",Viga de concreto protendido,-6.23918333,-49.36605,"4",19/03/2026,,,OAE<=20m (A1),10,,InR
20134,Ponte sobre o Igarapé Burro,PA,155,"307,91","25","8,6",Mista (viga metálica e laje de concreto),-5.6747,-49.114,"3",19/03/2026,,,20<OAE<=60m (A2),10,,InR
20135,Ponte sobre o Rio Sororó,PA,155,"313,33","100","8,6",Mista (viga metálica e laje de concreto),-5.63208333,-49.0984,"2",19/03/2026,,,60>OAE<=120m (A3),10,,InR
20136,Ponte sobre o Igarapé Grota da Viada I,PA,155,"270,32","20","7,2",Mista (viga metálica e laje de concreto),-5.98183333,-49.23455,"3",19/03/2026,,,OAE<=20m (A1),10,,InR
20138,Ponte sobre o Rio Mutran,PA,155,"279,1","20","8,6",Mista (viga metálica e laje de concreto),-5.90695,-49.2109,"3",19/03/2026,,,OAE<=20m (A1),10,,InR
20139,Ponte sobre o Igarapé Barreira Branca,PA,155,"304,47","24,9","8,6",Mista (viga metálica e laje de concreto),-5.70211667,-49.12633333,"2",19/03/2026,,,20<OAE<=60m (A2),10,,InR
20140,Ponte sobre o Igarapé Borracheiras,PA,155,"275,1","25","8,6",Mista (viga metálica e laje de concreto),-5.94231667,-49.21838333,"3",19/03/2026,,,20<OAE<=60m (A2),10,,InR
20144,"Viaduto Ferroviário km 343,94",PA,155,"343,94","72,6","6,45",Viga de concreto armado,-5.36561667,-49.07805,"4",19/03/2026,,,60>OAE<=120m (A3),10,,InR
20145,"Viaduto Ferroviário km 343,92",PA,155,"343,92","68,7","6",Mista (viga metálica e laje de concreto),-5.36573333,-49.078,"4",19/03/2026,,,60>OAE<=120m (A3),10,,InR
20151,Ponte sobre o Igarapé Rocha,PA,155,"202,92","24,3","8,9",Viga de concreto protendido,-6.5033,-49.40521667,"4",19/03/2026,,,20<OAE<=60m (A2),10,,InR
20153,Ponte sobre o Igarapé Baixinho,PA,155,"175,87","63","8,7",Mista (viga metálica e laje de concreto),-6.7183,-49.51266667,"2",19/03/2026,,,60>OAE<=120m (A3),10,,InR
20154,Ponte sobre o Igarapé Oliveira,PA,155,"177,09","20,6","8,9",Viga de concreto protendido,-6.7095,-49.50596667,"3",19/03/2026,,,OAE<=20m (A1),10,,InR
20155,Ponte sobre o Igarapé Curupira,PA,155,"233,55","21,4","2,7",Viga de concreto protendido,-6.24523333,-49.36416667,"4",19/03/2026,,,OAE<=20m (A1),10,,InR
20157,Ponte sobre o Igarapé Grota da Onça,PA,155,"294,54","19,6","8,6",Mista (viga metálica e laje de concreto),-5.7778,-49.172,"4",19/03/2026,,,OAE<=20m (A1),10,,InR
20165,Ponte sobre o Igarapé Sapucaia,PA,155,"142,31","30,4","8,6",Viga de concreto armado,-6.94726667,-49.70321667,"2",19/03/2026,,,20<OAE<=60m (A2),10,,InR
20166,Ponte sobre o Ribeirão Água Fria,PA,155,"134,6","44,25","8,95",Viga de concreto protendido,-6.99025,-49.7581,"2",19/03/2026,,,20<OAE<=60m (A2),10,,InR
20169,Ponte sobre o Igarapé Martins,PA,155,"146,04","42","8,6",Viga de concreto protendido,-6.9259,-49.67716667,"2",19/03/2026,,,20<OAE<=60m (A2),10,,InR
20170,Ponte sobre o Igarapé Bodão,PA,155,"164,99","39,8","8,9",Mista (viga metálica e laje de concreto),-6.80626667,-49.55571667,"2",19/03/2026,,,20<OAE<=60m (A2),10,,InR
20171,Ponte sobre o Igarapé Rabecão,PA,155,"125,22","24,3","8,6",Viga de concreto protendido,-7.02868333,-49.83375,"2",19/03/2026,,,20<OAE<=60m (A2),10,,InR
20172,Ponte sobre o Riacho São José,PA,155,"187,76","30","8,9",Viga de concreto armado,-6.6252,-49.45886667,"2",19/03/2026,,,20<OAE<=60m (A2),10,,InR
20173,Ponte sobre o Rio Vermelho I,PA,155,"195,22","24,5","8,6",Mista (viga metálica e laje de concreto),-6.56596667,-49.42638333,"3",19/03/2026,,,20<OAE<=60m (A2),10,,InR
20174,Ponte sobre o Igarapé Xinguara,PA,155,"107,52","24","8,45",Viga de concreto protendido,-7.12993333,-49.94786667,"2",19/03/2026,,,20<OAE<=60m (A2),10,,InR
20181,Ponte sobre o Rio Paudarquinho,PA,155,"10,75","42","8,9",Viga de concreto protendido,-7.94876667,-50.06085,"2",19/03/2026,,,20<OAE<=60m (A2),10,,InR
20182,Ponte sobre o Igarapé Pororoca,PA,155,"135,77","18,7","8,6",Viga de concreto armado,-6.98405,-49.74953333,"2",19/03/2026,,,OAE<=20m (A1),10,,InR
20183,"Ponte km 208,11",PA,155,"208,11","42,4","8,6",Viga de concreto protendido,-6.45678333,-49.40296667,"3",19/03/2026,,,20<OAE<=60m (A2),10,,InR
20186,Ponte sobre o Rio Pau D'Arco,PA,155,"22,64","72","8,9",Viga de concreto protendido,-7.84501667,-50.04508333,"2",19/03/2026,,,60>OAE<=120m (A3),10,,InR
20231,Ponte sobre o Córrego Acaba Saco,PA,155,"3,62","15","8,6",Viga de concreto armado,-8.01156667,-50.0639,"2",19/03/2026,,,OAE<=20m (A1),10,,InR
20234,Ponte sobre o Ribeirão do Fogo,PA,155,"19,82","21,4","8,9",Viga de concreto protendido,-7.87041667,-50.04448333,"4",19/03/2026,,,OAE<=20m (A1),10,,InR
20235,Ponte sobre o Ribeirão Novo,PA,155,"68,02","24","8,9",Viga de concreto protendido,-7.45635,-50.03448333,"3",19/03/2026,,,20<OAE<=60m (A2),10,,InR
20236,Ponte sobre o Córrego Planatal,PA,155,"145,59","24","8,9",Viga de concreto protendido,-6.92825,-49.68051667,"4",19/03/2026,,,20<OAE<=60m (A2),10,,InR
20255,Ponte sobre o Igarapé Gaúcho,PA,155,"276,59","24,9","8,6",Mista (viga metálica e laje de concreto),-5.92915,-49.21588333,"2",19/03/2026,,,20<OAE<=60m (A2),10,,InR
20066,Ponte sobre o Córrego da Anta,PA,158,"882,74","36,35","10,2",Mista (viga metálica e laje de concreto),-9.70685,-50.98395,"1",19/03/2026,,,20<OAE<=60m (A2),9,,InR
20067,Ponte sobre o Igarapé Campo Alegre I,PA,158,"792,68","54,5","10,2",Mista (viga metálica e laje de concreto),-9.38875,-50.42008333,"2",19/03/2026,,,20<OAE<=60m (A2),9,,InR
20068,Ponte sobre o Igarapé Vila Rica,PA,158,"862,42","18,5","10,2",Mista (viga metálica e laje de concreto),-9.59068333,-50.8818,"4",19/03/2026,,,OAE<=20m (A1),9,,InR
20069,Ponte sobre o Córrego Mandi,PA,158,"857,47","36,35","10,2",Mista (viga metálica e laje de concreto),-9.54918333,-50.86848333,"2",19/03/2026,,,20<OAE<=60m (A2),9,,InR
20070,Ponte sobre o Igarapé Antônio,PA,158,"807,85","18,5","10,2",Mista (viga metálica e laje de concreto),-9.52055,-50.45946667,"4",19/03/2026,,,OAE<=20m (A1),9,,InR
20071,Ponte sobre o Igarapé Campo Alegre II,PA,158,"791,87","55","10,2",Mista (viga metálica e laje de concreto),-9.38296667,-50.42316667,"2",19/03/2026,,,20<OAE<=60m (A2),9,,InR
20072,Ponte sobre o Rio Preto,PA,158,"722,51","43,5","8,7",Viga de concreto protendido,-8.97126667,-50.52713333,"2",19/03/2026,,,20<OAE<=60m (A2),9,,InR
20073,Ponte sobre o Rio Inajá,PA,158,"688,51","64","4,4",Viga de concreto protendido,-8.68906667,-50.44073333,"2",19/03/2026,,,60>OAE<=120m (A3),9,,InR
20074,Ponte Inservível sobre o Rio Inajazinho,PA,158,"676,71","49,5","4,4",Viga de concreto protendido,-8.58595,-50.42916667,"2",19/03/2026,,,20<OAE<=60m (A2),9,,InR
20109,"Ponte km 812,04",PA,158,"812,04","18,5","10,2",Mista (viga metálica e laje de concreto),-9.5566,-50.47278333,"3",19/03/2026,,,OAE<=20m (A1),9,,InR
20111,"Ponte km 872,28",PA,158,"872,28","21,5","10,2",Mista (viga metálica e laje de concreto),-9.66875,-50.90055,"2",19/03/2026,,,OAE<=20m (A1),9,,InR
20122,Ponte sobre o Ribeirão do Acampamento,PA,158,"776,73","30,5","8,7",Viga de concreto armado,-9.33616667,-50.32403333,"3",19/03/2026,,,20<OAE<=60m (A2),9,,InR
20190,Ponte sobre o Córrego Acaba Saco,PA,158,"598,31","21","8,6",Mista (viga metálica e laje de concreto),-8.03673333,-50.11436667,"3",19/03/2026,,,OAE<=20m (A1),9,,InR
20191,Ponte sobre o Igarapé São Benedito I,PA,158,"624,42","21,5","8,6",Mista (viga metálica e laje de concreto),-8.17926667,-50.2473,"4",19/03/2026,,,OAE<=20m (A1),9,,InR
20192,Ponte sobre o Rio Arraias,PA,158,"632,88","48,7","8,6",Mista (viga metálica e laje de concreto),-8.23573333,-50.29665,"4",19/03/2026,,,20<OAE<=60m (A2),9,,InR
20201,"Ponte sobre o Igarapé Eng, Laércio",PA,158,"888,21","21,5","10,2",Mista (viga metálica e laje de concreto),-9.74393333,-51.0091,"4",19/03/2026,,,OAE<=20m (A1),9,,InR
20237,Ponte sobre o Igarapé São Benedito II,PA,158,"625,76","24,5","8,6",Mista (viga metálica e laje de concreto),-8.18808333,-50.25543333,"4",19/03/2026,,,20<OAE<=60m (A2),9,,InR
20238,Ponte sobre Ribeirão Araras,PA,158,"654,53","41,5","3,4",Viga de concreto protendido,-8.41638333,-50.36616667,"2",19/03/2026,,,20<OAE<=60m (A2),9,,InR
20239,Ponte sobre Igarapé Gama,PA,158,"844,52","21,35","10,2",Mista (viga metálica e laje de concreto),-9.53113333,-50.76093333,"4",19/03/2026,,,OAE<=20m (A1),9,,InR
20252,Ponte sobre o Igarapé Jacaré,PA,158,"689,05","24,8","8,7",Viga de concreto protendido,-8.69351667,-50.44266667,"4",19/03/2026,,,20<OAE<=60m (A2),9,,InR
20254,"Ponte km 853,35",PA,158,"853,35","18,5","10,2",Mista (viga metálica e laje de concreto),-9.52643333,-50.841,"3",19/03/2026,,,OAE<=20m (A1),9,,InR
20442,Ponte sobre o Rio Maritaca,PA,158,"871,25","15,2","14",Não informado,-9.663202,-50.893245,"-",19/03/2026,,,OAE<=20m (A1),9,,InCR
20467,Ponte,PA,158,"-","50","12",Não informado,-8.23376,-50.2953,"-",19/03/2026,,,20<OAE<=60m (A2),9,,InCR
20473,Ponte,PA,158,"-","55","12",Não informado,-8.28008,-50.3136,"-",19/03/2026,,,20<OAE<=60m (A2),9,,InCR
149,OAE,PA,158,"0","63","0","0",-8.19928,-50.2657,"-",,,,60>OAE<=120m (A3),9,OAE em rodovia federal - verificar com fiscalização,InCR
20089,"Ponte km 548,96",PA,230,"548,96","36,55","12",Viga de concreto protendido,-3.18575,-51.55051667,"3",19/03/2026,,,20<OAE<=60m (A2),14,,InR
20090,"Ponte km 556,55",PA,230,"556,55","36,6","12",Viga de concreto protendido,-3.13496667,-51.59168333,"3",19/03/2026,,,20<OAE<=60m (A2),14,,InR
20091,Ponte sobre o Igarapé São João,PA,230,"516,55","51,5","12,8",Viga de concreto protendido,-3.36166667,-51.33533333,"4",19/03/2026,,,20<OAE<=60m (A2),14,,InR
20092,Ponte sobre o Igarapé Pilão,PA,230,"508,09","48","12,8",Viga de concreto protendido,-3.4049,-51.27691667,"4",19/03/2026,,,20<OAE<=60m (A2),14,,InR
20095,Ponte sobre a Grota Aturiá,PA,230,"577,58","36","12,85",Viga de concreto protendido,-3.12608333,-51.75023333,"3",19/03/2026,,,20<OAE<=60m (A2),14,,InR
20105,"Ponte km 488,04",PA,230,"488,04","54,2","12",Viga de concreto armado,-3.52201667,-51.15305,"4",19/03/2026,,,20<OAE<=60m (A2),14,,InR
20107,Ponte sobre o Rio Anapu,PA,230,"495,63","141,4","14,3",Mista (viga metálica e laje de concreto),-3.47468333,-51.1962,"4",19/03/2026,,,120<OAE<=500m (A4),14,,InR
20114,"Ponte km 562,53",PA,230,"562,53","40,5","12,8",Viga de concreto protendido,-3.10863333,-51.63536667,"4",19/03/2026,,,20<OAE<=60m (A2),14,,InR
20115,Ponte sobre o Rio Paraná,PA,230,"563,34","36","12",Viga de concreto armado,-3.10546667,-51.64131667,"4",19/03/2026,,,20<OAE<=60m (A2),14,,InR
20037,Ponte sobre o Rio Ararandeua,PA,222,"103,47","16,3","10,06",Mista (viga metálica e laje de concreto),-4.76906667,-48.06066667,"4",19/03/2026,,,OAE<=20m (A1),6,,InR
20038,Ponte sobre o Igarapé Noventa e Cinco,PA,222,"113,03","31,6","10,02",Mista (viga metálica e laje de concreto),-4.80578333,-48.13385,"2",19/03/2026,,,20<OAE<=60m (A2),6,,InR
20039,Ponte sobre o Córrego Boa Esperança,PA,222,"164,05","16,3","10",Mista (viga metálica e laje de concreto),-5.01725,-48.52498333,"4",19/03/2026,,,OAE<=20m (A1),6,,InR
20040,Ponte sobre o Rio Jacunda,PA,222,"186,61","31,6","10,05",Mista (viga metálica e laje de concreto),-5.08986667,-48.71626667,"3",19/03/2026,,,20<OAE<=60m (A2),6,,InR
20041,Ponte sobre o Rio Jacundazinho I,PA,222,"201,01","28,5","10",Mista (viga metálica e laje de concreto),-5.13756667,-48.83635,"4",19/03/2026,,,20<OAE<=60m (A2),6,,InR
20042,Ponte sobre o Rio Jacundazinho II,PA,222,"201,49","62,2","10",Mista (viga metálica e laje de concreto),-5.13711667,-48.84071667,"2",19/03/2026,,,60>OAE<=120m (A3),6,,InR
20043,Ponte sobre o Igarapé Mãe Maria,PA,222,"213,42","11,8","9,8",Mista (viga metálica e laje de concreto),-5.16756667,-48.94073333,"4",19/03/2026,,,OAE<=20m (A1),6,,InR
20044,Ponte sobre o Rio Frecheira,PA,222,"222,61","37,5","10",Mista (viga metálica e laje de concreto),-5.19791667,-49.01541667,"4",19/03/2026,,,20<OAE<=60m (A2),6,,InR
20094,Ponte sobre o Rio Mãe Maria,PA,222,"208,37","26,8","9,8",Mista (viga metálica e laje de concreto),-5.15745,-48.89798333,"4",19/03/2026,,,20<OAE<=60m (A2),6,,InR
20096,Ponte sobre o Córrego dos Pebas,PA,222,"108,2","22,14","9,8",Mista (viga metálica e laje de concreto),-4.78536667,-48.09678333,"4",19/03/2026,,,20<OAE<=60m (A2),6,,InR
20045,"Viaduto km 119,47",PA,230,"119,47","20","22",Viga de concreto protendido,-5.35035,-49.10986667,"4",19/03/2026,,,OAE<=20m (A1),11,,InR
20046,"Viaduto km 120,65",PA,230,"120,65","20","22",Viga de concreto protendido,-5.3506,-49.1197,"4",19/03/2026,,,OAE<=20m (A1),11,,InR
20047,"Viaduto km 119,74",PA,230,"119,74","17","22,15",Viga de concreto protendido,-5.35033333,-49.11215,"4",19/03/2026,,,OAE<=20m (A1),11,,InR
20048,Ponte sobre o Rio Itacaiúnas (LD),PA,230,"121,14","492","13,15",Viga de concreto protendido,-5.3541,-49.12185,"3",19/03/2026,,,120<OAE<=500m (A4),11,,InR
20049,Ponte sobre o Rio Itacaiúnas (LE),PA,230,"121,14","457,96","9,1",Viga de concreto protendido,-5.35421667,-49.12175,"2",19/03/2026,,,120<OAE<=500m (A4),11,,InR
20202,Ponte sobre o Rio Cajazeiras,PA,230,"194,37","143","6,2",Mista (viga metálica e laje de concreto),-4.96165,-49.4514,"3",19/03/2026,,,120<OAE<=500m (A4),11,,InR
20208,Ponte sobre o Rio Novilhas,PA,230,"136,79","34","10,4",Viga de concreto protendido,-5.33551667,-49.22086667,"4",19/03/2026,,,20<OAE<=60m (A2),11,,InR
20220,Ponte sobre o Igarapé Majuba,PA,230,"175,06","36,2","11",Viga de concreto protendido,-5.10058333,-49.41336667,"4",19/03/2026,,,20<OAE<=60m (A2),11,,InR
20221,"Ponte km 247,28",PA,230,"247,28","23,5","4,2",Mista (viga metálica e laje de concreto),-4.66365,-49.72703333,"2",19/03/2026,,,20<OAE<=60m (A2),11,,InR
20222,Ponte sobre o Igarapé Vermelho,PA,230,"159,55","74","11",Mista (viga metálica e laje de concreto),-5.21151667,-49.35096667,"4",19/03/2026,,,60>OAE<=120m (A3),11,,InR
20224,Ponte sobre o Rio Bacuri,PA,230,"250,69","29,5","4,3",Mista (viga metálica e laje de concreto),-4.65173333,-49.75178333,"2",19/03/2026,,,20<OAE<=60m (A2),11,,InR
20225,Ponte sobre o Igarapé Burquinho,PA,230,"145,38","48","10,45",Viga de concreto protendido,-5.2984,-49.27853333,"4",19/03/2026,,,20<OAE<=60m (A2),11,,InR
20227,"Ponte km 259,87",PA,230,"259,87","35,5","4,44",Mista (viga metálica e laje de concreto),-4.59265,-49.78441667,"4",19/03/2026,,,20<OAE<=60m (A2),11,,InR
20228,"Ponte km 243,15",PA,230,"243,15","26","4,3",Mista (viga metálica e laje de concreto),-4.68101667,-49.69528333,"2",19/03/2026,,,20<OAE<=60m (A2),11,,InR
20230,Ponte sobre o Rio Batista,PA,230,"149,13","23","10,65",Viga de concreto protendido,-5.27693333,-49.29965,"4",19/03/2026,,,20<OAE<=60m (A2),11,,InR
20260,Ponte sobre o Rio Repartimento,PA,230,"302,87","75,35","12,8",Viga de concreto protendido,-4.29875,-49.94876667,"5",19/03/2026,,,60>OAE<=120m (A3),11,,InR
20439,Passarela,PA,230,"121,28","0","-",Não informado,-5.36112022,-49.12395096,"-",19/03/2026,,,OAE<=20m (A1),11,Passarela,InCR
20462,Ponte,PA,230,"-","22","12",Não informado,-4.52910742,-49.83106591,"-",19/03/2026,,,OAE<=20m (A1),11,,InCR
20466,Ponte,PA,230,"-","38","12",Não informado,-4.86055,-49.4946,"-",19/03/2026,,,20<OAE<=60m (A2),11,,InCR
20469,Ponte,PA,230,"-","45","12",Não informado,-4.86411667,-49.51761667,"-",19/03/2026,,,20<OAE<=60m (A2),11,,InCR
20470,Ponte,PA,230,"-","45","12",Não informado,-4.85802,-49.5021,"-",19/03/2026,,,20<OAE<=60m (A2),11,,InCR
20118,"Ponte km 585,58",PA,230,"585,58","25","12",Viga de concreto protendido,-3.11816667,-51.81646667,"3",19/03/2026,,,20<OAE<=60m (A2),14,,InR
20119,Ponte sobre o Igarapé Joá,PA,230,"604,39","36","11,45",Viga de concreto protendido,-3.13371667,-51.94171667,"4",19/03/2026,,,20<OAE<=60m (A2),14,,InR
20120,"Ponte km 582,61",PA,230,"582,61","25","12",Viga de concreto protendido,-3.12365,-51.79223333,"4",19/03/2026,,,20<OAE<=60m (A2),14,,InR
20121,"Ponte km 2,76",PA,230,"2,76","21,3","12,55",Laje de concreto armado,-3.18511667,-52.19495,"4",19/03/2026,,,OAE<=20m (A1),14,,InR
20141,Ponte sobre o Rio Poraqué,PA,230,"563,84","98,4","14,4",Mista (viga metálica e laje de concreto),-3.10423333,-51.64531667,"4",19/03/2026,,,60>OAE<=120m (A3),14,,InR
20146,Ponte sobre o Rio Uruará,PA,230,"827,93","79,21","4,1",Mista (viga metálica e laje de concreto),-3.67815,-53.55485,"4",19/03/2026,,,60>OAE<=120m (A3),14,,InR
20147,Ponte sobre o Igarapé Altamira,PA,230,"9,07","60","15",Viga de concreto protendido,-3.1999,-52.23716667,"4",19/03/2026,,,20<OAE<=60m (A2),14,,InR
20148,Ponte sobre o Rio Ambé,PA,230,"3,34","61,05","13",Viga de concreto protendido,-3.18643333,-52.19901667,"4",19/03/2026,,,20<OAE<=60m (A2),14,,InR
20149,Ponte sobre o Rio Jarauçu,PA,230,"700,86","61,15","13",Viga de concreto protendido,-3.30443333,-52.5128,"4",19/03/2026,,,20<OAE<=60m (A2),14,,InR
20164,Ponte sobre o Canal de Fuga da UHE de Belo Monte,PA,230,"581,11","614","15,4",Viga de concreto protendido,-3.12173333,-51.77395,"4",19/03/2026,,,500<OAE<=1000m (A5),14,,InR
20265,"Ponte km 997,99",PA,230,"997,99","40","12,8",Viga de concreto protendido,-4.0848,-54.83946667,"4",19/03/2026,,,20<OAE<=60m (A2),14,,InR
20097,Ponte sobre o Rio dos Veados,PA,230,"70,25","36,5","10,2",Mista (viga metálica e laje de concreto),-5.50735,-48.71765,"4",19/03/2026,,,20<OAE<=60m (A2),7,,InR
20098,Ponte sobre o Córrego Fortaleza,PA,230,"38,63","36,5","10,2",Mista (viga metálica e laje de concreto),-5.59983333,-48.46111667,"4",19/03/2026,,,20<OAE<=60m (A2),7,,InR
20099,Ponte sobre o Rio Araguaia,PA,230,"0,02","849,18","14,3",Viga de concreto protendido,-5.71161667,-48.17018333,"3",19/03/2026,,,500<OAE<=1000m (A5),7,,InR
20100,Ponte sobre o Igarapé Grota da Areia,PA,230,"35,76","36,5","10,2",Mista (viga metálica e laje de concreto),-5.61143333,-48.43818333,"4",19/03/2026,,,20<OAE<=60m (A2),7,,InR
20101,Ponte sobre o Igarapé Camisa,PA,230,"71,79","18,5","10,2",Mista (viga metálica e laje de concreto),-5.49641667,-48.72551667,"4",19/03/2026,,,OAE<=20m (A1),7,,InR
20104,Ponte sobre o Rio Água Branca,PA,230,"56,36","24,5","10,2",Mista (viga metálica e laje de concreto),-5.54151667,-48.60203333,"4",19/03/2026,,,20<OAE<=60m (A2),7,,InR
20137,Ponte sobre o Igarapé Sapucaia,PA,230,"28,83","36,5","10,2",Mista (viga metálica e laje de concreto),-5.65761667,-48.3967,"4",19/03/2026,,,20<OAE<=60m (A2),7,,InR
20142,Ponte sobre o Igarapé Boa Esperança,PA,230,"34,53","18,5","10,2",Mista (viga metálica e laje de concreto),-5.619,-48.43008333,"4",19/03/2026,,,OAE<=20m (A1),7,,InR
20271,"Ponte km 670,19",PA,230,"670,19","26","12,8",Viga de concreto armado,-3.25091667,-52.34863333,"4",19/03/2026,,,20<OAE<=60m (A2),14,,InR
20272,Ponte sobre o Rio Pentecal I,PA,230,"725,35","80,6","12,8",Viga de concreto protendido,-3.38658333,-52.68851667,"4",19/03/2026,,,60>OAE<=120m (A3),14,,InR
20274,Ponte sobre o Igarapé Pacal,PA,230,"752,09","39,85","12,75",Viga de concreto protendido,-3.44683333,-52.9063,"4",19/03/2026,,,20<OAE<=60m (A2),14,,InR
20275,Ponte sobre o Rio Pentecal II,PA,230,"725,85","73,45","12,8",Viga de concreto protendido,-3.38811667,-52.69251667,"4",19/03/2026,,,60>OAE<=120m (A3),14,,InR
20440,Passarela,PA,230,"485,7","0","-",Não informado,-3.46917009,-51.20223999,"-",19/03/2026,,,OAE<=20m (A1),14,Passarela,InCR
143,OAE,PA,230,"0","75","0","0",-3.88799,-54.2942,"-",,,,60>OAE<=120m (A3),14,OAE em rodovia federal - verificar com fiscalização,InCR
20086,Ponte sobre o Igarapé Lux,PA,163,"808,43","60","12,8",Viga de concreto protendido,-3.94251667,-54.87656667,"4",19/03/2026,,,20<OAE<=60m (A2),15,,InR
20103,Ponte sobre o Rio Jatuarana,PA,163,"897,08","58,66","13",Viga de concreto armado,-3.26248333,-54.94498333,"3",19/03/2026,,,20<OAE<=60m (A2),15,,InR
20143,Ponte sobre o Igarapé Moju,PA,163,"878,33","74,8","13",Viga de concreto protendido,-3.41791667,-54.9124,"2",19/03/2026,,,60>OAE<=120m (A3),15,,InR
20150,Ponte sobre o Igarapé Preto,PA,163,"819,91","60","12,8",Viga de concreto protendido,-3.89288333,-54.80698333,"4",19/03/2026,,,20<OAE<=60m (A2),15,,InR
20152,Ponte sobre o Igarapé Onça,PA,163,"861,2","50,8","12,9",Viga de concreto protendido,-3.56038333,-54.86851667,"4",19/03/2026,,,20<OAE<=60m (A2),15,,InR
20177,Ponte sobre o Igarapé Tinga,PA,163,"792,02","60,4","12,9",Viga de concreto protendido,-4.05015,-54.93803333,"4",19/03/2026,,,20<OAE<=60m (A2),15,,InR
20261,"Ponte km 831,62",PA,163,"831,62","40","12,8",Viga de concreto armado,-3.79518333,-54.82548333,"4",19/03/2026,,,20<OAE<=60m (A2),15,,InR
20262,"Ponte km 802,31",PA,163,"802,31","40,25","12,9",Viga de concreto protendido,-3.9929,-54.88755,"4",19/03/2026,,,20<OAE<=60m (A2),15,,InR
20263,Ponte sobre o Igarapé Açu,PA,163,"691,71","39,7","12,8",Viga de concreto protendido,-4.25686667,-55.66273333,"4",19/03/2026,,,20<OAE<=60m (A2),16,,InR
20161,Ponte sobre o Rio Cupari,PA,230,"106754","90,8","13",Mista (viga metálica e laje de concreto),-4.17403333,-55.42383333,"4",19/03/2026,,,60>OAE<=120m (A3),16,,InR
20162,Ponte sobre o Rio Ipiranga,PA,230,"105154","52,2","13",Mista (viga metálica e laje de concreto),-4.13288333,-55.24878333,"4",19/03/2026,,,20<OAE<=60m (A2),16,,InR
20178,"Ponte km 1015,54",PA,230,"101554","24,8","13",Mista (viga metálica e laje de concreto),-4.10821667,-55.01348333,"4",19/03/2026,,,20<OAE<=60m (A2),16,,InR
20179,Ponte sobre o Igarapé Tambor,PA,230,"100863","54,2","13",Mista (viga metálica e laje de concreto),-4.12403333,-54.95858333,"4",19/03/2026,,,20<OAE<=60m (A2),16,,InR
20207,Ponte sobre o Igarapé Ipixuna,PA,230,"104873","36,6","13",Mista (viga metálica e laje de concreto),-4.1358,-55.26961667,"4",19/03/2026,,,20<OAE<=60m (A2),16,,InR
20209,Ponte sobre o Igarapé Água Boa,PA,230,"106065","38,75","13",Mista (viga metálica e laje de concreto),-4.17758333,-55.36605,"3",19/03/2026,,,20<OAE<=60m (A2),16,,InR
20210,Ponte sobre o Igarapé São Joaquim,PA,230,"110561","54,7","13",Mista (viga metálica e laje de concreto),-4.31038333,-55.72681667,"4",19/03/2026,,,20<OAE<=60m (A2),16,,InR
20211,Ponte sobre o Rio da Morte,PA,230,"108623","18,35","13",Mista (viga metálica e laje de concreto),-4.21136667,-55.53688333,"4",19/03/2026,,,OAE<=20m (A1),16,,InR
20215,Ponte sobre o Rio Peixoto,PA,230,"108517","36,4","13",Mista (viga metálica e laje de concreto),-4.20803333,-55.52793333,"4",19/03/2026,,,20<OAE<=60m (A2),16,,InR
20219,Ponte sobre o Igarapé Inganhá,PA,230,"103460","38,4","13",Mista (viga metálica e laje de concreto),-4.12256667,-55.11765,"4",19/03/2026,,,20<OAE<=60m (A2),16,,InR
20247,Ponte sobre o Igarapé Água Preta,PA,230,"111613","44,6","13",Mista (viga metálica e laje de concreto),-4.33361667,-55.76558333,"4",19/03/2026,,,20<OAE<=60m (A2),16,,InR
20257,Ponte sobre o Rio Cupari Braço Leste,PA,230,"101372","115,6","13",Mista (viga metálica e laje de concreto),-4.11831667,-55.00206667,"3",19/03/2026,,,60>OAE<=120m (A3),16,,InR
20264,"Ponte km 1049,03",PA,230,"104903","40,2","12,8",Viga de concreto protendido,-4.13106667,-55.22851667,"4",19/03/2026,,,20<OAE<=60m (A2),16,,InR
20218,"Ponte km 285,42",PA,422,"285,42","7,44","5",Viga de concreto armado,-2.2284,-49.49838333,"1",19/03/2026,,,OAE<=20m (A1),17,,InR
20459,Ponte do Curimã,PA,422,"265,24","8","4",Viga de concreto armado,-2.27138889,-49.64027778,"-",19/03/2026,,,OAE<=20m (A1),17,,InCR
20005,Ponte sobre o Rio Ipixuna,PA,10,"214,29","30,4","10,05",Viga de concreto armado,-2.55411667,-47.49476667,"3",19/03/2026,,,20<OAE<=60m (A2),3,,InR
20006,Ponte sobre o Rio Atauaí,PA,10,"295,36","15,2","10,15",Viga de concreto armado,-1.84905,-47.52073333,"3",19/03/2026,,,OAE<=20m (A1),3,,InR
20011,Ponte sobre o Rio Ananavira,PA,10,"200,54","30,2","10,1",Viga de concreto armado,-2.67626667,-47.47283333,"3",19/03/2026,,,20<OAE<=60m (A2),3,,InR
20012,Ponte sobre o Rio Ajaraí,PA,10,"279,09","30,2","10,2",Viga de concreto armado,-1.99333333,-47.52873333,"3",19/03/2026,,,20<OAE<=60m (A2),3,,InR
20013,Ponte sobre o Rio Caratateva,PA,10,"285,25","19,5","10,1",Viga caixão de concreto armado,-2.17518333,-47.56111667,"3",19/03/2026,,,OAE<=20m (A1),3,,InR
20014,Ponte sobre o Igarapé Pacuí,PA,10,"224,22","22,2","10,1",Viga de concreto armado,-2.46711667,-47.50986667,"3",19/03/2026,,,20<OAE<=60m (A2),3,,InR
20017,Ponte sobre o Igarapé Jabuti Maior,PA,10,"245,79","30,35","10,1",Viga de concreto armado,-2.28761667,-47.56353333,"2",19/03/2026,,,20<OAE<=60m (A2),3,,InR
20018,Ponte sobre o Igarapé Mãe do Rio,PA,10,"273,18","15,1","10,15",Viga de concreto armado,-2.0426,-47.54841667,"4",19/03/2026,,,OAE<=20m (A1),3,,InR
20019,Ponte sobre o Igarapé Mãe do Rio 2,PA,10,"285,42","12,2","10,15",Viga de concreto armado,-1.93731667,-47.52405,"3",19/03/2026,,,OAE<=20m (A1),3,,InR
20020,"Ponte km 286,83",PA,10,"286,83","20,2","10,2",Viga de concreto armado,-1.92473333,-47.52246667,"3",19/03/2026,,,OAE<=20m (A1),3,,InR
20021,Ponte sobre o Rio Açu,PA,10,"301,33","12,4","10,2",Viga de concreto armado,-1.79608333,-47.51386667,"1",19/03/2026,,,OAE<=20m (A1),3,,InR
20022,Ponte sobre o Rio Matari,PA,10,"333,24","16,2","10,95",Laje de concreto armado,-1.5264,-47.51843333,"3",19/03/2026,,,OAE<=20m (A1),3,,InR
20195,Ponte sobre o Igarapé Itaqui-Mirim,PA,10,"326,2","13,1","8,3",Viga de concreto armado,-1.5852,-47.49726667,"2",19/03/2026,,,OAE<=20m (A1),3,,InR
20196,Ponte sobre o Rio Jejú,PA,10,"350,2","16,2","8,3",Viga de concreto armado,-1.38033333,-47.56573333,"3",19/03/2026,,,OAE<=20m (A1),3,,InR
20240,Ponte sobre o Rio Apeú (LE),PA,316,"56,51","35","10,9",Viga caixão de concreto protendido,-1.30143333,-47.98631667,"3",19/03/2026,,,20<OAE<=60m (A2),4,,InR
20253,Ponte sobre o Rio Apeú (LD),PA,316,"56,5","35,7","10,9",Viga de concreto protendido,-1.30165,-47.98635,"4",19/03/2026,,,20<OAE<=60m (A2),4,,InR
20424,Passarela,PA,316,"35,2","41,25","1,9",Mista (viga metálica e laje de concreto),-1.29188889,-48.16269444,"-",19/03/2026,,,20<OAE<=60m (A2),4,Passarela,InCR
144,OAE,PA,230,"0","108","0","0",-4.43188,-49.9278,"-",,,,60>OAE<=120m (A3),11,OAE em rodovia federal - verificar com fiscalização,InCR
145,OAE,PA,230,"0","83","0","0",-4.64762,-49.7671,"-",,,,60>OAE<=120m (A3),11,OAE em rodovia federal - verificar com fiscalização,InCR
146,OAE,PA,230,"0","47","0","0",-4.73916,-49.6397,"-",,,,20<OAE<=60m (A2),11,OAE em rodovia federal - verificar com fiscalização,InCR
147,OAE,PA,230,"0","58","0","0",-4.76442,-49.6117,"-",,,,20<OAE<=60m (A2),11,OAE em rodovia federal - verificar com fiscalização,InCR
148,OAE,PA,230,"0","53","0","0",-4.81011,-49.5665,"-",,,,20<OAE<=60m (A2),11,OAE em rodovia federal - verificar com fiscalização,InCR
20163,Ponte sobre o Rio Jejú,PA,308,"106,84","40,5","10",Viga de concreto armado,-1.33823333,-47.5441,"3",19/03/2026,23/03/2026,,20<OAE<=60m (A2),2,,InR
20188,Ponte sobre o Rio Taciateua,PA,308,"121,18","85,5","10",Viga de concreto armado,-1.31498333,-47.42436667,"2",19/03/2026,23/03/2026,,60>OAE<=120m (A3),2,,InR
20168,Ponte sobre o Rio Salgado,PA,308,"138,82","4,2","11,2",Laje de concreto armado,-1.26723333,-47.2763,"2",19/03/2026,24/03/2026,,OAE<=20m (A1),2,,InR
20184,Ponte sobre o Rio das Pedras,PA,308,"136,71","30","10,1",Viga de concreto armado,-1.27711667,-47.29256667,"3",19/03/2026,24/03/2026,,20<OAE<=60m (A2),2,,InR
20187,Ponte sobre o Rio Piabas,PA,308,"178,27","25,6","9,4",Mista (viga metálica e laje de concreto),-1.14775,-46.95773333,"2",19/03/2026,25/03/2026,,20<OAE<=60m (A2),2,,InR
20185,Ponte sobre o Rio Caeté,PA,308,"204,49","159,8","5,44",Viga de concreto armado,-1.06251667,-46.75623333,"3",19/03/2026,26/03/2026,,120<OAE<=500m (A4),2,,InR
20232,Ponte sobre o Rio Gurupi,PA,316,"273,99","290,5","12,05",Viga caixão de concreto protendido,-1.80101667,-46.31656667,"2",19/03/2026,11/03/2026,,120<OAE<=500m (A4),1,,InR
20223,Ponte sobre o Rio Anajás,PA,316,"261,45","30","10",Viga de concreto armado,-1.81563333,-46.41891667,"3",19/03/2026,12/03/2026,,20<OAE<=60m (A2),1,,InR
20212,Ponte sobre o Rio Piriá,PA,316,"240,07","83","10",Viga de concreto armado,-1.73575,-46.59191667,"1",19/03/2026,13/03/2026,,60>OAE<=120m (A3),1,,InR
20214,Ponte sobre o Rio dos Macacos,PA,316,"244,36","16,6","10,1",Viga de concreto armado,-1.75126667,-46.55668333,"1",19/03/2026,13/03/2026,,OAE<=20m (A1),1,,InR
20213,Ponte sobre o Rio Tipitinga,PA,316,"229,59","10,2","10,2",Viga de concreto armado,-1.69821667,-46.6781,"3",19/03/2026,16/03/2026,,OAE<=20m (A1),1,,InR
20248,Ponte sobre o Rio Peritoró,PA,316,"214,45","28","10,2",Viga de concreto armado,-1.6357,-46.79835,"3",19/03/2026,17/03/2026,,20<OAE<=60m (A2),1,,InR
20189,Ponte sobre o Rio Várzea,PA,316,"207,5","30","10",Viga de concreto armado,-1.58951667,-46.8404,"3",19/03/2026,18/03/2026,,20<OAE<=60m (A2),1,,InR
20229,Ponte sobre o Rio Caeté,PA,316,"164,41","35","10,2",Viga de concreto armado,-1.3003,-47.09915,"2",19/03/2026,18/03/2026,,20<OAE<=60m (A2),1,,InR
20425,Passarela,PA,316,"61","19,48","1,7",Mista (viga metálica e laje de concreto),-1.29686111,-47.94669444,"-",19/03/2026,,,OAE<=20m (A1),4,Passarela,InCR
20426,Passarela,PA,316,"61,7","17,1","1,8",Mista (viga metálica e laje de concreto),-1.29827778,-47.94030556,"-",19/03/2026,,,OAE<=20m (A1),4,Passarela,InCR
20427,Passarela,PA,316,"63,3","23","1,8",Mista (viga metálica e laje de concreto),-1.29669444,-47.92641667,"-",19/03/2026,,,20<OAE<=60m (A2),4,Passarela,InCR
20003,Ponte sobre o Rio Concrein,PA,10,"30,61","20,3","10",Viga de concreto armado,-4.18425,-47.54498333,"3",19/03/2026,,,OAE<=20m (A1),5,,InR
20004,Ponte sobre o Igarapé Cabeludo,PA,10,"55,4","35,1","10,1",Viga de concreto armado,-3.96311667,-47.54203333,"2",19/03/2026,,,20<OAE<=60m (A2),5,,InR
180050,Ponte sobre o Riacho Paciência,PI,343,"184,82","6,7","12,5",Viga de concreto armado,-4.27926667,-41.7636,"3",04/12/2025,02/03/2026,,OAE<=20m (A1),14,,InR
220159,Passarela da Rua Goiás,RO,364,"715","27,6","2",Treliça metálica,-8.781,-63.89341667,"-",13/05/2025,11/01/2026,,20<OAE<=60m (A2),5,Passarela,InCR
220158,Passarela do Candeias,RO,364,"693,2","24,5","2",Treliça metálica,-8.79808333,-63.71125,"-",13/05/2025,,,20<OAE<=60m (A2),6,Passarela - retirar do PL001_V10,InCR
260069,Ponte sobre o Rio Branco,RR,174,"355,34","702,3","10,9",Viga de concreto protendido,1.73865,-61.1403,"4",05/02/2026,10/05/2026,,500<OAE<=1000m (A5),2,,InR
260040,Ponte sobre o Igarapé das Cobras,RR,174,"391,01","27","12,8",Viga de concreto armado,2.01703333,-61.07951667,"4",05/02/2026,11/05/2026,,20<OAE<=60m (A2),2,,InR
260049,Ponte sobre o Igarapé Água Branca,RR,174,"430,6","55","10,1",Viga de concreto armado,2.29911667,-60.92926667,"3",05/02/2026,06/05/2026,,20<OAE<=60m (A2),2,,InR
260030,Ponte sobre o Igarapé Azul,RR,174,"431,3","34,1","10,2",Viga de concreto armado,2.30073333,-60.92265,"4",05/02/2026,06/05/2026,,20<OAE<=60m (A2),2,,InR
260001,Ponte sobre o Rio Mucajaí,RR,174,"451,77","210,25","10",Mista (viga metálica e laje de concreto),2.47178333,-60.9163,"3",05/02/2026,06/05/2026,,120<OAE<=500m (A4),2,,InR
260042,Ponte sobre o Igarapé Água Boa,RR,174,"485,4","50,4","10,3",Viga de concreto armado,2.72576667,-60.81166667,"4",05/02/2026,24/04/2026,,20<OAE<=60m (A2),2,,InR
260020,Ponte o sobre o Igarapé Auia Grande,RR,174,"493","26,4","12,7",Viga de concreto armado,2.74466667,-60.74903333,"4",05/02/2026,24/04/2026,,20<OAE<=60m (A2),2,,InR
260022,"Viaduto km 493,60",RR,174,"493,6","33","10,7",Viga de concreto protendido,2.74808333,-60.7445,"4",05/02/2026,24/04/2026,,20<OAE<=60m (A2),2,,InR
260024,Ponte sobre o Igarapé Cachorro,RR,432,"165,57","102,5","5,7",Viga e laje metálicas,2.42163333,-60.66758333,"3",05/02/2026,05/05/2026,,60>OAE<=120m (A3),3,,InR
260005,Ponte Sobre o Rio Quitauaú,RR,432,"183,28","104,7","8,1",Mista (viga metálica e laje de concreto),2.56763333,-60.63546667,"4",05/02/2026,04/05/2026,,60>OAE<=120m (A3),3,,InR
260063,Ponte sobre o Igarapé Sucuriju,RR,432,"191,09","12","9,65",Viga de concreto armado,2.61045,-60.59663333,"4",05/02/2026,04/05/2026,,OAE<=20m (A1),3,,InR
260002,Ponte sobre o Rio Branco,RR,401,"1,81","1198,6","10",Mista (viga metálica e laje de concreto),2.7989,-60.6761,"3",05/02/2026,19/05/2026,,OAE>1000m (A6),4,,InR
260015,Ponte sobre o Rio Arraias,RR,401,"7,11","130,7","13,2",Viga de concreto protendido,3.35566667,-59.90391667,"4",05/02/2026,20/04/2026,,120<OAE<=500m (A4),4,,InR
260076,Ponte Internacional sobre o Rio Tucutu,RR,401,"17,84","232","13,6",Viga caixão de concreto protendido,3.38048333,-59.81225,"4",05/02/2026,16/04/2026,,120<OAE<=500m (A4),4,,InR
260067,Ponte sobre o Igarapé Sucuriju,RR,401,"36,6","57,2","8,4",Mista (viga metálica e laje de concreto),2.96726667,-60.45425,"4",05/02/2026,17/04/2026,,20<OAE<=60m (A2),4,,InR
260056,Ponte sobre o Igarapé da Garrafa,RR,401,"65,1","31,4","8,2",Mista (viga metálica e laje de concreto),3.1379,-60.27586667,"4",05/02/2026,21/04/2026,,20<OAE<=60m (A2),4,,InR
260066,Ponte sobre o Rio Tacutu,RR,401,"137,47","283,9","12,8",Mista (viga metálica e laje de concreto),3.56815,-59.88933333,"4",05/02/2026,20/04/2026,,120<OAE<=500m (A4),4,,InR
260021,Ponte sobre o Rio Cauamé,RR,174,"509,49","181","10,2",Viga de concreto armado,2.8685,-60.69673333,"3",05/02/2026,23/04/2026,,120<OAE<=500m (A4),6,,InR
260025,Ponte sobre o Rio Murupu,RR,174,"529,1","40,3","10,4",Viga de concreto armado,3.02038333,-60.77538333,"4",05/02/2026,30/04/2026,,20<OAE<=60m (A2),6,,InR
260046,Ponte sobre o Igarapé Jacitara,RR,174,"541,9","60,4","10,1",Viga de concreto armado,3.12223333,-60.82825,"4",05/02/2026,30/04/2026,,20<OAE<=60m (A2),6,,InR
260048,Ponte sobre o Igarapé Saúba,RR,174,"551,6","51,3","10,3",Viga de concreto armado,3.20895,-60.83683333,"4",05/02/2026,03/05/2026,,20<OAE<=60m (A2),6,,InR
260035,Ponte sobre o Igarapé Truaru,RR,174,"559,8","65,6","10,3",Viga de concreto armado,3.28161667,-60.85041667,"4",05/02/2026,03/05/2026,,60>OAE<=120m (A3),6,,InR
260065,Ponte sobre o Rio Uraricoera,RR,174,"580,7","529,2","10,3",Mista (viga metálica e laje de concreto),3.4596,-60.91016667,"4",05/02/2026,04/05/2026,,500<OAE<=1000m (A5),6,,InR
260057,Ponte sobre o Rio Cauaruau,RR,174,"607,75","59,2","10,3",Mista (viga metálica e laje de concreto),3.69145,-60.98583333,"4",05/02/2026,01/05/2026,,20<OAE<=60m (A2),6,,InR
260059,Ponte sobre o Igarapé Anibal,RR,174,"612,9","36,5","10,3",Viga de concreto armado,3.73595,-60.99811667,"4",05/02/2026,29/04/2026,,20<OAE<=60m (A2),6,,InR
260018,Ponte sobre o Rio Jauari,RR,174,"615,4","88,7","10,1",Laje de concreto armado,3.75741667,-60.99758333,"4",05/02/2026,29/04/2026,,60>OAE<=120m (A3),6,,InR
260058,Ponte sobre o Rio Parimé,RR,174,"645,5","41,35","10,2",Mista (viga metálica e laje de concreto),4.02241667,-61.0429,"4",05/02/2026,28/04/2026,,20<OAE<=60m (A2),6,,InR
260032,Ponte sobre o Rio Paricaranã,RR,174,"657,4","59,6","9,7",Mista (viga metálica e laje de concreto),4.12941667,-61.03691667,"4",05/02/2026,28/04/2026,,20<OAE<=60m (A2),6,,InR
260026,Ponte sobre o Rio Surumu,RR,174,"674,2","77,7","10,3",Mista (viga metálica e laje de concreto),4.25451667,-61.03448333,"4",05/02/2026,27/04/2026,,60>OAE<=120m (A3),6,,InR
260045,Ponte sobre o Igarapé Samã,RR,174,"708,19","60,4","10,1",Viga de concreto armado,4.44508333,-61.12473333,"3",05/02/2026,27/04/2026,,20<OAE<=60m (A2),6,,InR
260047,Ponte sobre o Rio Contigo,RR,433,"123,68","128,1","10",Viga caixão de concreto protendido,4.17261667,-60.53953333,"4",05/02/2026,26/04/2026,,120<OAE<=500m (A4),7,,InR
260044,Ponte sobre o Rio Surumu,RR,433,"155,08","133,2","10",Viga de concreto armado,4.19361667,-60.79208333,"3",05/02/2026,26/04/2026,,120<OAE<=500m (A4),7,,InR
230040,Ponte sobre o Ribeirão Santa Tereza,TO,153,"603,12","30","10",Viga de concreto armado,-11.12091667,-48.92248333,"3",05/02/2026,23/04/2026,,20<OAE<=60m (A2),4,,InR
230039,Ponte sobre o Rio Crixás,TO,153,"600,4","76,4","10",Viga de concreto armado,-11.09665,-48.92008333,"3",05/02/2026,23/04/2026,,60>OAE<=120m (A3),4,,InR
230034,Ponte sobre o Ribeirão Faísqueiro,TO,153,"581,85","35","10",Viga de concreto armado,-10.93451667,-48.90893333,"3",05/02/2026,22/04/2026,,20<OAE<=60m (A2),4,,InR
230038,Ponte sobre o Córrego Feliciano,TO,153,"571,95","34,9","10",Viga de concreto armado,-10.84333333,-48.90461667,"3",05/02/2026,22/04/2026,,20<OAE<=60m (A2),4,,InR
230033,Ponte sobre o Córrego Perdizes,TO,153,"542,34","80,9","10",Viga de concreto armado,-10.57631667,-48.91428333,"3",05/02/2026,22/04/2026,,60>OAE<=120m (A3),4,,InR
230036,Ponte sobre o Ribeirão dos Mangues,TO,153,"537,35","118","10",Viga de concreto armado,-10.5378,-48.91081667,"4",05/02/2026,21/04/2026,,60>OAE<=120m (A3),4,,InR
230032,Ponte sobre o Ribeirão São José II,TO,153,"513,16","50","10",Viga de concreto armado,-10.31608333,-48.88601667,"4",05/02/2026,21/04/2026,,20<OAE<=60m (A2),4,,InR
230129,"Viaduto km 497,19",TO,153,"497,19","10,4","17,85",Arco inferior metálico,-10.17383333,-48.88068333,"4",05/02/2026,,02/04/2026,OAE<=20m (A1),4,"Não inspecionar, pois não possuem elementos convencionais de OAE (Pilar, Viga, Laje, etc.) - Confirmado com Calazans 23/04/2026 as 10:30hrs.",InR
230027,Ponte sobre o Rio do Ouro,TO,153,"479,79","49,5","10",Viga de concreto armado,-10.05651667,-48.82378333,"4",05/02/2026,20/04/2026,,20<OAE<=60m (A2),4,,InR
230026,Ponte sobre o Córrego Grotão,TO,153,"473,9","48,6","10",Viga de concreto armado,-10.02263333,-48.78331667,"2",05/02/2026,20/04/2026,,20<OAE<=60m (A2),4,,InR
230025,Ponte sobre o Ribeirão São José,TO,153,"462,85","156","10",Viga de concreto protendido,-9.93733333,-48.73898333,"3",05/02/2026,20/04/2026,,120<OAE<=500m (A4),4,,InR
230142,Passarela,TO,153,"416,67","0","-",Não informado,-9.54098034,-48.59455109,"-",05/02/2026,18/04/2026,,OAE<=20m (A1),4,Passarela,InCR
230141,Passarela,TO,153,"416","0","-",Não informado,-9.53419971,-48.59376907,"-",05/02/2026,18/04/2026,,OAE<=20m (A1),4,Passarela,InCR
230139,Passarela,TO,153,"413,6","0","-",Não informado,-9.52618,-48.5929,"-",05/02/2026,18/04/2026,,OAE<=20m (A1),4,Passarela,InCR
230077,Ponte sobre o Rio Providência (LE),TO,153,"412,97","89,6","11,8",Viga de concreto armado,-9.52106667,-48.5915,"3",05/02/2026,17/04/2026,,60>OAE<=120m (A3),4,,InR
230078,Ponte sobre o Rio Providência (LD - Marginal),TO,153,"412,96","90","12,9",Viga de concreto protendido,-9.52105,-48.5918,"4",05/02/2026,17/04/2026,,60>OAE<=120m (A3),4,,InR
230079,Ponte sobre o Rio Providência (LE - Marginal),TO,153,"412,96","90","12,9",Viga de concreto protendido,-9.52101667,-48.59135,"4",05/02/2026,17/04/2026,,60>OAE<=120m (A3),4,,InR
230080,Ponte sobre o Rio Providência (LD),TO,153,"412,96","90","12,7",Viga de concreto protendido,-9.52103333,-48.59165,"3",05/02/2026,17/04/2026,,60>OAE<=120m (A3),4,,InR
230066,Viaduto Araguaína II,TO,153,"143,62","45","10,9",Viga caixão de concreto armado,-7.19341667,-48.23523333,"4",05/02/2026,20/04/2026,,20<OAE<=60m (A2),8,,InR
230065,Viaduto Araguaína I,TO,153,"143,56","45","10,9",Viga caixão de concreto armado,-7.19285,-48.2349,"4",05/02/2026,20/04/2026,,20<OAE<=60m (A2),8,,InR
230137,Passarela,TO,153,"143,16","0","-",Não informado,-7.18236017,-48.22608948,"-",05/02/2026,20/04/2026,,OAE<=20m (A1),8,Passarela,InCR
230008,Ponte sobre o Rio Bandeira,TO,153,"123,2","25","10",Viga de concreto armado,-7.06433333,-48.1179,"3",05/02/2026,20/04/2026,,20<OAE<=60m (A2),8,,InR
230005,Ponte sobre o Ribeirão Brejão,TO,153,"117,59","25","10",Viga de concreto armado,-7.01703333,-48.10078333,"3",05/02/2026,20/04/2026,,20<OAE<=60m (A2),8,,InR
230007,Ponte sobre o Ribeirão das Lajes II,TO,153,"102,72","40","10,2",Viga de concreto armado,-6.9085,-48.04038333,"3",05/02/2026,20/04/2026,,20<OAE<=60m (A2),8,,InR
230001,Ponte Sobre o Córrego Aldeia,TO,153,"95,39","20","10",Viga de concreto armado,-6.87248333,-47.98586667,"1",05/02/2026,22/04/2026,,OAE<=20m (A1),8,,InR
230011,Ponte sobre o Córrego Santo Estevão,TO,153,"91,63","39,5","12,8",Viga de concreto armado,-6.84408333,-47.97543333,"4",05/02/2026,22/04/2026,,20<OAE<=60m (A2),8,,InR
230004,Ponte sobre o Córrego Descanso,TO,153,"71,64","39,7","12,8",Viga de concreto armado,-6.80251667,-48.11781667,"3",05/02/2026,22/04/2026,,20<OAE<=60m (A2),9,,InR
230003,Ponte sobre o Ribeirão das Lajes I,TO,153,"66,42","70,5","12,8",Viga de concreto armado,-6.78086667,-48.15421667,"4",05/02/2026,22/04/2026,,60>OAE<=120m (A3),9,,InR
230002,Ponte sobre o Rio Sapucaião,TO,153,"62,57","40","12,8",Viga de concreto armado,-6.7866,-48.18841667,"4",05/02/2026,21/04/2026,,20<OAE<=60m (A2),9,,InR
230013,Ponte sobre o Ribeirão Lago Grande,TO,153,"49,93","40","12,8",Viga de concreto armado,-6.71833333,-48.27118333,"3",05/02/2026,21/04/2026,,20<OAE<=60m (A2),9,,InR
230006,Ponte sobre o Rio Cinco Voltas,TO,153,"44,47","40","12,8",Viga de concreto armado,-6.68043333,-48.30185,"4",05/02/2026,21/04/2026,,20<OAE<=60m (A2),9,,InR
230009,Ponte sobre o Ribeirão Xambioazinho,TO,153,"22,48","71,5","12,8",Viga de concreto armado,-6.5342,-48.43121667,"3",05/02/2026,21/04/2026,,60>OAE<=120m (A3),9,,InR
230012,Ponte sobre o Córrego Bocodó,TO,153,"12,7","40","12,8",Viga de concreto armado,-6.48053333,-48.49041667,"3",05/02/2026,21/04/2026,,20<OAE<=60m (A2),9,,InR
230031,Ponte sobre o Córrego Ribeira,TO,226,"40,11","30","10",Viga de concreto armado,-6.71398333,-47.75846667,"4",05/02/2026,22/04/2026,,20<OAE<=60m (A2),10,,InR
230030,Ponte sobre o Ribeirão Curicaca,TO,226,"36,36","50,1","10",Viga de concreto armado,-6.68523333,-47.74103333,"3",05/02/2026,22/04/2026,,20<OAE<=60m (A2),10,,InR
230029,Ponte sobre o Ribeirão do Mosquito,TO,226,"12,74","39,2","10",Viga de concreto armado,-6.6176,-47.55108333,"3",05/02/2026,23/04/2026,,20<OAE<=60m (A2),10,,InR
230028,Ponte sobre o Ribeirão Croatá,TO,226,"10,48","39","10",Viga de concreto armado,-6.60371667,-47.5367,"3",05/02/2026,23/04/2026,,20<OAE<=60m (A2),10,,InR
230010,Ponte sobre o Rio Tocantins,TO,226,"0","530,7","12",Viga caixão de concreto protendido,-6.55946667,-47.45736667,"2",05/02/2026,25/04/2026,,500<OAE<=1000m (A5),11,,InR
230121,"Túnel Ferroviário km 1,14 sob a BR-230 da FNS",TO,230,"1,14","53","7,2",Arco inferior de concreto armado,-6.56195,-47.46841667,"3",05/02/2026,,23/04/2026,20<OAE<=60m (A2),11,"Não inspecionar, pois não possuem elementos convencionais de OAE (Pilar, Viga, Laje, etc.) - Confirmado com Calazans 23/04/2026 as 10:30hrs.",InR
230067,Ponte sobre o Rio Xupê,TO,230,"10,13","31,5","12,4",Viga de concreto armado,-6.51901667,-47.53045,"4",05/02/2026,23/04/2026,,20<OAE<=60m (A2),11,,InR
230068,Ponte sobre o Ribeirao Mumbuca,TO,230,"26,29","40","12,8",Viga de concreto protendido,-6.41975,-47.58683333,"4",05/02/2026,23/04/2026,,20<OAE<=60m (A2),11,,InR
230069,Ponte sobre o Ribeirão Gameleira,TO,230,"42,34","44","12,8",Viga de concreto armado,-6.37403333,-47.7083,"3",05/02/2026,24/04/2026,,20<OAE<=60m (A2),11,,InR
230070,Ponte sobre o Ribeirão Brejo Feio,TO,230,"68,48","39,3","12,8",Viga de concreto armado,-6.1987,-47.8562,"4",05/02/2026,24/04/2026,,20<OAE<=60m (A2),11,,InR
230098,Ponte sobre o Ribeirão São Bento,TO,230,"94,38","43,25","9",Viga de concreto protendido,-6.01766667,-47.90543333,"3",05/02/2026,24/04/2026,,20<OAE<=60m (A2),11,,InR
230071,Ponte sobre o Rio São Martinho,TO,230,"100,19","36,5","9",Viga de concreto protendido,-5.97698333,-47.87653333,"3",05/02/2026,24/04/2026,,20<OAE<=60m (A2),11,,InR
230072,Ponte sobre o Rio Macaúba,TO,230,"111,5","49,3","9",Viga de concreto armado,-5.89573333,-47.93593333,"4",05/02/2026,24/04/2026,,20<OAE<=60m (A2),11,,InR
150024,Ponte sobre o Rio Itaueiras,MA,226,"589,6","60","9,9",Viga de concreto armado,-6.51388333,-47.38716667,"4",20/01/2026,27/04/2026,,20<OAE<=60m (A2),14,,InR
150025,Ponte sobre o Ribeirão Sucupira,MA,226,"576,66","40","9,9",Viga de concreto armado,-6.40456667,-47.38966667,"3",20/01/2026,28/04/2026,,20<OAE<=60m (A2),14,,InR
150239,Ponte sobre o Igarapé Ipiranga,MA,222,"180,24","8,7","8,3",Viga de concreto armado,-3.48853333,-44.1618,"3",20/01/2026,16/04/2026,,OAE<=20m (A1),4,,InR
180146,Ponte sobre o Riacho São Bento,PI,316,"145,3","8,85","8,2",Viga de concreto armado,-6.1049,-42.20121667,"4",04/12/2025,,09/03/2026,OAE<=20m (A1),11,"Alto nível d’água, sem acesso",InR
180068,Ponte sobre o Rio Parnaíba,PI,226,"274,18","650","13,6",Viga de concreto protendido,-5.12981667,-42.81043333,"3",04/12/2025,,07/03/2026,500<OAE<=1000m (A5),12,Vegetação e Alto nível d’água,InR
180203,"Ponte km 266,74",PI,226,"266,74","18","15,3","-",-5.07293164,-42.73540014,"-",04/12/2025,,05/03/2026,OAE<=20m (A1),13,"Alto nível d’água, sem acesso",InCR
180204,"Ponte km 266,78",PI,226,"266,78","18","15,3","-",-5.073379,-42.735448,"-",04/12/2025,,05/03/2026,OAE<=20m (A1),13,"Alto nível d’água, sem acesso",InCR
180109,Ponte sobre o Riacho da Raposa,PI,343,"290,39","16,6","12,75",Viga de concreto armado,-4.95056667,-42.34826667,"4",04/12/2025,,04/03/2026,OAE<=20m (A1),13,"Alto nível d’água, sem acesso",InR
180110,Ponte sobre o Rio Surubim,PI,343,"301,11","14,2","10,15",Laje de concreto armado,-5.00983333,-42.42056667,"4",04/12/2025,,04/03/2026,OAE<=20m (A1),13,"Alto nível d’água, sem acesso",InR
180052,"Ponte km 305,82",PI,343,"305,82","9,7","12,5",Laje de concreto armado,-5.03825,-42.44938333,"3",04/12/2025,,04/03/2026,OAE<=20m (A1),13,OAC - Bueiro,InR
180048,Ponte sobre o Riacho Miranda,PI,343,"272,21","14,2","10",Laje de concreto armado,-4.86733333,-42.21636667,"4",04/12/2025,,04/03/2026,OAE<=20m (A1),13,"Alto nível d’água, sem acesso",InR
180105,"Pontilhão km 275,93",PI,343,"275,93","4,5","13,45",Laje de concreto armado,-4.89141667,-42.23896667,"4",04/12/2025,,04/03/2026,OAE<=20m (A1),13,"Alto nível d’água, sem acesso",InR
180077,Pontilhão sobre o Riacho do Alegre,PI,343,"279,64","4,5","13,45",Laje de concreto armado,-4.91778333,-42.25835,"4",04/12/2025,,04/03/2026,OAE<=20m (A1),13,"Alto nível d’água, sem acesso",InR
180030,Ponte sobre o Rio Longá I,PI,343,"260,09","51,65","9,9",Viga de concreto armado,-4.80271667,-42.13855,"3",04/12/2025,,03/03/2026,20<OAE<=60m (A2),13,"Alto nível d’água, sem acesso",InR
180104,Ponte sobre o Rio Longá II,PI,343,"261,21","8","10,32",Laje de concreto armado,-4.80781667,-42.14741667,"4",04/12/2025,,03/03/2026,OAE<=20m (A1),13,"Alto nível d’água, sem acesso",InR
180076,Ponte sobre o Rio Longazinho,PI,343,"262,28","10,9","10,6",Viga de concreto armado,-4.81391667,-42.15511667,"3",04/12/2025,,03/03/2026,OAE<=20m (A1),13,"Alto nível d’água, sem acesso",InR
180038,Ponte sobre o Riacho da Pintada,PI,343,"262,76","13,2","10,06",Viga de concreto armado,-4.81733333,-42.15778333,"2",04/12/2025,,03/03/2026,OAE<=20m (A1),13,"Alto nível d’água, sem acesso",InR
180188,"Pontilhão km 247,14",PI,343,"247,14","12,64","4,8",Laje de concreto armado,-4.70583333,-42.08733333,"-",04/12/2025,,03/03/2026,OAE<=20m (A1),14,OAC - Bueiro,InR
180153,Ponte sobre o Riacho Titara,PI,343,"241,08","26,5","10",Viga de concreto armado,-4.66063333,-42.06178333,"2",04/12/2025,,03/03/2026,20<OAE<=60m (A2),14,"Alto nível d’água, sem acesso",InR
180058,Ponte sobre o Riacho São Marcos,PI,343,"235,71","6,85","10,1",Laje de concreto armado,-4.63196667,-42.02283333,"4",04/12/2025,,03/03/2026,OAE<=20m (A1),14,"Alto nível d’água, sem acesso",InR
180029,Ponte sobre o Riacho Fundo,PI,343,"231,73","16,4","10,2",Viga de concreto armado,-4.6134,-41.99311667,"3",04/12/2025,,03/03/2026,OAE<=20m (A1),14,"Alto nível d’água, sem acesso",InR
180028,"Pontilhão km 212,85",PI,343,"212,85","5,65","13,1",Laje de concreto armado,-4.45405,-41.93583333,"2",04/12/2025,,02/03/2026,OAE<=20m (A1),14,OAC - Bueiro,InR
180037,"Ponte km 206,92",PI,343,"206,92","6,77","10,23",Viga de concreto armado,-4.42175,-41.894,"2",04/12/2025,,02/03/2026,OAE<=20m (A1),14,"Alto nível d’água, sem acesso",InR
180026,Ponte sobre o Rio dos Matos,PI,343,"188,87","71,3","9,85",Viga de concreto armado,-4.31276667,-41.77555,"4",04/12/2025,02/03/2026,,60>OAE<=120m (A3),14,Sem autorização Drone,InR
180075,Pontilhão sobre o Riacho dos Cágados,PI,343,"88,72","4,65","12,9",Laje de concreto armado,-3.48011667,-41.73685,"3",04/12/2025,01/03/2026,,OAE<=20m (A1),20,,InR
180152,Ponte sobre o Rio Portinho,PI,343,"1,79","110","8,3",Viga de concreto armado,-2.89538092,-41.67190708,"3",04/12/2025,27/02/2026,,60>OAE<=120m (A3),19,,InR
220172,Passarela km 698,RO,364,"-","0","-",Não informado,-8.803403,-63.750051,"-",13/05/2025,,,OAE<=20m (A1),6,Passarela - retirar do PL001_V10,InCR
220173,Passarela km 703,RO,364,"-","0","-",Não informado,-8.800584,-63.804356,"-",13/05/2025,,,OAE<=20m (A1),6,Passarela - retirar do PL001_V10,InCR
220174,Passarela km 709,RO,364,"-","0","-",Não informado,-8.789187,-63.852005,"-",13/05/2025,,,OAE<=20m (A1),6,Passarela - retirar do PL001_V10,InCR
220175,Passarela km 710,RO,364,"-","0","-",Não informado,-8.78381,-63.861124,"-",13/05/2025,,,OAE<=20m (A1),6,Passarela - retirar do PL001_V10,InCR
220176,Passarela km 711,RO,364,"-","0","-",Não informado,-8.781509,-63.865238,"-",13/05/2025,,,OAE<=20m (A1),6,Passarela - retirar do PL001_V10,InCR
220177,Passarela km 712,RO,364,"-","0","-",Não informado,-8.774138,-63.878089,"-",13/05/2025,,,OAE<=20m (A1),6,Passarela - retirar do PL001_V10,InCR
75,Ponte,MA,330,"27","66,4","0",Não informado,-7.715381,-46.044486,"-",20/01/2026,10/04/2026,,60>OAE<=120m (A3),6,,InCR
76,Ponte,MA,330,"50","66,4","0",Não informado,-7.90828853,-45.99289714,"-",20/01/2026,09/04/2026,,60>OAE<=120m (A3),6,,InCR
77,Ponte,MA,330,"40","66,4","0",Não informado,-7.841202,-46.020121,"-",20/01/2026,09/04/2026,,60>OAE<=120m (A3),6,,InCR
78,Ponte,MA,330,"105","65,7","0",Não informado,-8.315884,-45.971082,"-",20/01/2026,14/04/2026,,60>OAE<=120m (A3),6,,InCR
79,Ponte,MA,330,"51","66,4","0",Não informado,-7.92518,-45.989373,"-",20/01/2026,13/04/2026,,60>OAE<=120m (A3),6,,InCR
80,Ponte,MA,330,"77","65,7","0",Não informado,-8.145002,-46.036134,"-",20/01/2026,13/04/2026,,60>OAE<=120m (A3),6,,InCR
81,Ponte,MA,330,"87","65,7","0",Não informado,-8.220973,-46.050304,"-",20/01/2026,13/04/2026,,60>OAE<=120m (A3),6,,InCR
82,Ponte,MA,330,"139","65,7","0",Não informado,-8.44671,-45.786203,"-",20/01/2026,14/04/2026,,60>OAE<=120m (A3),6,,InCR
83,Pontilhão,PI,20,"0","0,7","0",Não informado,-9.0139096,-42.6848183,"-",04/12/2025,,,OAE<=20m (A1),6,,InCR
116,"Ponte km 81,34",PB,230,"-","25","12",Não informado,-7.171526,-35.329694,"-",19/03/2025,,,20<OAE<=60m (A2),6,,InCR
117,"Ponte km 83,13",PB,230,"-","23","12",Não informado,-7.163311,-35.344694,"-",19/03/2025,,,20<OAE<=60m (A2),6,,InCR
84,Viaduto,MA,10,"246,92","45,2","24,2",Não informado,-5.57414063,-47.44355259,"-",20/01/2026,23/04/2026,,20<OAE<=60m (A2),6,,InCR
85,Viaduto,MA,10,"246,92","45,2","23,8",Não informado,-5.55643974,-47.45572231,"-",20/01/2026,25/04/2026,,20<OAE<=60m (A2),6,,InCR
132,Passarela,RN,101,"96,48","18","-",Não informado,-5.8498,-35.2092,"-",18/03/2025,,,20<OAE<=60m (A2),6,Passarela,InCR
133,Passarela Teotônio Vilela 1,AL,101,"175,9","19,7","-",Viga de concreto armado,-9.896,-36.37063333,"-",29/11/2025,,,OAE<=20m (A1),6,,InCR
180190,Ponte sobre o Riacho Grande,PI,222,"188,46","23,2","9,3",Viga de concreto armado,-3.79683457,-42.4932908,"4",29/11/2025,,,20<OAE<=60m (A2),6,,InCR
134,Passarela Teotônio Vilela 2,AL,101,"174,1","19,7","-",Viga de concreto armado,-9.899419,-36.364714,"-",29/11/2025,,,#N/D,7,,"0"
135,"Viaduto km 127,18 (LD)",PE,232,"-","33","-",Laje de concreto armado,-8.30574,-35.96501,"-",29/11/2025,,,#N/D,8,,InCR
136,"Viaduto km 204,54 (LD)",PE,101,"204,54","90","12","-",-8.80920904,-35.62317775,"-",29/11/2025,,,#N/D,9,,InCR
137,Passarela,CE,116,"0,25","0","-",Não informado,-3.755776,-38.524339,"-",29/11/2025,,,#N/D,10,,InCR
138,Passarela,CE,116,"1,9","0","-",Não informado,-3.771496,-38.516871,"-",29/11/2025,,,#N/D,11,,InCR
141,Passarela,CE,116,"4,25","0","-",Não informado,-3.781453,-38.51371,"-",29/11/2025,,,#N/D,10,,InCR
30366,Ponte sobre Rio Ceará ( LE),CE,222,"11,3","31","0",Não informado,-3.761999,-38.684938,"-",29/11/2025,,,20<OAE<=60m (A2),13,,InCR
150,OAE,AL,101,"0","0","0","0",-9.92734,-36.4696,"0",,,,#N/D,1,OAE em rodovia federal - verificar com fiscalização,InCR
151,Passarela Teotônio Vilela,AL,101,"0","0","0","0",-9.90332,-36.3577,"0",,,,#N/D,1,OAE em rodovia federal - verificar com fiscalização,InCR
152,Passarela Teotônio Vilela,AL,101,"0","0","0","0",-9.89942,-36.3647,"0",,,,#N/D,1,OAE em rodovia federal - verificar com fiscalização,InCR
153,Passarela em Junqueiro,AL,101,"0","0","0","0",-9.89855,-36.4365,"0",,,,#N/D,1,OAE em rodovia federal - verificar com fiscalização,InCR
154,OAE,CE,222,"0","0","0","0",-3.68367,-39.3513,"0",,,,#N/D,1,OAE em rodovia federal - verificar com fiscalização,InCR
155,OAE,CE,222,"0","0","0","0",-3.67687,-39.279,"0",,,,#N/D,1,OAE em rodovia federal - verificar com fiscalização,InCR
156,OA,MA,10,"0","0","0","0",-5.57404,-47.4438,"0",,,,#N/D,1,OAE em rodovia federal - verificar com fiscalização,InCR
20007,Ponte sobre o Rio Gurupi,PA,10,"0","60","10,15",Viga de concreto armado,-4.44405,-47.53126667,"3",19/03/2026,,,20<OAE<=60m (A2),5,,InR
20008,Ponte sobre o Igarapé Onça,PA,10,"38,65","30,3","10,4",Viga de concreto armado,-4.11218333,-47.54671667,"3",19/03/2026,,,20<OAE<=60m (A2),5,,InR
20009,Ponte sobre o Rio Febromio,PA,10,"63,76","40","10,05",Viga de concreto armado,-3.89011667,-47.52411667,"3",19/03/2026,,,20<OAE<=60m (A2),5,,InR
20010,Ponte sobre o Rio Piriá (Braço Direito),PA,10,"103,69","20,3","9,8",Viga de concreto armado,-3.53396667,-47.48893333,"3",19/03/2026,,,OAE<=20m (A1),5,,InR
20015,Ponte sobre o Córrego Água Azul,PA,10,"7,61","60,5","10,2",Viga de concreto armado,-4.3791,-47.53668333,"3",19/03/2026,,,20<OAE<=60m (A2),5,,InR
20016,Ponte sobre o Rio Piriá,PA,10,"114,13","23,2","10,05",Viga de concreto armado,-3.44333333,-47.46043333,"4",19/03/2026,,,20<OAE<=60m (A2),5,,InR
20193,Ponte sobre o Igarapé Gurupi-Mirim,PA,10,"83,06","45","10",Viga de concreto armado,-3.72086667,-47.48953333,"3",19/03/2026,,,20<OAE<=60m (A2),5,,InR
157,OAE,PB,104,"0","0","0","0",-7.19544,-35.8743,"0",,,,#N/D,1,OAE em rodovia federal - verificar com fiscalização,InCR
158,OAE,PB,104,"0","0","0","0",-7.21805,-35.8758,"0",,,,#N/D,1,OAE em rodovia federal - verificar com fiscalização,InCR
159,OAE,PB,104,"0","0","0","0",-7.22066,-35.875,"0",,,,#N/D,1,OAE em rodovia federal - verificar com fiscalização,InCR
160,OAE,PB,104,"0","0","0","0",-7.27699,-35.8887,"0",,,,#N/D,1,OAE em rodovia federal - verificar com fiscalização,InCR
161,OAE,PB,104,"0","0","0","0",-7.27678,-35.8887,"0",,,,#N/D,1,OAE em rodovia federal - verificar com fiscalização,InCR
162,OAE,PB,104,"0","0","0","0",-7.27455,-35.8869,"0",,,,#N/D,1,OAE em rodovia federal - verificar com fiscalização,InCR
163,OAE,PE,101,"0","0","0","0",-8.17165,-34.9391,"0",,,,#N/D,1,OAE em rodovia federal - verificar com fiscalização,InCR
164,OAE,PE,101,"0","0","0","0",-8.63844,-35.5604,"0",,,,#N/D,1,OAE em rodovia federal - verificar com fiscalização,InCR
165,OAE,PI,316,"0","0","0","0",-5.17442,-42.7662,"0",,,,#N/D,1,OAE em rodovia federal - verificar com fiscalização,InCR
166,OAE,PI,316,"0","0","0","0",-5.1623,-42.7698,"0",,,,#N/D,1,OAE em rodovia federal - verificar com fiscalização,InCR
167,OAE,PI,226,"0","0","0","0",-5.09005,-42.7604,"0",,,,#N/D,1,OAE em rodovia federal - verificar com fiscalização,InCR
168,OAE,PI,343,"0","0","0","0",-5.07839,-42.7499,"0",,,,#N/D,1,OAE em rodovia federal - verificar com fiscalização,InCR
169,OAE,PI,343,"0","0","0","0",-5.07831,-42.7495,"0",,,,#N/D,1,OAE em rodovia federal - verificar com fiscalização,InCR
170,OAE,RN,101,"0","0","0","0",-5.8017,-35.2356,"0",,,,#N/D,1,OAE em rodovia federal - verificar com fiscalização,InCR
171,OAE,RN,101,"0","0","0","0",-5.81265,-35.2056,"0",,,,#N/D,1,OAE em rodovia federal - verificar com fiscalização,InCR
172,OAE,RN,101,"0","0","0","0",-5.82872,-35.2111,"0",,,,#N/D,1,OAE em rodovia federal - verificar com fiscalização,InCR
173,OAE,RN,226,"0","0","0","0",-5.86447,-35.3464,"0",,,,#N/D,1,OAE em rodovia federal - verificar com fiscalização,InCR
174,OAE,RN,101,"0","0","0","0",-5.8987,-35.2587,"0",,,,#N/D,1,OAE em rodovia federal - verificar com fiscalização,InCR
175,OAE,RN,101,"0","0","0","0",-5.90187,-35.2588,"0",,,,#N/D,1,OAE em rodovia federal - verificar com fiscalização,InCR
176,OAE,RN,101,"0","0","0","0",-5.91494,-35.2623,"0",,,,#N/D,1,OAE em rodovia federal - verificar com fiscalização,InCR
177,OAE,RN,101,"0","0","0","0",-5.91985,-35.2644,"0",,,,#N/D,1,OAE em rodovia federal - verificar com fiscalização,InCR
178,OAE,TO,153,"0","0","0","0",-11.2979,-48.9399,"0",,,,#N/D,1,OAE em rodovia federal - verificar com fiscalização,InCR
179,OAE BR-104/RN - a cadastrar,RN,104,"0","0","0","0",-5.46898805,-36.52978765,"0",,,,#N/D,1,Federalização BR-104/RN - Portaria 237/2026 - Nota Técnica,InCR
180,OAE BR-104/RN - a cadastrar,RN,104,"0","0","0","0",-5.4941762,-36.44314275,"0",,,,#N/D,1,Federalização BR-104/RN - Portaria 237/2026 - Nota Técnica,InCR
181,OAE BR-104/RN - a cadastrar,RN,104,"0","0","0","0",-5.48203165,-36.47680345,"0",,,,#N/D,1,Federalização BR-104/RN - Portaria 237/2026 - Nota Técnica,InCR
182,OAE BR-104/RN - a cadastrar,RN,104,"0","0","0","0",-5.20741015,-36.60941765,"0",,,,#N/D,1,Federalização BR-104/RN - Portaria 237/2026 - Nota Técnica,InCR
183,OAE BR-104/RN - a cadastrar,RN,104,"0","0","0","0",-5.2010017,-36.6042081,"0",,,,#N/D,1,Federalização BR-104/RN - Portaria 237/2026 - Nota Técnica,InCR
184,OAE BR-104/RN - a cadastrar,RN,104,"0","0","0","0",-5.6592966,-36.3206063,"0",,,,#N/D,1,Federalização BR-104/RN - Portaria 237/2026 - Nota Técnica,InCR
185,OAE BR-104/RN - a cadastrar,RN,104,"0","0","0","0",-5.62790735,-36.3359535,"0",,,,#N/D,1,Federalização BR-104/RN - Portaria 237/2026 - Nota Técnica,InCR
186,OAE BR-104/RN - a cadastrar,RN,104,"0","0","0","0",-5.6248042,-36.33747075,"0",,,,#N/D,1,Federalização BR-104/RN - Portaria 237/2026 - Nota Técnica,InCR
187,OAE BR-104/RN - a cadastrar,RN,104,"0","0","0","0",-5.6104128,-36.34452235,"0",,,,#N/D,1,Federalização BR-104/RN - Portaria 237/2026 - Nota Técnica,InCR
188,OAE BR-104/RN - a cadastrar,RN,104,"0","0","0","0",-5.58968885,-36.35465845,"0",,,,#N/D,1,Federalização BR-104/RN - Portaria 237/2026 - Nota Técnica,InCR
189,OAE BR-104/RN - a cadastrar,RN,104,"0","0","0","0",-5.57831,-36.3602692,"0",,,,#N/D,1,Federalização BR-104/RN - Portaria 237/2026 - Nota Técnica,InCR
190,OAE BR-104/RN - a cadastrar,RN,104,"0","0","0","0",-6.1618059,-36.3743876,"0",,,,#N/D,1,Federalização BR-104/RN - Portaria 237/2026 - Nota Técnica,InCR
191,OAE BR-104/RN - a cadastrar,RN,104,"0","0","0","0",-6.1739485,-36.38905015,"0",,,,#N/D,1,Federalização BR-104/RN - Portaria 237/2026 - Nota Técnica,InCR
192,OAE BR-104/RN - a cadastrar,RN,104,"0","0","0","0",-5.68499335,-36.3086799,"0",,,,#N/D,1,Federalização BR-104/RN - Portaria 237/2026 - Nota Técnica,InCR
193,OAE BR-104/RN - a cadastrar,RN,104,"0","0","0","0",-5.99632,-36.34665628,"0",,,,#N/D,1,Federalização BR-104/RN - Portaria 237/2026 - Nota Técnica,InCR
