NOME;LONGITUDE;LATITUDE;MAIS_SECO
SALINËPOLIS;-47,353889;-0,623056;SETEMBRO-OUTUBRO-NOVEMBRO
CURUCA;-47,853333;-0,7375;SETEMBRO-OUTUBRO-NOVEMBRO
PRIMAVERA;-47,099722;-0,929722;SETEMBRO-OUTUBRO-NOVEMBRO
VIGIA;-48,110556;-0,868056;SETEMBRO-OUTUBRO-NOVEMBRO
NAVIO;-50,924722;-0,399167;SETEMBRO-OUTUBRO-NOVEMBRO
SAO FRANCISCO;-52,569167;-0,567778;SETEMBRO-OUTUBRO-NOVEMBRO
C-NDIDO MENDES;-45,726389;-1,455833;SETEMBRO-OUTUBRO-NOVEMBRO
TRACUATEUA;-46,895;-1,071944;SETEMBRO-OUTUBRO-NOVEMBRO
TARARUA - PONTE;-46,598333;-1,7325;SETEMBRO-OUTUBRO-NOVEMBRO
ALTO BONITO (FAZ. BELA AURORA);-46,343889;-1,816389;SETEMBRO-OUTUBRO-NOVEMBRO
VISEU;-46,1875;-1,231111;SETEMBRO-OUTUBRO-NOVEMBRO
EMBORAI;-46,583611;-1,291667;SETEMBRO-OUTUBRO-NOVEMBRO
CAPANEMA;-47,178611;-1,202778;SETEMBRO-OUTUBRO-NOVEMBRO
CASTANHAL;-47,939444;-1,298056;SETEMBRO-OUTUBRO-NOVEMBRO
S+O DOMINGOS DO CAPIM;-47,770278;-1,676944;SETEMBRO-OUTUBRO-NOVEMBRO
IGARAP+-AÃU;-47,627778;-1,1325;SETEMBRO-OUTUBRO-NOVEMBRO
COLÈNIA SANTO ANTÈNIO;-47,491667;-1,655278;SETEMBRO-OUTUBRO-NOVEMBRO
BEL+M;-48,437778;-1,435;SETEMBRO-OUTUBRO-NOVEMBRO
SANTA ISABEL DO PAR-;-48,170833;-1,296944;SETEMBRO-OUTUBRO-NOVEMBRO
ACARA;-48,2075;-1,958333;SETEMBRO-OUTUBRO-NOVEMBRO
ABAETETUBA;-48,859444;-1,738056;SETEMBRO-OUTUBRO-NOVEMBRO
VILA DO CONDE;-48,764389;-1,568889;SETEMBRO-OUTUBRO-NOVEMBRO
MOSQUEIRO;-48,386944;-1,095556;SETEMBRO-OUTUBRO-NOVEMBRO
OEIRAS DO PARA;-49,863056;-2,001667;SETEMBRO-OUTUBRO-NOVEMBRO
ANTÈNIO LEMOS;-50,808889;-1,360833;JULHO-AGOSTO-SETEMBRO
JARILANDIA;-51,996111;-1,122778;SETEMBRO-OUTUBRO-NOVEMBRO
ACAMPAMENTO IBDF;-51,433611;-1,791667;AGOSTO-SETEMBRO-OUTUBRO
AREIAS;-51,260556;-1,213333;SETEMBRO-OUTUBRO-NOVEMBRO
ALMEIRIM;-52,580833;-1,528056;SETEMBRO-OUTUBRO-NOVEMBRO
FAZENDA BELA VISTA;-53,152778;-1,074444;SETEMBRO-OUTUBRO-NOVEMBRO
PRAINHA;-53,480833;-1,803611;SETEMBRO-OUTUBRO-NOVEMBRO
ARAPARI;-54,381111;-1,776111;AGOSTO-SETEMBRO-OUTUBRO
BOCA DO INFERNO;-54,872222;-1,503056;JUNHO-JULHO-AGOSTO
GUIMAR+ES;-44,609167;-2,138333;SETEMBRO-OUTUBRO-NOVEMBRO
ALTO TURI;-45,664722;-2,950833;SETEMBRO-OUTUBRO-NOVEMBRO
MARACACUME;-45,956944;-2,0525;SETEMBRO-OUTUBRO-NOVEMBRO
BR-316 / RIO PARUA;-45,785;-2,503333;SETEMBRO-OUTUBRO-NOVEMBRO
PIMENTA;-45,370833;-2,5825;SETEMBRO-OUTUBRO-NOVEMBRO
PINHEIRO;-45,083889;-2,515278;SETEMBRO-OUTUBRO-NOVEMBRO
SANTA HELENA;-45,270278;-2,273333;SETEMBRO-OUTUBRO-NOVEMBRO
BADAJËS;-47,7675;-2,513056;AGOSTO-SETEMBRO-OUTUBRO
FAZENDA JAUAR-;-47,739167;-2,028333;AGOSTO-SETEMBRO-OUTUBRO
FAZENDA S+O RAIMUNDO;-47,515;-2,426111;AGOSTO-SETEMBRO-OUTUBRO
CAFEZAL;-46,8025;-2,771111;AGOSTO-SETEMBRO-OUTUBRO
FAZENDA URUCURE;-48,578611;-2,447778;SETEMBRO-OUTUBRO-NOVEMBRO
TOM+-AÃU;-48,148889;-2,421111;JULHO-AGOSTO-SETEMBRO
CAMETA;-49,499722;-2,239444;SETEMBRO-OUTUBRO-NOVEMBRO
VILA ELIM;-49,371111;-2,804444;AGOSTO-SETEMBRO-OUTUBRO
BAI+O;-49,669722;-2,792778;AGOSTO-SETEMBRO-OUTUBRO
CIPOAL;-50,544444;-2,7075;AGOSTO-SETEMBRO-OUTUBRO
VILA S+O BENEDITO;-50,368611;-1,991111;SETEMBRO-OUTUBRO-NOVEMBRO
IRAPURU;-50,923611;-2,456111;AGOSTO-SETEMBRO-OUTUBRO
MARACACUERA FLORESTAL;-51,167222;-2,135;SETEMBRO-OUTUBRO-NOVEMBRO
ITAPEUA DO PARA;-52,919167;-2,336111;AGOSTO-SETEMBRO-OUTUBRO
SANTA CRUZ;-53,599167;-2,181111;AGOSTO-SETEMBRO-OUTUBRO
SANTAREM;-54,7025;-2,4425;SETEMBRO-OUTUBRO-NOVEMBRO
MONTE ALEGRE;-54,076389;-2,002222;SETEMBRO-OUTUBRO-NOVEMBRO
BELTERRA;-54,943889;-2,641944;AGOSTO-SETEMBRO-OUTUBRO
FAZENDA RURAL ZEBU;-46,873333;-3,335;JULHO-AGOSTO-SETEMBRO
PARAGOMINAS;-47,343056;-3,01;JULHO-AGOSTO-SETEMBRO
GURUPIZINHO;-47,497778;-3,742778;JULHO-AGOSTO-SETEMBRO
FAZ.PLANALTO (EX.RANCHO GRANDE);-47,4675;-3,452222;JULHO-AGOSTO-SETEMBRO
FAZENDA MARINGA;-48,098056;-3,160833;JULHO-AGOSTO-SETEMBRO
CACHOEIRA TRACAMBEUA;-49,217222;-3,511667;AGOSTO-SETEMBRO-OUTUBRO
GOIAN+SIA;-49,099167;-3,828611;JULHO-AGOSTO-SETEMBRO
FAZENDA ESTRELA DO NORTE;-50,462778;-3,853889;JULHO-AGOSTO-SETEMBRO
GRANJA GAZELA;-51,255833;-3,419444;JULHO-AGOSTO-SETEMBRO
FAZENDA CIPAUBA;-51,568056;-3,723056;JULHO-AGOSTO-SETEMBRO
BRASIL NOVO;-52,541111;-3,310278;AGOSTO-SETEMBRO-OUTUBRO
URUARA;-53,554444;-3,677778;JULHO-AGOSTO-SETEMBRO
S-TIO S+O PEDRO;-54,315;-3,872222;JULHO-AGOSTO-SETEMBRO
KM ZERO / PA-70;-47,559444;-4,286944;JULHO-AGOSTO-SETEMBRO
RETA KM-32;-47,270278;-4,828056;JULHO-AGOSTO-SETEMBRO
RONDON DO PAR-;-48,061667;-4,770278;JUNHO-JULHO-AGOSTO
FAZENDA MARCONDES;-54,641944;-3,966389;JULHO-AGOSTO-SETEMBRO
CUPARI;-55,426944;-4,175;JULHO-AGOSTO-SETEMBRO
KM 1385 BR-163;-56,079444;-4,754722;JUNHO-JULHO-AGOSTO
RURUPOLIS PRESIDENTE MEDICI;-54,902778;-4,089444;JULHO-AGOSTO-SETEMBRO
MARABA;-49,125;-5,365556;JUNHO-JULHO-AGOSTO
CAJUEIRO;-54,521111;-5,650278;JUNHO-JULHO-AGOSTO
KM 1326 BR-163;-56,057778;-5,1825;JUNHO-JULHO-AGOSTO
KM 1130  BR-163;-55,495833;-6,671389;JUNHO-JULHO-AGOSTO
JATOBA;-56,855556;-5,154167;JUNHO-JULHO-AGOSTO
FAZENDA SURUBIM;-49,418056;-6,423889;JUNHO-JULHO-AGOSTO
FAZENDA SANTA ELISA;-49,541944;-6,79;JUNHO-JULHO-AGOSTO
ELDORADO;-49,374722;-6,1025;JUNHO-JULHO-AGOSTO
FAZENDA CAICARA;-50,536389;-6,808333;JUNHO-JULHO-AGOSTO
SERRA DOS CARAJ-S - N5;-50,068056;-6,071944;JUNHO-JULHO-AGOSTO
BOA ESPERANÃA (FAZ.OMETO);-51,782778;-6,719167;JUNHO-JULHO-AGOSTO
PROJETO TUCUMA;-51,154722;-6,751389;JUNHO-JULHO-AGOSTO
KM 1027 DA BR-163;-55,261389;-7,506667;JUNHO-JULHO-AGOSTO
JACAREACANGA;-57,775556;-6,235833;JUNHO-JULHO-AGOSTO
CARMO;-50,747778;0,508333;SETEMBRO-OUTUBRO-NOVEMBRO
PORTO ARIRI;-51,126667;0,303611;SETEMBRO-OUTUBRO-NOVEMBRO
SERRA DO NAVIO;-52,001389;0,900556;SETEMBRO-OUTUBRO-NOVEMBRO
APOREMA;-50,896389;1,226667;SETEMBRO-OUTUBRO-NOVEMBRO
ITAUBAL DO AMAP-;-50,9025;1,580556;SETEMBRO-OUTUBRO-NOVEMBRO
APALAI;-54,656111;1,220278;SETEMBRO-OUTUBRO-NOVEMBRO
CALCOENE;-50,950833;2,495556;AGOSTO-SETEMBRO-OUTUBRO
AMAP-;-50,788056;2,054722;SETEMBRO-OUTUBRO-NOVEMBRO
CUNANI;-51,361389;2,698333;SETEMBRO-OUTUBRO-NOVEMBRO
CLEVEL-NDIA - OIAPOQUE;-51,831111;3,8425;AGOSTO-SETEMBRO-OUTUBRO
CAMOCIM;-40,833333;-2,916667;SETEMBRO-OUTUBRO-NOVEMBRO
ARANA+;-40,216667;-2,816667;SETEMBRO-OUTUBRO-NOVEMBRO
PACATUBA;-38,616667;-3,983333;SETEMBRO-OUTUBRO-NOVEMBRO
AQUIRAZ;-38,383333;-3,9;SETEMBRO-OUTUBRO-NOVEMBRO
CAUCAIA;-38,683333;-3,75;SETEMBRO-OUTUBRO-NOVEMBRO
UMARITUBA  NOVA;-38,9825;-3,670556;SETEMBRO-OUTUBRO-NOVEMBRO
MARANGUAPE;-38,666667;-3,9;SETEMBRO-OUTUBRO-NOVEMBRO
FUNCEME;-38,566667;-3,733333;SETEMBRO-OUTUBRO-NOVEMBRO
AMONTADA (SUDENE);-39,833611;-3,364167;SETEMBRO-OUTUBRO-NOVEMBRO
PENTECOSTE;-39,266667;-3,783333;SETEMBRO-OUTUBRO-NOVEMBRO
MIRAIMA;-39,966667;-3,566667;AGOSTO-SETEMBRO-OUTUBRO
S+O LU-S DO CURU;-39,2425;-3,8075;SETEMBRO-OUTUBRO-NOVEMBRO
TRAIRI;-39,25;-3,283333;SETEMBRO-OUTUBRO-NOVEMBRO
URUBURETAMA;-39,55;-3,616667;SETEMBRO-OUTUBRO-NOVEMBRO
PARACURU;-39,033333;-3,416667;SETEMBRO-OUTUBRO-NOVEMBRO
PARAIPABA;-39,166667;-3,4;SETEMBRO-OUTUBRO-NOVEMBRO
IRAUÃUBA;-39,75;-3,733333;SETEMBRO-OUTUBRO-NOVEMBRO
FORQUILHA;-40,25;-3,8;AGOSTO-SETEMBRO-OUTUBRO
CARIRE;-40,466667;-3,95;AGOSTO-SETEMBRO-OUTUBRO
FRECHEIRINHA;-40,816667;-3,766667;AGOSTO-SETEMBRO-OUTUBRO
GRANJA;-40,833333;-3,133333;AGOSTO-SETEMBRO-OUTUBRO
IBIAPINA;-40,883333;-3,916667;AGOSTO-SETEMBRO-OUTUBRO
MARCO;-40,15;-3,15;AGOSTO-SETEMBRO-OUTUBRO
MUCAMBO;-40,766667;-3,9;AGOSTO-SETEMBRO-OUTUBRO
TIANGU-;-40,983333;-3,733333;AGOSTO-SETEMBRO-OUTUBRO
UBAJARA;-40,916667;-3,85;AGOSTO-SETEMBRO-OUTUBRO
SANTANA DO ACARA+;-40,2;-3,466667;SETEMBRO-OUTUBRO-NOVEMBRO
URUOCA;-40,566667;-3,316667;AGOSTO-SETEMBRO-OUTUBRO
MASSAP-;-40,333333;-3,533333;AGOSTO-SETEMBRO-OUTUBRO
SOBRAL;-40,341389;-3,688889;AGOSTO-SETEMBRO-OUTUBRO
BELA CRUZ;-40,168333;-3,0575;AGOSTO-SETEMBRO-OUTUBRO
COREAU;-40,65;-3,566667;AGOSTO-SETEMBRO-OUTUBRO
MORAUJO;-40,683333;-3,466667;AGOSTO-SETEMBRO-OUTUBRO
CHAVAL;-41,233333;-3,033333;SETEMBRO-OUTUBRO-NOVEMBRO
ARACATI;-37,766667;-4,566667;SETEMBRO-OUTUBRO-NOVEMBRO
JAGUARUANA;-37,783333;-4,833333;SETEMBRO-OUTUBRO-NOVEMBRO
PALHANO;-37,966667;-4,75;SETEMBRO-OUTUBRO-NOVEMBRO
RUSSAS;-37,966667;-4,933333;SETEMBRO-OUTUBRO-NOVEMBRO
ICAPUI;-37,366667;-4,7;SETEMBRO-OUTUBRO-NOVEMBRO
ARAÃOIABA;-38,8;-4,366667;SETEMBRO-OUTUBRO-NOVEMBRO
BATURIT+;-38,883333;-4,333333;SETEMBRO-OUTUBRO-NOVEMBRO
BA+;-38,576111;-4,121667;AGOSTO-SETEMBRO-OUTUBRO
CHOROZINHO;-38,496944;-4,302222;SETEMBRO-OUTUBRO-NOVEMBRO
CRISTAIS;-38,361111;-4,500556;SETEMBRO-OUTUBRO-NOVEMBRO
GUAIUBA;-38,725833;-4,153889;SETEMBRO-OUTUBRO-NOVEMBRO
ITAPEBUSSU;-38,933333;-4,016667;SETEMBRO-OUTUBRO-NOVEMBRO
ITAPIUNA;-38,95;-4,583333;SETEMBRO-OUTUBRO-NOVEMBRO
ITAPEIM;-38,116667;-4,35;SETEMBRO-OUTUBRO-NOVEMBRO
PACOTI;-38,916667;-4,216667;SETEMBRO-OUTUBRO-NOVEMBRO
ACARAP+;-38,7;-4,216667;SETEMBRO-OUTUBRO-NOVEMBRO
CAPISTRANO;-38,9;-4,466667;SETEMBRO-OUTUBRO-NOVEMBRO
CAIO PRADO;-38,943333;-4,6575;SETEMBRO-OUTUBRO-NOVEMBRO
PACAJUS;-38,466667;-4,183333;SETEMBRO-OUTUBRO-NOVEMBRO
QUIXAD-;-39,033333;-4,966667;SETEMBRO-OUTUBRO-NOVEMBRO
PARAMOTI;-39,25;-4,083333;SETEMBRO-OUTUBRO-NOVEMBRO
CARIDADE;-39,183333;-4,233333;SETEMBRO-OUTUBRO-NOVEMBRO
MULUNGU;-38,983333;-4,3;SETEMBRO-OUTUBRO-NOVEMBRO
UBIRAÃU;-39,616667;-4,416667;SETEMBRO-OUTUBRO-NOVEMBRO
ARATUBA;-39,05;-4,416667;SETEMBRO-OUTUBRO-NOVEMBRO
ITATIRA;-39,616667;-4,533333;SETEMBRO-OUTUBRO-NOVEMBRO
CANIND+;-39,3;-4,35;SETEMBRO-OUTUBRO-NOVEMBRO
RERIUTABA;-40,583333;-4,15;AGOSTO-SETEMBRO-OUTUBRO
CARNAUBAL;-40,95;-4,166667;AGOSTO-SETEMBRO-OUTUBRO
CROAT-;-40,911944;-4,415556;AGOSTO-SETEMBRO-OUTUBRO
TAMBORIL;-40,333333;-4,833333;AGOSTO-SETEMBRO-OUTUBRO
CATUNDA;-40,2;-4,666667;AGOSTO-SETEMBRO-OUTUBRO
IPUEIRAS;-40,716667;-4,533333;AGOSTO-SETEMBRO-OUTUBRO
NOVA RUSSAS;-40,566667;-4,716667;AGOSTO-SETEMBRO-OUTUBRO
PORANGA;-40,916667;-4,733333;AGOSTO-SETEMBRO-OUTUBRO
GRAÃA;-40,75;-4,05;AGOSTO-SETEMBRO-OUTUBRO
GUARACIABA DO NORTE;-40,75;-4,183333;AGOSTO-SETEMBRO-OUTUBRO
MONSENHOR TABOSA;-40,066667;-4,8;SETEMBRO-OUTUBRO-NOVEMBRO
S+O BENEDITO;-40,866667;-4,05;AGOSTO-SETEMBRO-OUTUBRO
HIDROL-NDIA;-40,4;-4,416667;AGOSTO-SETEMBRO-OUTUBRO
OLHO D'-GUA DA BICA;-38;-5,383333;SETEMBRO-OUTUBRO-NOVEMBRO
POTIRETAMA;-38,166667;-5,7;SETEMBRO-OUTUBRO-NOVEMBRO
JAGUARETAMA;-38,766667;-5,616667;AGOSTO-SETEMBRO-OUTUBRO
CASTANH+O;-38,407778;-5,467222;SETEMBRO-OUTUBRO-NOVEMBRO
IRACEMA;-38,3;-5,816667;SETEMBRO-OUTUBRO-NOVEMBRO
MORADA NOVA;-38,366667;-5,1;SETEMBRO-OUTUBRO-NOVEMBRO
PIQUET CARNEIRO;-39,416667;-5,816667;SETEMBRO-OUTUBRO-NOVEMBRO
SOLONËPOLE;-39,016667;-5,7;AGOSTO-SETEMBRO-OUTUBRO
BOA VIAGEM;-39,716667;-5,133333;SETEMBRO-OUTUBRO-NOVEMBRO
PEDRA BRANCA;-39,716667;-5,45;SETEMBRO-OUTUBRO-NOVEMBRO
SENADOR POMPEU;-39,368333;-5,58;SETEMBRO-OUTUBRO-NOVEMBRO
MOMBAÃA;-39,616667;-5,75;SETEMBRO-OUTUBRO-NOVEMBRO
NOVO ORIENTE;-40,773889;-5,538611;AGOSTO-SETEMBRO-OUTUBRO
INDEPEND-NCIA;-40,312778;-5,393611;SETEMBRO-OUTUBRO-NOVEMBRO
AEROPORTO (CRATE+S);-40,7;-5,2;AGOSTO-SETEMBRO-OUTUBRO
LAVRAS DA MANGABEIRA (DNOCS);-38,960833;-6,762778;AGOSTO-SETEMBRO-OUTUBRO
UMARI;-38,7;-6,633333;AGOSTO-SETEMBRO-OUTUBRO
AURORA;-38,966667;-6,933333;AGOSTO-SETEMBRO-OUTUBRO
PEREIRO;-38,466667;-6,05;SETEMBRO-OUTUBRO-NOVEMBRO
IPAUMIRIM;-38,716667;-6,783333;AGOSTO-SETEMBRO-OUTUBRO
ICË;-38,863611;-6,408611;AGOSTO-SETEMBRO-OUTUBRO
ORËS;-38,916667;-6,25;SETEMBRO-OUTUBRO-NOVEMBRO
GRANJEIRO;-39,216667;-6,883333;JULHO-AGOSTO-SETEMBRO
ASSAR+;-39,866667;-6,866667;JULHO-AGOSTO-SETEMBRO
ACOPIARA;-39,45;-6,116667;SETEMBRO-OUTUBRO-NOVEMBRO
CEDRO;-39,066667;-6,6;AGOSTO-SETEMBRO-OUTUBRO
FARIAS BRITO;-39,566667;-6,916667;JULHO-AGOSTO-SETEMBRO
CARI+S;-39,5;-6,533333;JULHO-AGOSTO-SETEMBRO
IGUATU;-39,293611;-6,3725;JULHO-AGOSTO-SETEMBRO
MALHADA;-39,961667;-6,646111;AGOSTO-SETEMBRO-OUTUBRO
TAU-;-40,283333;-6,016667;AGOSTO-SETEMBRO-OUTUBRO
ARNEIROZ;-40,158611;-6,326389;AGOSTO-SETEMBRO-OUTUBRO
FAZENDA NOVA;-40,366667;-6,5;AGOSTO-SETEMBRO-OUTUBRO
PARAMBU;-40,7;-6,216667;AGOSTO-SETEMBRO-OUTUBRO
MAURITI;-38,766667;-7,383333;JULHO-AGOSTO-SETEMBRO
BREJO SANTO;-38,983333;-7,491111;JULHO-AGOSTO-SETEMBRO
CUNCAS;-38,716667;-7,083333;AGOSTO-SETEMBRO-OUTUBRO
PODIMIRIM;-38,984722;-7,299722;JULHO-AGOSTO-SETEMBRO
SANTANA DO CARIRI;-39,733333;-7,183333;JULHO-AGOSTO-SETEMBRO
CRATO;-39,4;-7,233333;JULHO-AGOSTO-SETEMBRO
CARIRIAÃU;-39,283333;-7,033333;AGOSTO-SETEMBRO-OUTUBRO
BARBALHA;-39,3;-7,333333;JULHO-AGOSTO-SETEMBRO
JARDIM;-39,283333;-7,583333;AGOSTO-SETEMBRO-OUTUBRO
JATI;-39;-7,683333;AGOSTO-SETEMBRO-OUTUBRO
SALITRE;-40,466667;-7,283333;JULHO-AGOSTO-SETEMBRO
ARARIPE;-40,133333;-7,2;JULHO-AGOSTO-SETEMBRO
CAMPOS SALES;-40,383333;-7,083333;JULHO-AGOSTO-SETEMBRO
NOVA OLINDA DO NORTE;-59,089722;-3,884722;JULHO-AGOSTO-SETEMBRO
BORBA;-59,598333;-4,391389;JULHO-AGOSTO-SETEMBRO
NITERËI (TERRA PRETA II);-59,249444;-4,749722;JUNHO-JULHO-AGOSTO
NOVO ARIPUAN+;-60,383056;-5,121111;JULHO-AGOSTO-SETEMBRO
RECREIO (PEDREIRAS);-60,700556;-5,296389;JUNHO-JULHO-AGOSTO
MONTE ALEGRE;-60,373611;-5,589167;JULHO-AGOSTO-SETEMBRO
MANICOR+;-61,3;-5,816667;JUNHO-JULHO-AGOSTO
SERINGAL JENIPAPO;-60,187778;-6,000278;JUNHO-JULHO-AGOSTO
NATAL (TIGRE);-60,516667;-6,933333;JUNHO-JULHO-AGOSTO
NOVA ESPERANÃA;-61,766667;-6,360556;JUNHO-JULHO-AGOSTO
VILA DO APUI;-59,892222;-7,200833;JUNHO-JULHO-AGOSTO
PRAINHA VELHA;-60,643611;-7,205;JUNHO-JULHO-AGOSTO
BOCA DO GUARIBA;-60,578333;-7,705278;JUNHO-JULHO-AGOSTO
FAZENDA -GUA AZUL;-61,244167;-7,822778;JUNHO-JULHO-AGOSTO
TABAJARA;-62,053889;-8,933333;JUNHO-JULHO-AGOSTO
PORTO VELHO;-63,916667;-8,766667;JUNHO-JULHO-AGOSTO
S-TIO VISTA ALEGRE (STA.MARIA);-63,6475;-8,097778;JUNHO-JULHO-AGOSTO
CONCISA;-60,690556;-9,8;JUNHO-JULHO-AGOSTO
F-BIO (BOLICHE);-61,978889;-9,681389;JUNHO-JULHO-AGOSTO
MINERAÃ+O ORIENTE NOVO;-62,393889;-9,586389;JUNHO-JULHO-AGOSTO
MINERAÃ+O JACUND-;-62,953056;-9,179167;JUNHO-JULHO-AGOSTO
ARIQUEMES;-63,056944;-9,931667;JUNHO-JULHO-AGOSTO
SANTO ANTÈNIO BR-364;-63,161944;-9,260556;JUNHO-JULHO-AGOSTO
FAZENDA RIO BRANCO;-62,987778;-9,887222;JUNHO-JULHO-AGOSTO
SETOR CACHOEIRINHA;-62,988056;-9,887222;JUNHO-JULHO-AGOSTO
PALMEIRAL;-64,812222;-9,516389;JUNHO-JULHO-AGOSTO
ABUN+;-65,364722;-9,703056;JUNHO-JULHO-AGOSTO
NOVA CALIFORNIA;-66,611667;-9,755556;JUNHO-JULHO-AGOSTO
PEDREIRAS;-65,993056;-9,690278;JUNHO-JULHO-AGOSTO
VALE DO NATAL;-58,8675;-10,588056;JUNHO-JULHO-AGOSTO
HUMBOLDT;-59,450833;-10,174722;JUNHO-JULHO-AGOSTO
JIPARAN-;-61,930556;-10,849444;JUNHO-JULHO-AGOSTO
RONDOMINAS (BARROCAS);-62,001389;-10,516944;JUNHO-JULHO-AGOSTO
JARU;-62,465556;-10,445833;JUNHO-JULHO-AGOSTO
SERINGAL 70;-62,627222;-10,236389;JUNHO-JULHO-AGOSTO
MIRANTE DA SERRA;-62,656111;-11,003611;JUNHO-JULHO-AGOSTO
THEOBROMA;-62,345833;-10,236389;JUNHO-JULHO-AGOSTO
ESCOLA CARAMUR+;-63,646111;-10,505;JUNHO-JULHO-AGOSTO
MINERAÃ+O PONTE MASSANGANA;-63,416667;-10,35;JUNHO-JULHO-AGOSTO
GUAJAR--MIRIM;-65,347778;-10,7925;JUNHO-JULHO-AGOSTO
PL-CIDO DE CASTRO;-67,182778;-10,336944;JUNHO-JULHO-AGOSTO
VILA CAPIXABA;-67,676667;-10,575833;JUNHO-JULHO-AGOSTO
BOTECO DOS MINEIROS;-59,325;-11,818611;JUNHO-JULHO-AGOSTO
MARCO RONDON;-60,855;-12,015278;JUNHO-JULHO-AGOSTO
FAZENDA FLOR DO CAMPO;-60,867778;-11,748889;JUNHO-JULHO-AGOSTO
VISTA ALEGRE;-61,483889;-11,440833;JUNHO-JULHO-AGOSTO
PIMENTA BUENO;-61,192222;-11,683611;JUNHO-JULHO-AGOSTO
ROLIM DE MOURA;-61,776389;-11,749722;JUNHO-JULHO-AGOSTO
RIBERALTA 045;-66,083333;-11,016667;JUNHO-JULHO-AGOSTO
PEDRAS NEGRAS;-62,899167;-12,851389;JUNHO-JULHO-AGOSTO
PRINCIPE DA BEIRA;-64,4225;-12,426944;JUNHO-JULHO-AGOSTO
COLORADO DO OESTE;-60,548333;-13,114167;JUNHO-JULHO-AGOSTO
CEREJEIRA;-60,823333;-13,196667;JUNHO-JULHO-AGOSTO
PIMENTEIRAS;-61,046389;-13,479722;JUNHO-JULHO-AGOSTO
PONTES E LACERDA;-59,353611;-15,215556;JUNHO-JULHO-AGOSTO
MATO GROSSO;-59,949167;-15,0075;JUNHO-JULHO-AGOSTO
FAZENDA AREI+O;-60,031667;-15,400278;JUNHO-JULHO-AGOSTO
BARRO DURO;-42,309444;-2,894444;SETEMBRO-OUTUBRO-NOVEMBRO
SAO BENTO;-44,823333;-2,701111;SETEMBRO-OUTUBRO-NOVEMBRO
IGUARA;-43,873611;-3,553611;AGOSTO-SETEMBRO-OUTUBRO
NINA RODRIGUES;-43,898889;-3,459444;AGOSTO-SETEMBRO-OUTUBRO
MUNIM;-43,708611;-3,595278;AGOSTO-SETEMBRO-OUTUBRO
MATA ROMA;-43,112222;-3,625833;AGOSTO-SETEMBRO-OUTUBRO
BREJO DO MEIO;-43,501111;-3,926111;AGOSTO-SETEMBRO-OUTUBRO
GONCALO;-43,236389;-3,044167;AGOSTO-SETEMBRO-OUTUBRO
CANTANHEDE;-44,376389;-3,6325;JULHO-AGOSTO-SETEMBRO
PIRITORO;-44,287222;-3,706389;JULHO-AGOSTO-SETEMBRO
PEDRAS;-44,0175;-3,943611;JULHO-AGOSTO-SETEMBRO
PRESIDENTE JUSCELINO;-44,064167;-2,927222;SETEMBRO-OUTUBRO-NOVEMBRO
SAO MATEUS DO MARANHAO;-44,466667;-3,983333;JULHO-AGOSTO-SETEMBRO
MIRANDA;-44,583333;-3,566667;JULHO-AGOSTO-SETEMBRO
LAGO ACU;-44,833333;-3,766667;JULHO-AGOSTO-SETEMBRO
ARATOI GRANDE (PCD-SIVAM);-45,218333;-3,770833;JULHO-AGOSTO-SETEMBRO
PINDARE-MIRIM (PCD-SIVAM);-45,443056;-3,658333;AGOSTO-SETEMBRO-OUTUBRO
BOA VISTA DO PINDARE;-45,010556;-3,402778;AGOSTO-SETEMBRO-OUTUBRO
NEWTON BELO;-45,669444;-3,424444;AGOSTO-SETEMBRO-OUTUBRO
TUCUMA;-46,178889;-4,231389;JULHO-AGOSTO-SETEMBRO
CODO (PCD-SIVAM);-43,876667;-4,458611;JULHO-AGOSTO-SETEMBRO
FAZENDA SOBRAL;-43,925833;-4,467222;JULHO-AGOSTO-SETEMBRO
PALMEIRA DO NORTE;-43,645556;-4,418056;AGOSTO-SETEMBRO-OUTUBRO
ALDEIAS ALTAS;-43,468333;-4,626111;JULHO-AGOSTO-SETEMBRO
COROATA;-44,165833;-4,162778;JULHO-AGOSTO-SETEMBRO
PEDREIRAS II;-44,605;-4,570278;JULHO-AGOSTO-SETEMBRO
SANTA VITORIA;-44,894167;-4,951667;JULHO-AGOSTO-SETEMBRO
PIRITORO BR-316;-44,333333;-4,375;JULHO-AGOSTO-SETEMBRO
ESPERANTINA;-45,271111;-4,031111;JULHO-AGOSTO-SETEMBRO
ANGICO;-45,180556;-4,742778;JULHO-AGOSTO-SETEMBRO
ARAME;-46,011389;-4,886389;JULHO-AGOSTO-SETEMBRO
LAGO DA PEDRA;-45,125556;-4,560556;JULHO-AGOSTO-SETEMBRO
SAO JOAO DO GRAJAU;-45,358056;-4,240556;JULHO-AGOSTO-SETEMBRO
PONTE BR-222 (PCD-SIVAM);-46,493611;-4,304167;JULHO-AGOSTO-SETEMBRO
FAZENDA PEDREIRAS;-46,7475;-4,409167;JULHO-AGOSTO-SETEMBRO
LAGOA;-43,358611;-5,484444;JUNHO-JULHO-AGOSTO
MENDES;-43,587222;-5,709167;JUNHO-JULHO-AGOSTO
VEREDA GRANDE;-43,415833;-5,97;JUNHO-JULHO-AGOSTO
FLORES;-44,928333;-5,419722;JUNHO-JULHO-AGOSTO
GRACA ARANHA;-44,335556;-5,405;JULHO-AGOSTO-SETEMBRO
RIO CORDA II;-45,313056;-5,7275;JULHO-AGOSTO-SETEMBRO
FORTALEZA;-46,238611;-5,604444;JUNHO-JULHO-AGOSTO
SITIO NOVO;-46,701944;-5,884167;JUNHO-JULHO-AGOSTO
BURITIRAMA;-47,019167;-5,594444;JUNHO-JULHO-AGOSTO
PASSAGEM FRANCA;-43,777778;-6,175556;JUNHO-JULHO-AGOSTO
COLINAS;-44,253889;-6,0275;JUNHO-JULHO-AGOSTO
MIRADOR (PCD-SIVAM);-44,359444;-6,369167;JUNHO-JULHO-AGOSTO
PORTO DO LOPES;-44,344444;-6,010278;JUNHO-JULHO-AGOSTO
CAMPO LARGO;-44,714444;-6,066944;JUNHO-JULHO-AGOSTO
PAPAGAIO;-45,399444;-5,985556;JUNHO-JULHO-AGOSTO
MATO GROSSO;-45,109167;-6,844167;JUNHO-JULHO-AGOSTO
FAZENDA SAO VICENTE;-46,333611;-6,818333;JUNHO-JULHO-AGOSTO
FAZENDA SEMPRE VIVA;-46,268889;-6,192778;JUNHO-JULHO-AGOSTO
TINGUIS;-41,975556;-3,723333;AGOSTO-SETEMBRO-OUTUBRO
ESPERANTINA (BOA ESPERANCA);-42,229444;-3,903333;AGOSTO-SETEMBRO-OUTUBRO
LUZILANDIA;-42,373333;-3,462222;AGOSTO-SETEMBRO-OUTUBRO
BARRA DA ONCA;-42,723889;-3,364722;AGOSTO-SETEMBRO-OUTUBRO
FAZENDA ALEGRIA;-42,193889;-4,410556;AGOSTO-SETEMBRO-OUTUBRO
MIGUEL ALVES;-42,89;-4,167222;AGOSTO-SETEMBRO-OUTUBRO
DUQUE BACELAR;-42,946111;-4,152778;AGOSTO-SETEMBRO-OUTUBRO
FAZENDA BOA ESPERANCA;-41,736944;-5,224722;JULHO-AGOSTO-SETEMBRO
PRATA DO PIAUI;-42,205556;-5,666389;JULHO-AGOSTO-SETEMBRO
TERESINA;-42,799167;-5,087778;JULHO-AGOSTO-SETEMBRO
FAZENDA VENEZA  (PCD INPE);-43,024167;-5,572778;JUNHO-JULHO-AGOSTO
PALMEIRAIS;-43,063611;-5,979444;JUNHO-JULHO-AGOSTO
FAZENDA TALHADA;-42,106111;-6,973333;JUNHO-JULHO-AGOSTO
LAGES;-43,401111;-6,61;JUNHO-JULHO-AGOSTO
BARAO DE GRAJAU  (PCD INPE);-43,026389;-6,761944;JUNHO-JULHO-AGOSTO
ITAINOPOLIS;-41,4775;-7,449722;JUNHO-JULHO-AGOSTO
SANTA CRUZ DO PIAUI;-41,765;-7,181944;JUNHO-JULHO-AGOSTO
SAO FRANCISCO DO PIAUI;-42,544444;-7,233056;JUNHO-JULHO-AGOSTO
FRANCISCO AYRES;-42,697778;-6,625;JUNHO-JULHO-AGOSTO
BARRA DO LANCE;-43,644444;-7,245278;JUNHO-JULHO-AGOSTO
SAO FELIX DE BALSAS;-44,8125;-7,081389;JUNHO-JULHO-AGOSTO
RIBEIRO GONCALVES;-45,243333;-7,558056;JUNHO-JULHO-AGOSTO
SAMBAIBA;-45,347778;-7,138611;JUNHO-JULHO-AGOSTO
FAZENDA TIGRE;-45,607778;-7,374722;JUNHO-JULHO-AGOSTO
BALSAS;-46,034167;-7,5225;JUNHO-JULHO-AGOSTO
BREJO COMPRIDO;-45,988611;-7,928611;JUNHO-JULHO-AGOSTO
MORRO VERMELHO;-46,554444;-7,157778;JUNHO-JULHO-AGOSTO
RECURSOS;-46,3075;-7,331389;JUNHO-JULHO-AGOSTO
CRISTINO CASTRO II;-44,205833;-8,7925;JUNHO-JULHO-AGOSTO
BABILONIA;-45,967778;-8,3175;JUNHO-JULHO-AGOSTO
BARRA DO FOSDAO;-45,5875;-8,101389;JUNHO-JULHO-AGOSTO
INHUMAS;-45,968056;-8,821111;JUNHO-JULHO-AGOSTO
BOA VISTA;-46,118056;-8,790278;JUNHO-JULHO-AGOSTO
ALTO PARNAIBA;-45,926111;-9,113056;JUNHO-JULHO-AGOSTO
FARTURA;-42,783333;-9,366667;JUNHO-JULHO-AGOSTO
LUIS CORREIA;-41,6667;-2,8833;AGOSTO-SETEMBRO-OUTUBRO
PARNAIBA;-41,783333;-2,916667;AGOSTO-SETEMBRO-OUTUBRO
BOM PRINCIPIO;-41,633333;-3,25;SETEMBRO-OUTUBRO-NOVEMBRO
BURITI DOS LOPES;-41,866667;-3,183333;SETEMBRO-OUTUBRO-NOVEMBRO
COCAL;-41,566667;-3,483333;AGOSTO-SETEMBRO-OUTUBRO
PIRACURUCA;-41,716667;-3,933333;JULHO-AGOSTO-SETEMBRO
LUZILANDIA;-42,366667;-3,466667;AGOSTO-SETEMBRO-OUTUBRO
MATIAS OLIMPIO;-42,55;-4,716667;AGOSTO-SETEMBRO-OUTUBRO
PORTO;-42,716667;-3,9;AGOSTO-SETEMBRO-OUTUBRO
CAPITAO DE CAMPOS;-41,95;-4,466667;JULHO-AGOSTO-SETEMBRO
PEDRO II;-41,466667;-4,416667;AGOSTO-SETEMBRO-OUTUBRO
PIRIPIRI;-41,783333;-4,283333;JULHO-AGOSTO-SETEMBRO
BARRAS;-42,3;-4,25;AGOSTO-SETEMBRO-OUTUBRO
BATALHA;-42,083333;-4,033333;AGOSTO-SETEMBRO-OUTUBRO
CAMPO MAIOR;-42,183333;-4,816667;JULHO-AGOSTO-SETEMBRO
JOSE DE FREITAS;-42,583333;-4,75;JULHO-AGOSTO-SETEMBRO
UNIAO;-42,866667;-4,583333;JULHO-AGOSTO-SETEMBRO
CASTELO DO PIAUI;-41,566667;-5,333333;JULHO-AGOSTO-SETEMBRO
S. CRUZ DOS MILAGRES;-41,966667;-5,816667;JUNHO-JULHO-AGOSTO
SAO JOAO DA SERRA;-41,916667;-5,5;JULHO-AGOSTO-SETEMBRO
S. MIGUEL DO TAPUIO;-41,333333;-5,5;JULHO-AGOSTO-SETEMBRO
ALTOS;-42,466667;-5,033333;JULHO-AGOSTO-SETEMBRO
ALTO LONGA;-42,216667;-5,266667;JULHO-AGOSTO-SETEMBRO
BENEDITINOS;-42,366667;-5,45;JULHO-AGOSTO-SETEMBRO
BARRO DURO;-42,816667;-5,85;JUNHO-JULHO-AGOSTO
DEMERVAL LOBAO;-42,7;-5,366667;JULHO-AGOSTO-SETEMBRO
MONSENHOR GIL;-42,616667;-5,583333;JULHO-AGOSTO-SETEMBRO
SAO FELIX DO PIAUI;-42,116667;-5,933333;JULHO-AGOSTO-SETEMBRO
SAO PEDRO DO PIAU-;-42,733333;-5,933333;JUNHO-JULHO-AGOSTO
PIO IX;-40,95;-6,833333;JULHO-AGOSTO-SETEMBRO
AROAZES;-41,783333;-6,116667;JULHO-AGOSTO-SETEMBRO
BOCAINA;-41,316667;-6,9;JULHO-AGOSTO-SETEMBRO
INHUMA;-41,2;-6,666667;JUNHO-JULHO-AGOSTO
IPIRANGA DO PIAUI;-41,733333;-6,816667;JUNHO-JULHO-AGOSTO
MONS.  HIPOLITO;-41,116667;-6,983333;AGOSTO-SETEMBRO-OUTUBRO
PIMENTEIRAS DO PIAUI;-41,433333;-6,25;JULHO-AGOSTO-SETEMBRO
VALENCA;-41,75;-6,4;JULHO-AGOSTO-SETEMBRO
NOVO ORIENTE;-41,966667;-6,966667;JULHO-AGOSTO-SETEMBRO
AMARANTE;-42,85;-6,25;JUNHO-JULHO-AGOSTO
ELESBAO VELOSO;-42,133333;-6,2;JULHO-AGOSTO-SETEMBRO
FRANCINOPOLIS;-42,261944;-5,604167;JUNHO-JULHO-AGOSTO
NAZARE DO PIAUI;-42,666667;-6,966667;JUNHO-JULHO-AGOSTO
VARZEA GRANDE;-42,216667;-6,566667;JUNHO-JULHO-AGOSTO
FLORIANO;-43,016667;-6,766667;JUNHO-JULHO-AGOSTO
GUADALUPE;-42,666667;-6,75;JUNHO-JULHO-AGOSTO
SAO JULIAO;-40,9;-7,133333;JUNHO-JULHO-AGOSTO
SIMOES;-40,816667;-7,6;JUNHO-JULHO-AGOSTO
CONCEICAO  CANINDE;-41,566667;-7,9;JULHO-AGOSTO-SETEMBRO
JAICOS;-41,133333;-7,366667;JUNHO-JULHO-AGOSTO
PATOS DO PIAUI;-41,25;-7,666667;JUNHO-JULHO-AGOSTO
PICOS;-41,466667;-7,083333;JULHO-AGOSTO-SETEMBRO
SIMPLICIO MENDES;-41,916667;-7,85;JULHO-AGOSTO-SETEMBRO
CAMPINAS DO PIAUI;-41,866667;-7,65;JUNHO-JULHO-AGOSTO
SANTA CRUZ DO PIAUI;-41,75;-7,166667;JUNHO-JULHO-AGOSTO
ISAIAS COELHO;-41,666667;-7,616667;JULHO-AGOSTO-SETEMBRO
FLORES DO PIAUI;-42,933333;-7,816667;JUNHO-JULHO-AGOSTO
OEIRAS;-42,133333;-7,016667;JUNHO-JULHO-AGOSTO
PAES LANDIM;-42,25;-7,733333;JULHO-AGOSTO-SETEMBRO
COLONIA DO PIAUI;-42,183333;-7,233333;JUNHO-JULHO-AGOSTO
S FRANCISCO DO PIAUI;-42,55;-7,25;JUNHO-JULHO-AGOSTO
SAO JOSE DO PEIXE;-42,566667;-7,483333;JUNHO-JULHO-AGOSTO
SOCORRO DO PIAUI;-42,5;-7,8;JUNHO-JULHO-AGOSTO
BERTOLINIA;-43,95;-7,633333;JUNHO-JULHO-AGOSTO
ITAUEIRAS;-43,033333;-7,6;JUNHO-JULHO-AGOSTO
JERUMENHA;-42,516667;-7,083333;JUNHO-JULHO-AGOSTO
LANDRI SALES;-43,933333;-7,266667;JUNHO-JULHO-AGOSTO
URUCUI;-44,55;-7,233333;JUNHO-JULHO-AGOSTO
MARCOS PARENTE;-44,916667;-7,15;JUNHO-JULHO-AGOSTO
CANTO DO BURITI;-42,95;-8,116667;JUNHO-JULHO-AGOSTO
S. J. DO PIAUI;-42,25;-8,366667;JULHO-AGOSTO-SETEMBRO
ELIZEU MARTINS;-43,7;-8,2;JULHO-AGOSTO-SETEMBRO
SAO LOURENÃO;-42,383333;-9,183333;JULHO-AGOSTO-SETEMBRO
SAO R. NONATO;-42,683333;-9,016667;JUNHO-JULHO-AGOSTO
CARACOL;-43,316667;-9,283333;JUNHO-JULHO-AGOSTO
BOM JESUS;-44,35;-9,066667;JUNHO-JULHO-AGOSTO
BARREIRA DO PIAUI;-45,483333;-9,95;JUNHO-JULHO-AGOSTO
GILBUES;-45,35;-9,833333;JUNHO-JULHO-AGOSTO
CURIMATA;-44,283333;-10,033333;JUNHO-JULHO-AGOSTO
PARNAGUA;-44,633333;-10,216667;JUNHO-JULHO-AGOSTO
CORRENTE;-45,15;-10,45;JUNHO-JULHO-AGOSTO
CRISTALANDIA;-45,283333;-10,583333;JUNHO-JULHO-AGOSTO
FRONTEIRAS;-40,616667;-7,083333;AGOSTO-SETEMBRO-OUTUBRO
PAULISTANA;-41,15;-8,133333;JUNHO-JULHO-AGOSTO
BOCA DA CAATINGA;-43,551389;-14,786389;JUNHO-JULHO-AGOSTO
MANGA;-43,932222;-14,756667;JUNHO-JULHO-AGOSTO
S+O GONÃALO;-44,460278;-14,313611;JUNHO-JULHO-AGOSTO
CAPIT-NEA;-44,483611;-14,423056;JUNHO-JULHO-AGOSTO
MIRAVANIA;-44,411111;-14,7475;JUNHO-JULHO-AGOSTO
JUVEN-LIA;-44,160833;-14,262778;JUNHO-JULHO-AGOSTO
LAGOA DAS PEDRAS;-44,409444;-14,280556;JUNHO-JULHO-AGOSTO
FAZENDA PORTO ALEGRE;-44,521667;-14,268333;JUNHO-JULHO-AGOSTO
ITAPEBI;-39,526111;-15,960833;JULHO-AGOSTO-SETEMBRO
COLÈNIA DO  JAIBA;-43,675278;-15,341111;JUNHO-JULHO-AGOSTO
JANA+BA;-43,279722;-15,775556;JUNHO-JULHO-AGOSTO
S+O FRANCISCO;-44,868056;-15,949444;JUNHO-JULHO-AGOSTO
PEDRAS DE MARIA DA CRUZ;-44,395833;-15,600556;JUNHO-JULHO-AGOSTO
FAZENDA CANAD-;-44,054722;-15,021944;JUNHO-JULHO-AGOSTO
S+O JO+O DA PONTE;-44,004167;-15,930278;JUNHO-JULHO-AGOSTO
ARINOS - MONTANTE;-46,109722;-15,924444;JUNHO-JULHO-AGOSTO
CABECEIRAS;-46,924722;-15,800833;JUNHO-JULHO-AGOSTO
MUNDO NOVO;-39,580833;-16,263611;JULHO-AGOSTO-SETEMBRO
JACINTO;-40,290278;-16,138611;JUNHO-JULHO-AGOSTO
FAZENDA CAJUEIRO;-40,739444;-16,120278;JUNHO-JULHO-AGOSTO
ITAOBIM;-41,503056;-16,568333;JUNHO-JULHO-AGOSTO
JEQUITINHONHA;-41,013889;-16,4275;JUNHO-JULHO-AGOSTO
S+O JO+O GRANDE;-41,498333;-16,689444;JUNHO-JULHO-AGOSTO
ITINGA;-41,7675;-16,618056;JUNHO-JULHO-AGOSTO
MEDINA;-41,480833;-16,23;JUNHO-JULHO-AGOSTO
CORONEL MURTA;-42,186944;-16,613056;JUNHO-JULHO-AGOSTO
PORTO MANDACARU;-42,485556;-16,678889;JUNHO-JULHO-AGOSTO
PEGA;-42,3475;-16,86;JUNHO-JULHO-AGOSTO
GR+O MOGOL;-42,918611;-16,590556;JUNHO-JULHO-AGOSTO
CAPIT+O EN+AS;-43,715;-16,322222;JUNHO-JULHO-AGOSTO
BRAS-LIA DE MINAS - JUSANTE;-44,425278;-16,206389;JUNHO-JULHO-AGOSTO
S+O JO+O DA VEREDA;-44,117222;-16,7025;JUNHO-JULHO-AGOSTO
S+O ROM+O;-45,082778;-16,371667;JUNHO-JULHO-AGOSTO
SANTO IN-CIO;-45,414167;-16,281667;JUNHO-JULHO-AGOSTO
BARRA DO ESCURO;-45,237778;-16,268611;JUNHO-JULHO-AGOSTO
VILA URUCUIA;-45,742222;-16,300278;JUNHO-JULHO-AGOSTO
PORTO ALEGRE;-45,3825;-16,906944;JUNHO-JULHO-AGOSTO
CACHOEIRA DA MANTEIGA;-45,080833;-16,656944;JUNHO-JULHO-AGOSTO
FAZENDA -GUA BRANCA;-45,030278;-16,807222;JUNHO-JULHO-AGOSTO
PORTO DOS POÃiES;-46,322222;-16,829722;JUNHO-JULHO-AGOSTO
UNA-;-46,889722;-16,351389;JUNHO-JULHO-AGOSTO
SANTO ANTÈNIO DO BOQUEIR+O;-46,721111;-16,529722;JUNHO-JULHO-AGOSTO
FAZENDA O RESFRIADO;-46,662778;-16,502778;JUNHO-JULHO-AGOSTO
PRADO;-39,22;-17,344167;JUNHO-JULHO-AGOSTO
ITAMARAJU;-39,543611;-17,045278;JUNHO-JULHO-AGOSTO
HELV+CIA (EFBM);-39,661389;-17,808611;JUNHO-JULHO-AGOSTO
CARLOS CHAGAS;-40,761944;-17,704167;JUNHO-JULHO-AGOSTO
NANUQUE - MONTANTE;-40,380833;-17,841944;JUNHO-JULHO-AGOSTO
MEDEIROS NETO;-40,221389;-17,375833;JUNHO-JULHO-AGOSTO
S+O JOS+ DO PRADO;-39,982222;-17,1875;JUNHO-JULHO-AGOSTO
ITANH+M;-40,330833;-17,163333;JULHO-AGOSTO-SETEMBRO
S+O PEDRO DO PAMPA;-40,676111;-17,320556;JUNHO-JULHO-AGOSTO
MUCURI;-41,492778;-17,596389;JUNHO-JULHO-AGOSTO
FAZENDA DIACUI;-41,237778;-17,491111;JUNHO-JULHO-AGOSTO
LADAINHA (EFBM);-41,738056;-17,629444;JUNHO-JULHO-AGOSTO
PEDRO VERSIANI (EFBM);-41,314722;-17,880556;JUNHO-JULHO-AGOSTO
FRANCISCO S- (EFBM);-41,121111;-17,737778;JUNHO-JULHO-AGOSTO
PADRE PARA-SO;-41,483056;-17,072778;JUNHO-JULHO-AGOSTO
CARBONITA;-43,012222;-17,5325;JUNHO-JULHO-AGOSTO
CAPELINHA;-42,5175;-17,690833;JUNHO-JULHO-AGOSTO
MALACACHETA;-42,075556;-17,845556;JUNHO-JULHO-AGOSTO
VILA TERRA BRANCA - JUSANTE;-43,207778;-17,312778;JUNHO-JULHO-AGOSTO
V-RZEA DA PALMA;-44,716111;-17,593611;JUNHO-JULHO-AGOSTO
LASSANCE;-44,576667;-17,89;JUNHO-JULHO-AGOSTO
CAATINGA;-45,880278;-17,145833;JUNHO-JULHO-AGOSTO
CACHOEIRA DO PARED+O;-45,437778;-17,111111;JUNHO-JULHO-AGOSTO
PORTO DO CAVALO;-45,540556;-17,026944;JUNHO-JULHO-AGOSTO
PORTO DA EXTREMA;-46,013611;-17,030833;JUNHO-JULHO-AGOSTO
SANTA ROSA;-46,473889;-17,255278;JUNHO-JULHO-AGOSTO
PONTE DA BR-040 - PRATA;-46,355;-17,663611;JUNHO-JULHO-AGOSTO
PONTE DA BR-040 - PARACATU;-46,571667;-17,502778;JUNHO-JULHO-AGOSTO
GUARDA-MOR;-47,098611;-17,7725;JUNHO-JULHO-AGOSTO
MORRO D'ANTA (PEDRO CAN-RIO);-39,958611;-18,299444;JUNHO-JULHO-AGOSTO
CONCEIÃ+O DA BARRA;-39,747222;-18,562222;JUNHO-JULHO-AGOSTO
BARRA NOVA;-39,764444;-18,950278;JUNHO-JULHO-AGOSTO
AGUIA BRANCA;-40,746111;-18,985556;JUNHO-JULHO-AGOSTO
ITAUNINHAS;-40,090556;-18,489444;JUNHO-JULHO-AGOSTO
BARRA DE S+O FRANCISCO;-40,893611;-18,753611;JUNHO-JULHO-AGOSTO
-GUA DOCE;-40,976389;-18,548056;JUNHO-JULHO-AGOSTO
PONTE NOVA (BR-101);-39,993333;-18,981667;JUNHO-JULHO-AGOSTO
FAZENDA S+O MATEUS;-40,885833;-18,122222;JUNHO-JULHO-AGOSTO
CEDROL-NDIA;-40,690556;-18,809722;JUNHO-JULHO-AGOSTO
COTAXE;-40,718333;-18,186389;JUNHO-JULHO-AGOSTO
FAZENDA LIMOEIRO;-40,143889;-18,145556;JUNHO-JULHO-AGOSTO
ECOPORANGA;-40,840556;-18,365833;JUNHO-JULHO-AGOSTO
PATRIMÈNIO SANTA LUZIA DO NORTE;-40,603333;-18,205556;JUNHO-JULHO-AGOSTO
PATRIMÈNIO XV;-40,464167;-18,494167;JUNHO-JULHO-AGOSTO
S+O JO+O DO SOBRADO;-40,406667;-18,318611;JUNHO-JULHO-AGOSTO
CËRREGO DA BOA ESPERANÃA;-40,441944;-18,700556;JUNHO-JULHO-AGOSTO
S+O JO+O DA CACHOEIRA GRANDE;-40,336667;-18,564722;JUNHO-JULHO-AGOSTO
VILA MATIAS - MONTANTE;-41,917778;-18,574722;JUNHO-JULHO-AGOSTO
CAMPAN-RIO;-41,748611;-18,238611;JUNHO-JULHO-AGOSTO
VARGEM GRANDE;-41,196667;-18,681111;JUNHO-JULHO-AGOSTO
FIDEL-NDIA - MONTANTE;-41,248333;-18,203056;JUNHO-JULHO-AGOSTO
ATAL+IA;-41,114444;-18,046944;JUNHO-JULHO-AGOSTO
MANTENËPOLIS;-41,121667;-18,908889;JUNHO-JULHO-AGOSTO
SANTO AGOSTINHO;-41,04;-18,406111;JUNHO-JULHO-AGOSTO
TUMIRITINGA;-41,640278;-18,976389;JUNHO-JULHO-AGOSTO
CENTRAL DE MINAS;-41,308333;-18,763056;JUNHO-JULHO-AGOSTO
S+O PEDRO DO SUAÃU-;-42,595556;-18,358333;JUNHO-JULHO-AGOSTO
COROACI;-42,278611;-18,611944;JUNHO-JULHO-AGOSTO
GUANH+ES;-42,931111;-18,772222;JUNHO-JULHO-AGOSTO
SANTA MARIA DO SUAÃU-;-42,455278;-18,201111;JUNHO-JULHO-AGOSTO
USINA PARAUNA;-43,965833;-18,635556;JUNHO-JULHO-AGOSTO
GOUVEIA;-43,743056;-18,465556;JUNHO-JULHO-AGOSTO
MENDANHA - MONTANTE;-43,520278;-18,113333;JUNHO-JULHO-AGOSTO
SANTO HIPËLITO;-44,222778;-18,3;JUNHO-JULHO-AGOSTO
PRESIDENTE JUSCELINO - JUSANTE;-44,048056;-18,643889;JUNHO-JULHO-AGOSTO
PONTE DO LIC-NIO - JUSANTE;-44,191389;-18,671389;JUNHO-JULHO-AGOSTO
FAZENDA S+O FELIX;-45,646667;-18,464444;JUNHO-JULHO-AGOSTO
LAGOA DO GOUV+IA;-45,851389;-18,841389;JUNHO-JULHO-AGOSTO
S+O GONÃALO DO ABAET+;-45,836667;-18,343611;JUNHO-JULHO-AGOSTO
TIROS;-45,966111;-18,999722;JUNHO-JULHO-AGOSTO
CANOEIROS;-45,523611;-18,038333;JUNHO-JULHO-AGOSTO
CHARQUEADA DO PATROC-NIO;-46,966667;-18,93;JUNHO-JULHO-AGOSTO
MAJOR PORTO;-46,036944;-18,706944;JUNHO-JULHO-AGOSTO
GUIMARANIA;-46,800833;-18,849722;JUNHO-JULHO-AGOSTO
PRESIDENTE OLEG-RIO;-46,422222;-18,4125;JUNHO-JULHO-AGOSTO
PANTANO;-46,800278;-18,559444;JUNHO-JULHO-AGOSTO
SANTANA DE PATOS;-46,550833;-18,841111;JUNHO-JULHO-AGOSTO
PONTE FIRME;-46,419444;-18,033889;JUNHO-JULHO-AGOSTO
LEAL DE PATOS;-46,334444;-18,641111;JUNHO-JULHO-AGOSTO
ROCINHA;-46,915;-18,373611;JUNHO-JULHO-AGOSTO
MONTE CARMELO;-47,524444;-18,720556;JUNHO-JULHO-AGOSTO
ESTRELA DO SUL;-47,69;-18,738056;JUNHO-JULHO-AGOSTO
ABADIA DOS DOURADOS;-47,406389;-18,491111;JUNHO-JULHO-AGOSTO
IRA- DE MINAS;-47,4575;-18,981944;JUNHO-JULHO-AGOSTO
MONTE ALEGRE DE MINAS;-48,869444;-18,872222;JUNHO-JULHO-AGOSTO
FAZENDA CACHOEIRA;-48,781944;-18,698333;JUNHO-JULHO-AGOSTO
TUPACIGUARA;-48,690833;-18,600278;JUNHO-JULHO-AGOSTO
BRILHANTE;-48,902778;-18,492222;JUNHO-JULHO-AGOSTO
XAPETUBA;-48,583889;-18,8625;JUNHO-JULHO-AGOSTO
ARAGUARI;-48,209167;-18,651111;JUNHO-JULHO-AGOSTO
ITUIUTABA;-49,463056;-18,941111;JUNHO-JULHO-AGOSTO
IPIAÃU;-49,948611;-18,691944;JUNHO-JULHO-AGOSTO
AVANTIGUARA;-49,069722;-18,771944;JUNHO-JULHO-AGOSTO
POVOAÃ+O;-39,794444;-19,5775;JUNHO-JULHO-AGOSTO
ITARANA;-40,874444;-19,874444;JUNHO-JULHO-AGOSTO
S+O JO+O DE PETRËPOLIS;-40,678889;-19,805278;JUNHO-JULHO-AGOSTO
SANTA CRUZ - LITORAL;-40,154444;-19,957778;JUNHO-JULHO-AGOSTO
RIACHO;-40,043056;-19,749722;JUNHO-JULHO-AGOSTO
CAVALINHO;-40,398056;-19,692222;JUNHO-JULHO-AGOSTO
COLATINA - CORPO DE BOMBEIRO;-40,623056;-19,530833;JUNHO-JULHO-AGOSTO
FUND+O;-40,401389;-19,936944;JUNHO-JULHO-AGOSTO
PANCAS;-40,853333;-19,220278;JUNHO-JULHO-AGOSTO
VALSUGANA VELHA - MONTANTE;-40,5525;-19,953333;MAIO-JUNHO-JULHO
ITAIMB+;-40,835278;-19,663611;JUNHO-JULHO-AGOSTO
NOVO BRASIL;-40,591389;-19,2375;JUNHO-JULHO-AGOSTO
BARRA DE S+O GABRIEL;-40,516389;-19,057778;JUNHO-JULHO-AGOSTO
CALDEIR+O;-40,741667;-19,955;JUNHO-JULHO-AGOSTO
ARACRUZ;-40,272222;-19,83;JUNHO-JULHO-AGOSTO
JACUPEMBA;-40,198056;-19,588611;JUNHO-JULHO-AGOSTO
RIO BANANAL;-40,320833;-19,274167;JUNHO-JULHO-AGOSTO
SERRARIA (ALTO DO MOACIR);-40,5175;-19,295278;MAIO-JUNHO-JULHO
IPANEMA;-41,706111;-19,798889;JUNHO-JULHO-AGOSTO
BAIXO GUAND+;-41,014167;-19,523611;JUNHO-JULHO-AGOSTO
RESPLENDOR - JUSANTE;-41,246111;-19,343056;JUNHO-JULHO-AGOSTO
BARRA DO CUIET+ - JUSANTE;-41,532778;-19,061667;JUNHO-JULHO-AGOSTO
ASSARAI - MONTANTE;-41,458056;-19,594722;JUNHO-JULHO-AGOSTO
LARANJA DA TERRA;-41,058056;-19,901111;JUNHO-JULHO-AGOSTO
IBITUBA;-41,02;-19,691111;JUNHO-JULHO-AGOSTO
S+O SEBASTI+O DA ENCRUZILHADA;-41,161667;-19,4925;JUNHO-JULHO-AGOSTO
SANTO ANTÈNIO DO MANHUAÃU;-41,836111;-19,678333;JUNHO-JULHO-AGOSTO
ALTO RIO NOVO;-41,0275;-19,059167;JUNHO-JULHO-AGOSTO
BOM JESUS DO GALHO;-42,317778;-19,833611;JUNHO-JULHO-AGOSTO
VERMELHO VELHO;-42,3475;-19,998889;JUNHO-JULHO-AGOSTO
DOM CAVATI;-42,105;-19,373611;JUNHO-JULHO-AGOSTO
MINERAÃ+O MORRO VELHO;-43,85;-19,979167;JUNHO-JULHO-AGOSTO
RIO PIRACICABA;-43,177778;-19,922778;JUNHO-JULHO-AGOSTO
CONCEIÃ+O DO MATO DENTRO;-43,444167;-19,016667;JUNHO-JULHO-AGOSTO
FERROS;-43,014444;-19,250278;JUNHO-JULHO-AGOSTO
JABOTICATUBAS;-43,744444;-19,520556;JUNHO-JULHO-AGOSTO
SABAR-;-43,815;-19,893056;JUNHO-JULHO-AGOSTO
SANTA BARBARA;-43,401111;-19,945278;JUNHO-JULHO-AGOSTO
SANTA MARIA DE ITABIRA;-43,117778;-19,441944;JUNHO-JULHO-AGOSTO
VESPASIANO;-43,920833;-19,687222;JUNHO-JULHO-AGOSTO
CAET+;-43,6675;-19,900556;JUNHO-JULHO-AGOSTO
CAIXA DE AREIA;-43,9125;-19,945;JUNHO-JULHO-AGOSTO
TAQUARAÃU;-43,688056;-19,663889;JUNHO-JULHO-AGOSTO
JOS+ DE MELO;-43,585556;-19,689722;JUNHO-JULHO-AGOSTO
MORRO DO PILAR;-43,374167;-19,2175;JUNHO-JULHO-AGOSTO
USINA PETI;-43,3675;-19,880833;JUNHO-JULHO-AGOSTO
VAU DA LAGOA;-43,588056;-19,218889;JUNHO-JULHO-AGOSTO
FAZENDA CARAIBAS;-43,8375;-19,119722;JUNHO-JULHO-AGOSTO
PONTE RAUL SOARES;-43,917778;-19,561389;JUNHO-JULHO-AGOSTO
PONTE NOVA DO PARAOPEBA;-44,306667;-19,955556;JUNHO-JULHO-AGOSTO
FAZENDA ESCOLA FLORESTAL;-44,421667;-19,879722;JUNHO-JULHO-AGOSTO
PEDRO LEOPOLDO;-44,053333;-19,634444;JUNHO-JULHO-AGOSTO
HORTO FLORESTAL;-44,401667;-19,268056;JUNHO-JULHO-AGOSTO
JAGUARUNA - JUSANTE;-44,806667;-19,728056;JUNHO-JULHO-AGOSTO
PIRAPAMA;-44,036667;-19,013056;JUNHO-JULHO-AGOSTO
VELHO DA TAIPA;-44,929444;-19,696111;JUNHO-JULHO-AGOSTO
FAZENDA VARGEM BONITA;-44,123056;-19,237222;JUNHO-JULHO-AGOSTO
BARRO PRETO;-44,451944;-19,964167;JUNHO-JULHO-AGOSTO
JUATUBA;-44,334444;-19,955556;JUNHO-JULHO-AGOSTO
PONTE DA TAQUARA;-44,548333;-19,423333;JUNHO-JULHO-AGOSTO
SE PITANGUI;-44,878889;-19,684444;JUNHO-JULHO-AGOSTO
PAPAGAIOS;-44,719722;-19,428333;JUNHO-JULHO-AGOSTO
BETIM - COPASA;-44,188056;-19,973333;JUNHO-JULHO-AGOSTO
BARRA DO FUNCHAL;-45,884444;-19,394722;JUNHO-JULHO-AGOSTO
ESTAÃ+O ALVARO DA SILVEIRA;-45,116944;-19,751667;JUNHO-JULHO-AGOSTO
BOM DESPACHO;-45,255;-19,7425;JUNHO-JULHO-AGOSTO
DORES DO IND-IA (CVSF);-45,601667;-19,468611;JUNHO-JULHO-AGOSTO
ABAET+;-45,4425;-19,163056;JUNHO-JULHO-AGOSTO
TAPIRA- - JUSANTE;-46,032778;-19,879444;JUNHO-JULHO-AGOSTO
IBI-;-46,541944;-19,475;JUNHO-JULHO-AGOSTO
SALITRE;-46,795833;-19,070556;JUNHO-JULHO-AGOSTO
FAZENDA S+O MATEUS;-46,571111;-19,516667;JUNHO-JULHO-AGOSTO
SERRA DO SALITRE;-46,688333;-19,112778;JUNHO-JULHO-AGOSTO
S+O GOTARDO;-46,044444;-19,315278;JUNHO-JULHO-AGOSTO
PRATINHA;-46,411944;-19,751389;JUNHO-JULHO-AGOSTO
TAPIRA;-46,825278;-19,926944;JUNHO-JULHO-AGOSTO
CARMO DO PARANAIBA;-46,306111;-19,003333;JUNHO-JULHO-AGOSTO
PONTE JO+O C-NDIDO;-47,184722;-19,146667;JUNHO-JULHO-AGOSTO
PERDIZES;-47,295278;-19,348611;JUNHO-JULHO-AGOSTO
LAGOA;-47,354722;-19,878611;JUNHO-JULHO-AGOSTO
FAZENDA LETREIRO;-48,190278;-18,988333;JUNHO-JULHO-AGOSTO
CAMPO FLORIDO;-48,574167;-19,770556;JUNHO-JULHO-AGOSTO
FAZENDA BURITI DO PRATA;-49,180278;-19,359722;JUNHO-JULHO-AGOSTO
GURINHAT+;-49,788056;-19,213333;JUNHO-JULHO-AGOSTO
CAMPINA VERDE;-49,483056;-19,542222;JUNHO-JULHO-AGOSTO
COMENDADOR GOMES;-49,083889;-19,698056;JUNHO-JULHO-AGOSTO
PONTE DO PRATA;-49,696667;-19,035278;JUNHO-JULHO-AGOSTO
ITURAMA;-50,191667;-19,724722;JUNHO-JULHO-AGOSTO
FAZENDA JUCURUABA;-40,485278;-20,415;JUNHO-JULHO-AGOSTO
FAZENDA FONTE LIMPA (DNOS);-40,318889;-20,190278;JUNHO-JULHO-AGOSTO
GUARAPARI (DNOS);-40,508611;-20,652222;JUNHO-JULHO-AGOSTO
ICONHA - MONTANTE;-40,825833;-20,783611;JUNHO-JULHO-AGOSTO
USINA PAINEIRAS;-40,953333;-20,952778;JUNHO-JULHO-AGOSTO
SANTA MARIA DO JETIB- (DNOS);-40,743333;-20,028333;JUNHO-JULHO-AGOSTO
GARRAF+O (DNOS);-40,975278;-20,143333;JUNHO-JULHO-AGOSTO
ANCHIETA (DNOS);-40,656111;-20,803611;JUNHO-JULHO-AGOSTO
SANTA LEOPOLDINA;-40,527778;-20,100278;JUNHO-JULHO-AGOSTO
MATILDE (DNOS);-40,811389;-20,556667;JUNHO-JULHO-AGOSTO
MARECHAL FLORIANO (DNOS);-40,682222;-20,411944;JUNHO-JULHO-AGOSTO
RIO NOVO DO SUL;-40,943333;-20,881111;JUNHO-JULHO-AGOSTO
DUAS BOCAS (DNOS);-40,479167;-20,261389;JUNHO-JULHO-AGOSTO
PEROBINHA (DNOS);-40,783056;-20,283611;JUNHO-JULHO-AGOSTO
DUAS BARRAS (DNOS);-40,8825;-20,728056;JUNHO-JULHO-AGOSTO
CACHOEIRA SUIÃA (DNOS);-40,606667;-20,079444;JUNHO-JULHO-AGOSTO
PONTA DA FRUTA;-40,363611;-20,515556;JUNHO-JULHO-AGOSTO
S+O RAFAEL;-40,933889;-20,296389;JUNHO-JULHO-AGOSTO
AT-LIO VIVACQUA;-41,195;-20,912778;JUNHO-JULHO-AGOSTO
GUAÃU-;-41,681667;-20,773611;JUNHO-JULHO-AGOSTO
CASTELO;-41,199722;-20,605556;JUNHO-JULHO-AGOSTO
RIVE;-41,466111;-20,746944;JUNHO-JULHO-AGOSTO
CAIANA;-41,921944;-20,693889;JUNHO-JULHO-AGOSTO
DORES DO MANHUMIRIM;-41,728333;-20,108056;JUNHO-JULHO-AGOSTO
JACIGUA (DNOS);-41,016389;-20,701944;JUNHO-JULHO-AGOSTO
CONCEIÃ+O DO CASTELO (DNOS);-41,239444;-20,352222;JUNHO-JULHO-AGOSTO
IUNA;-41,5375;-20,345833;JUNHO-JULHO-AGOSTO
DORES DO RIO PRETO;-41,846111;-20,685833;JUNHO-JULHO-AGOSTO
FAZENDA MONTE ALEGRE;-41,400833;-20,944722;JUNHO-JULHO-AGOSTO
IBITIRAMA;-41,665556;-20,540556;JUNHO-JULHO-AGOSTO
SANTA CRUZ - CAPAR+O;-41,704167;-20,322778;JUNHO-JULHO-AGOSTO
USINA FORTALEZA;-41,408889;-20,371389;JUNHO-JULHO-AGOSTO
ITAICI;-41,511389;-20,528333;JUNHO-JULHO-AGOSTO
ARACE (DNOS);-41,061111;-20,366667;JUNHO-JULHO-AGOSTO
BURARAMA;-41,348333;-20,680556;JUNHO-JULHO-AGOSTO
AFONSO CLA+DIO - MONTANTE;-41,121389;-20,078611;JUNHO-JULHO-AGOSTO
VARRE - SAI;-41,85;-20,930833;JUNHO-JULHO-AGOSTO
RAUL SOARES - MONTANTE;-42,44;-20,103611;JUNHO-JULHO-AGOSTO
ABRE CAMPO;-42,478056;-20,298889;JUNHO-JULHO-AGOSTO
RIO CASCA;-42,65;-20,226111;JUNHO-JULHO-AGOSTO
BICUIBA;-42,301111;-20,769444;JUNHO-JULHO-AGOSTO
SERIQUITE;-42,917222;-20,726111;JUNHO-JULHO-AGOSTO
S+O MIGUEL DO ANTA;-42,806667;-20,6825;JUNHO-JULHO-AGOSTO
MATIPË;-42,325556;-20,277222;JUNHO-JULHO-AGOSTO
PONTE NOVA - JUSANTE;-42,902778;-20,384722;JUNHO-JULHO-AGOSTO
PORCIUNCULA;-42,037222;-20,963333;JUNHO-JULHO-AGOSTO
FAZENDA CACHOEIRA D'ANTAS;-42,674167;-20,011389;JUNHO-JULHO-AGOSTO
LAGOA GRANDE (MMV);-43,942778;-20,179167;JUNHO-JULHO-AGOSTO
RIO DO PEIXE (MMV);-43,8925;-20,137778;JUNHO-JULHO-AGOSTO
ACAIACA - JUSANTE;-43,143889;-20,3625;JUNHO-JULHO-AGOSTO
PIRANGA;-43,299444;-20,690556;JUNHO-JULHO-AGOSTO
FAZENDA PARA-SO;-43,180278;-20,39;JUNHO-JULHO-AGOSTO
CONGONHAS - LINIGRAFO;-43,83;-20,521944;JUNHO-JULHO-AGOSTO
PORTO FIRME;-43,088056;-20,670278;JUNHO-JULHO-AGOSTO
USINA DA BRECHA;-43,016667;-20,516667;JUNHO-JULHO-AGOSTO
BRAZ PIRES;-43,241944;-20,8475;JUNHO-JULHO-AGOSTO
FAZENDA OCIDENTE;-43,098889;-20,285556;JUNHO-JULHO-AGOSTO
REPRESA DAS CODORNAS (MMV);-43,891944;-20,164722;JUNHO-JULHO-AGOSTO
REPRESA DO MIGUEL+O (MMV);-43,950278;-20,126111;JUNHO-JULHO-AGOSTO
ITA+NA - MONTANTE;-44,570278;-20,071389;JUNHO-JULHO-AGOSTO
CARMO DO CAJURU;-44,793611;-20,192222;JUNHO-JULHO-AGOSTO
DIVINËPOLIS;-44,891944;-20,136944;JUNHO-JULHO-AGOSTO
ENTRE RIOS DE MINAS;-44,070556;-20,661111;JUNHO-JULHO-AGOSTO
MELO FRANCO;-44,120833;-20,197778;JUNHO-JULHO-AGOSTO
FAZENDA CAMPO GRANDE;-44,433333;-20,625278;JUNHO-JULHO-AGOSTO
IBIRIT+;-44,043333;-20,042778;JUNHO-JULHO-AGOSTO
FAZENDA BENEDITO CHAVES;-44,515;-20,169167;JUNHO-JULHO-AGOSTO
FAZENDA VISTA ALEGRE;-44,451667;-20,051389;JUNHO-JULHO-AGOSTO
CALAMBAU;-44,492222;-20,068333;JUNHO-JULHO-AGOSTO
ALTO DA BOA VISTA;-44,401111;-20,105556;JUNHO-JULHO-AGOSTO
FAZENDA CURRALINHO;-44,331111;-20,0075;JUNHO-JULHO-AGOSTO
FAZENDA COQUEIROS;-44,474444;-20,129722;JUNHO-JULHO-AGOSTO
PONTE FERN+O DIAS;-44,783333;-20,740833;JUNHO-JULHO-AGOSTO
SANTO ANTÈNIO DO AMPARO;-44,9075;-20,944167;JUNHO-JULHO-AGOSTO
USINA JO+O RIBEIRO;-44,048889;-20,635278;JUNHO-JULHO-AGOSTO
FAZENDA LARANJEIRAS;-44,484722;-20,102222;JUNHO-JULHO-AGOSTO
CARMO DA MATA (ETA - COPASA);-44,8675;-20,5625;JUNHO-JULHO-AGOSTO
ESTIVA;-44,461667;-20,000278;JUNHO-JULHO-AGOSTO
SERRA DA SAUDADE;-44,468056;-20,023889;JUNHO-JULHO-AGOSTO
BAMBUI;-45,966111;-20,021111;JUNHO-JULHO-AGOSTO
IGUATAMA;-45,700278;-20,178889;JUNHO-JULHO-AGOSTO
SANTANA DO JACAR+;-45,125;-20,905;JUNHO-JULHO-AGOSTO
LAMOUNIER;-45,036111;-20,472222;JUNHO-JULHO-AGOSTO
ARCOS (COPASA);-45,542778;-20,294722;JUNHO-JULHO-AGOSTO
LAGOA DA PRATA;-45,535278;-20,036667;JUNHO-JULHO-AGOSTO
PIUM-I;-45,945;-20,461944;JUNHO-JULHO-AGOSTO
SANTO ANTÈNIO DO MONTE;-45,296667;-20,084444;JUNHO-JULHO-AGOSTO
CAND+IAS;-45,274167;-20,76;JUNHO-JULHO-AGOSTO
FORMIGA;-45,419167;-20,457222;JUNHO-JULHO-AGOSTO
ITA+ DE MINAS;-46,735278;-20,739167;JUNHO-JULHO-AGOSTO
FAZENDA AJUDAS;-46,055;-20,101667;JUNHO-JULHO-AGOSTO
USINA SANTANA;-46,808056;-20,811667;JUNHO-JULHO-AGOSTO
VARGEM BONITA;-46,366111;-20,33;JUNHO-JULHO-AGOSTO
DESEMBOQUE;-47,019167;-20,013611;JUNHO-JULHO-AGOSTO
BARRA DO ITAPEMIRIM (DNOS);-40,835278;-21,0075;JUNHO-JULHO-AGOSTO
S+O FRANCISCO PAULA - CACIMBAS;-41,103333;-21,482778;JUNHO-JULHO-AGOSTO
CARDOSO MOREIRA;-41,613611;-21,491944;JUNHO-JULHO-AGOSTO
DOIS RIOS;-41,858611;-21,643333;JUNHO-JULHO-AGOSTO
TR-S IRM+OS;-41,885833;-21,626667;JUNHO-JULHO-AGOSTO
PONTE DE ITABAPOANA;-41,462778;-21,206111;JUNHO-JULHO-AGOSTO
MIMOSO DO SUL (DNOS);-41,3625;-21,064722;JUNHO-JULHO-AGOSTO
S+O JOS+ DO CALÃADO;-41,652222;-21,036667;JUNHO-JULHO-AGOSTO
S+O JOS+ DAS TORRES;-41,241111;-21,0625;JUNHO-JULHO-AGOSTO
CATAGUASES;-42,696389;-21,389444;JUNHO-JULHO-AGOSTO
USINA MAUR-CIO;-42,813056;-21,471389;JUNHO-JULHO-AGOSTO
FAZENDA DA BARRA (PIRAPETINGA);-42,342778;-21,658056;JUNHO-JULHO-AGOSTO
VOLTA GRANDE;-42,539722;-21,769167;JUNHO-JULHO-AGOSTO
JUSSARA;-42,349444;-21,911389;JUNHO-JULHO-AGOSTO
PONTO DE PERGUNTA;-42,988056;-21,741944;JUNHO-JULHO-AGOSTO
ALDEIA;-42,355833;-21,9525;JUNHO-JULHO-AGOSTO
SANTO ANTÈNIO DE P-DUA;-42,1825;-21,541944;JUNHO-JULHO-AGOSTO
USINA ITUER-;-43,202222;-21,309444;JUNHO-JULHO-AGOSTO
GUARANI;-43,050278;-21,355556;JUNHO-JULHO-AGOSTO
DESTERRO DO MELO;-43,52;-21,149167;JUNHO-JULHO-AGOSTO
CAMPOLIDE;-43,82;-21,278889;JUNHO-JULHO-AGOSTO
BARROSO;-43,98;-21,187222;JUNHO-JULHO-AGOSTO
IBERTIOGA;-43,959444;-21,427222;JUNHO-JULHO-AGOSTO
CONCEIÃ+O DO IBITIPOCA;-43,917778;-21,757778;JUNHO-JULHO-AGOSTO
ESTEV+O PINTO;-43,041389;-21,896389;JUNHO-JULHO-AGOSTO
TORREiES;-43,555556;-21,869167;JUNHO-JULHO-AGOSTO
TABULEIRO;-43,246944;-21,355;JUNHO-JULHO-AGOSTO
RIO NOVO;-43,121111;-21,4725;JUNHO-JULHO-AGOSTO
USINA BRUMADO;-43,886389;-21,855556;JUNHO-JULHO-AGOSTO
CHAPEU D'UVAS;-43,505278;-21,594167;JUNHO-JULHO-AGOSTO
SOBRAJI;-43,3725;-21,966389;JUNHO-JULHO-AGOSTO
PIAU;-43,153611;-21,499444;JUNHO-JULHO-AGOSTO
BOM SUCESSO;-44,771944;-21,033889;JUNHO-JULHO-AGOSTO
BOM JARDIM DE MINAS;-44,193889;-21,947222;JUNHO-JULHO-AGOSTO
PORTO TIRADENTES;-44,2325;-21,1225;JUNHO-JULHO-AGOSTO
BAEPENDI;-44,876111;-21,951111;JUNHO-JULHO-AGOSTO
ITUMIRIM;-44,872778;-21,320833;JUNHO-JULHO-AGOSTO
MADRE DE DEUS DE MINAS;-44,326111;-21,492222;JUNHO-JULHO-AGOSTO
PORTO DO ELVAS;-44,135556;-21,165;JUNHO-JULHO-AGOSTO
S+O VICENTE DE MINAS;-44,438889;-21,699167;JUNHO-JULHO-AGOSTO
AIURUOCA;-44,603333;-21,977222;JUNHO-JULHO-AGOSTO
ANDREL-NDIA;-44,312222;-21,734722;JUNHO-JULHO-AGOSTO
USINA S+O JO+O DEL REI;-44,208889;-21,055556;JUNHO-JULHO-AGOSTO
FAZENDA LARANJEIRAS;-44,340556;-21,674722;JUNHO-JULHO-AGOSTO
IBITURUNA;-44,737778;-21,143056;JUNHO-JULHO-AGOSTO
CARVALHOS;-44,463611;-21,998056;JUNHO-JULHO-AGOSTO
MACAIA;-44,913611;-21,145;JUNHO-JULHO-AGOSTO
CRUZ-LIA;-44,800833;-21,835278;JUNHO-JULHO-AGOSTO
CONCEIÃ+O DO RIO VERDE;-45,079167;-21,887222;JUNHO-JULHO-AGOSTO
USINA COURO DO CERVO;-45,170278;-21,343611;JUNHO-JULHO-AGOSTO
FAZENDA JUCA CASIMIRO;-45,258333;-21,874167;JUNHO-JULHO-AGOSTO
USINA DO CHIC+O;-45,478889;-21,919167;JUNHO-JULHO-AGOSTO
MONSENHOR PAULO;-45,537778;-21,760278;JUNHO-JULHO-AGOSTO
USINA NEPOMUCENO;-45,173611;-21,2575;JUNHO-JULHO-AGOSTO
PARAGUAÃU;-45,673889;-21,585278;JUNHO-JULHO-AGOSTO
PORTO DOS BUENOS;-45,489444;-21,610556;JUNHO-JULHO-AGOSTO
PALMELA DOS COELHOS;-45,440278;-21,786389;JUNHO-JULHO-AGOSTO
COQUEIRAL;-45,448611;-21,192778;JUNHO-JULHO-AGOSTO
GUAXUP+;-46,703889;-21,293611;JUNHO-JULHO-AGOSTO
JUR+IA;-46,360833;-21,278889;JUNHO-JULHO-AGOSTO
CACHOEIRA DO CARMO;-46,438611;-21,7225;JUNHO-JULHO-AGOSTO
CACHOEIRA POÃO FUNDO;-46,124167;-21,790833;JUNHO-JULHO-AGOSTO
MUZAMBINHO;-46,518889;-21,380556;JUNHO-JULHO-AGOSTO
FAZENDA CARVALHAIS;-47,021944;-21,133056;JUNHO-JULHO-AGOSTO
FAROL DE S+O TOM+;-41,055556;-22,0425;JUNHO-JULHO-AGOSTO
USINA QUISSAMA;-41,471111;-22,106111;JUNHO-JULHO-AGOSTO
MACABUZINHO;-41,708889;-22,0775;JUNHO-JULHO-AGOSTO
FAZENDA ORATËRIO;-41,984167;-22,259167;JUNHO-JULHO-AGOSTO
LEIT+O DA CUNHA;-42,044167;-22,042778;JUNHO-JULHO-AGOSTO
MARIA MENDONÃA;-42,163611;-22,186389;JUNHO-JULHO-AGOSTO
PILLER;-42,339167;-22,404722;JUNHO-JULHO-AGOSTO
GALDINËPOLIS;-42,380833;-22,363611;JUNHO-JULHO-AGOSTO
FAZENDA S+O JO+O;-42,5;-22,389444;JUNHO-JULHO-AGOSTO
RIO DOURADO;-42,085278;-22,475833;JUNHO-JULHO-AGOSTO
QUARTEIS;-42,311944;-22,463056;JUNHO-JULHO-AGOSTO
GAVIiES;-42,546111;-22,548889;JUNHO-JULHO-AGOSTO
ESTAÃ+O DE BOMB. DE IMUNANA;-42,948889;-22,680278;JUNHO-JULHO-AGOSTO
REPRESA DO PARA-SO;-42,911111;-22,498611;JUNHO-JULHO-AGOSTO
FAZENDA DO CARMO;-42,7675;-22,438056;JUNHO-JULHO-AGOSTO
JAPUIBA;-42,698889;-22,559167;JUNHO-JULHO-AGOSTO
FAZENDA S+O JOAQUIM;-42,621944;-22,441111;JUNHO-JULHO-AGOSTO
VISCONDE DE IMBE;-42,16;-22,067778;JUNHO-JULHO-AGOSTO
BARRA ALEGRE;-42,285833;-22,235556;JUNHO-JULHO-AGOSTO
VARGEM GRANDE;-42,502222;-22,276667;JUNHO-JULHO-AGOSTO
BOM JARDIM;-42,416111;-22,156667;JUNHO-JULHO-AGOSTO
TEODORO DE OLIVEIRA;-42,554167;-22,378889;JUNHO-JULHO-AGOSTO
BOM SUCESSO;-42,794722;-22,271389;JUNHO-JULHO-AGOSTO
FAZENDA SOBRADINHO;-42,9;-22,201111;JUNHO-JULHO-AGOSTO
SUMIDOURO;-42,678333;-22,050278;JUNHO-JULHO-AGOSTO
CONSERVATORIA;-43,929444;-22,2875;JUNHO-JULHO-AGOSTO
VALENÃA;-43,703611;-22,218889;JUNHO-JULHO-AGOSTO
PENTAGNA;-43,755;-22,155;JUNHO-JULHO-AGOSTO
TABOAS;-43,623333;-22,208611;JUNHO-JULHO-AGOSTO
MANUEL DUARTE;-43,556667;-22,085833;JUNHO-JULHO-AGOSTO
ITAMARATI - SE;-43,149167;-22,485278;JUNHO-JULHO-AGOSTO
RIO DA CIDADE;-43,170278;-22,438056;JUNHO-JULHO-AGOSTO
PEDRO DO RIO;-43,136111;-22,3325;JUNHO-JULHO-AGOSTO
FAGUNDES;-43,178056;-22,299722;JUNHO-JULHO-AGOSTO
MOURA BRASIL;-43,152222;-22,127222;JUNHO-JULHO-AGOSTO
MORELI (PARADA MORELI);-43,026944;-22,200833;JUNHO-JULHO-AGOSTO
FAZENDA S+O GABRIEL;-43,875;-22,011667;JUNHO-JULHO-AGOSTO
NHANGAPI;-44,615556;-22,503333;JUNHO-JULHO-AGOSTO
SANTA ISABEL DO RIO PRETO;-44,064722;-22,231111;JUNHO-JULHO-AGOSTO
RIBEIR+O DE S+O JOAQUIM;-44,228889;-22,474167;JUNHO-JULHO-AGOSTO
SANTA RITA DO JACUTINGA;-44,09;-22,150556;JUNHO-JULHO-AGOSTO
ZELINDA;-44,263611;-22,243056;JUNHO-JULHO-AGOSTO
FUMAÃA;-44,310556;-22,2975;JUNHO-JULHO-AGOSTO
PONTE DO SOUZA;-44,391667;-22,270556;JUNHO-JULHO-AGOSTO
FAZENDA AGULHAS NEGRAS;-44,590556;-22,339167;JUNHO-JULHO-AGOSTO
VOLTA REDONDA;-44,091944;-22,501111;JUNHO-JULHO-AGOSTO
NOSSA SENHORA DO AMPARO;-44,1075;-22,385556;JUNHO-JULHO-AGOSTO
VISCONDE DE MAU- (ESC. AGROT);-44,538333;-22,33;JUNHO-JULHO-AGOSTO
PONTE DO COSTA;-44,408333;-22,126944;JUNHO-JULHO-AGOSTO
MIRANT+O (CAPELINHA DAS FLORES);-44,590833;-22,338889;JUNHO-JULHO-AGOSTO
ALAGOA;-44,636944;-22,17;JUNHO-JULHO-AGOSTO
POUSO ALTO;-44,973333;-22,199167;JUNHO-JULHO-AGOSTO
CRISTINA;-45,265833;-22,210278;JUNHO-JULHO-AGOSTO
BRASËPOLIS;-45,621944;-22,471389;JUNHO-JULHO-AGOSTO
CAREAÃU;-45,698889;-22,052778;JUNHO-JULHO-AGOSTO
S+O JO+O DE ITAJUB-;-45,446944;-22,375556;JUNHO-JULHO-AGOSTO
BAIRRO SANTA CRUZ;-45,215;-22,406944;JUNHO-JULHO-AGOSTO
MARIA DA F+;-45,373056;-22,314722;JUNHO-JULHO-AGOSTO
SILVIANËPOLIS;-45,835278;-22,034167;JUNHO-JULHO-AGOSTO
CONCEIÃ+O DAS PEDRAS;-45,458056;-22,162222;JUNHO-JULHO-AGOSTO
SAPUCA--MIRIM;-45,744722;-22,745278;JUNHO-JULHO-AGOSTO
BEIRA DE SANTA RITA;-46,303889;-22,023333;JUNHO-JULHO-AGOSTO
JACUTINGA;-46,619167;-22,288611;JUNHO-JULHO-AGOSTO
BORDA DA MATA;-46,163889;-22,277222;JUNHO-JULHO-AGOSTO
PATRIMÈNIO;-44,721667;-23,317222;JUNHO-JULHO-AGOSTO
S+O ROQUE;-44,698056;-23,072222;JUNHO-JULHO-AGOSTO
PARANAGI;-50,874923;-22,851588;JUNHO-JULHO-AGOSTO
CAMPO ALEGRE;-50,771589;-22,9602;JUNHO-JULHO-AGOSTO
S+O JOAQUIM DO PONTAL;-50,479365;-22,9727;JUNHO-JULHO-AGOSTO
FAZENDA FLORA;-50,000472;-22,983535;JUNHO-JULHO-AGOSTO
PORECATU;-51,374371;-22,755197;JUNHO-JULHO-AGOSTO
ALTO ALEGRE;-51,888542;-22,898529;JUNHO-JULHO-AGOSTO
PRIMEIRO DE MAIO;-51,032424;-22,852143;JUNHO-JULHO-AGOSTO
SANTO IN-CIO;-51,790207;-22,696862;JUNHO-JULHO-AGOSTO
CENTEN-RIO DO SUL;-51,59604;-22,823252;JUNHO-JULHO-AGOSTO
JARDIM OLINDA;-52,036875;-22,551305;JUNHO-JULHO-AGOSTO
DIAMANTE DO NORTE;-52,861049;-22,654636;JUNHO-JULHO-AGOSTO
FAZENDA SANTO ANTÈNIO;-52,518546;-22,653249;JUNHO-JULHO-AGOSTO
FAZENDA GUANABARA;-52,133543;-22,661305;JUNHO-JULHO-AGOSTO
NOVA LONDRINA;-52,98355;-22,767136;JUNHO-JULHO-AGOSTO
TERRA RICA;-52,61688;-22,731026;JUNHO-JULHO-AGOSTO
CRISTO REI;-52,446879;-22,731582;JUNHO-JULHO-AGOSTO
SANTO ANTÈNIO DO CAIU-;-52,350489;-22,733527;JUNHO-JULHO-AGOSTO
FAZENDA NOVO MAT+O;-52,800494;-22,950471;JUNHO-JULHO-AGOSTO
FAZENDA AURORA;-52,533547;-22,883527;JUNHO-JULHO-AGOSTO
LEONI;-53,159662;-22,795469;JUNHO-JULHO-AGOSTO
ICATU;-53,396887;-22,975192;JUNHO-JULHO-AGOSTO
SANTA CRUZ DO MONTE CASTELO;-53,283553;-22,967136;JUNHO-JULHO-AGOSTO
TOMAZINA;-49,950475;-23,76715;JUNHO-JULHO-AGOSTO
CONSELHEIRO ZACARIAS;-49,981307;-23,41437;JUNHO-JULHO-AGOSTO
PINTOS - NOVA BRAS-LIA;-49,747417;-23,546038;JUNHO-JULHO-AGOSTO
SANTANA DO ITARAR+;-49,622972;-23,754928;JUNHO-JULHO-AGOSTO
S+O JOS+ DA BOA VISTA;-49,650473;-23,914929;JUNHO-JULHO-AGOSTO
SANTO ANTÈNIO DO PARA-SO;-50,650479;-23,50048;JUNHO-JULHO-AGOSTO
CAMBAR-;-50,070473;-23,042424;JUNHO-JULHO-AGOSTO
SANTO ANTÈNIO DA PLATINA;-50,06714;-23,300481;JUNHO-JULHO-AGOSTO
LEËPOLIS;-50,754923;-23,080478;JUNHO-JULHO-AGOSTO
S+O JOS+;-50,683534;-23,117145;JUNHO-JULHO-AGOSTO
SANTA AM+LIA;-50,432421;-23,266868;JUNHO-JULHO-AGOSTO
RIBEIR+O DO PINHAL;-50,350476;-23,40048;JUNHO-JULHO-AGOSTO
VOLTA GRANDE;-50,937426;-23,478257;JUNHO-JULHO-AGOSTO
PATRIMÈNIO DO CAF+;-50,184921;-23,888816;JUNHO-JULHO-AGOSTO
RIBEIR+O DO CAF+;-50,017142;-23,950484;JUNHO-JULHO-AGOSTO
JAPIRA;-50,133532;-23,817149;JUNHO-JULHO-AGOSTO
CALIXTO;-50,310199;-23,631593;JUNHO-JULHO-AGOSTO
GUAPIRAMA;-50,03353;-23,517148;JUNHO-JULHO-AGOSTO
SAPOPEMA;-50,571313;-23,904371;JUNHO-JULHO-AGOSTO
FAZENDA SANTA LAURA;-50,329367;-23,819649;JUNHO-JULHO-AGOSTO
PAPU+;-51,234096;-23,938535;JUNHO-JULHO-AGOSTO
KALORE;-51,667155;-23,817145;JUNHO-JULHO-AGOSTO
ITACOLOMI;-51,507431;-23,764367;JUNHO-JULHO-AGOSTO
RIO BOM;-51,411319;-23,764367;JUNHO-JULHO-AGOSTO
S+O JOS+;-51,266874;-23,827424;JUNHO-JULHO-AGOSTO
ITAMB+;-51,983546;-23,650476;JUNHO-JULHO-AGOSTO
S+O MIGUEL DO CAMBUI;-51,860489;-23,610199;JUNHO-JULHO-AGOSTO
PRATA;-51,261593;-23,066587;JUNHO-JULHO-AGOSTO
SERTANËPOLIS;-51,033536;-23,050477;JUNHO-JULHO-AGOSTO
CAMB+;-51,283539;-23,283533;JUNHO-JULHO-AGOSTO
S+O LUIZ;-51,233539;-23,517145;JUNHO-JULHO-AGOSTO
CALIFORNIA;-51,350485;-23,650478;JUNHO-JULHO-AGOSTO
BAIRRO TR-S VENDAS;-51,08354;-23,983536;JUNHO-JULHO-AGOSTO
CRUZEIRO;-51,602987;-23,663255;JUNHO-JULHO-AGOSTO
GUAIAPO;-51,874377;-23,400476;JUNHO-JULHO-AGOSTO
ARAPONGAS;-51,433818;-23,400477;JUNHO-JULHO-AGOSTO
IGUARAÃU;-51,833543;-23,183531;JUNHO-JULHO-AGOSTO
ASTORGA;-51,661875;-23,237698;JUNHO-JULHO-AGOSTO
SANTA F+;-51,806042;-23,040752;JUNHO-JULHO-AGOSTO
BELA VISTA DO IVA-;-52,028824;-23,848532;JUNHO-JULHO-AGOSTO
CANA+;-52,955221;-23,907141;JUNHO-JULHO-AGOSTO
PEABIRU;-52,336605;-23,911309;JUNHO-JULHO-AGOSTO
IGARITE;-52,633551;-23,800475;JUNHO-JULHO-AGOSTO
SALTINHO;-52,333549;-23,800476;JUNHO-JULHO-AGOSTO
ENGENHEIRO BELTR+O;-52,250493;-23,783532;JUNHO-JULHO-AGOSTO
MALU - TERRA BOA;-52,381049;-23,673531;JUNHO-JULHO-AGOSTO
PORTO S+O CARLOS;-52,524382;-23,364085;JUNHO-JULHO-AGOSTO
FLORAI;-52,299936;-23,324363;JUNHO-JULHO-AGOSTO
OURIZONA;-52,196324;-23,404641;JUNHO-JULHO-AGOSTO
IVAITINGA;-52,350213;-23,222418;JUNHO-JULHO-AGOSTO
OURO VERDE;-52,976609;-23,668529;JUNHO-JULHO-AGOSTO
BERNARDELLI;-52,850496;-23,56714;JUNHO-JULHO-AGOSTO
JAPUR-;-52,550494;-23,46714;JUNHO-JULHO-AGOSTO
CIDADE GAUCHA;-52,933552;-23,383528;JUNHO-JULHO-AGOSTO
GUAPOREMA;-52,767161;-23,333528;JUNHO-JULHO-AGOSTO
GAUCHINHA;-52,945773;-23,149638;JUNHO-JULHO-AGOSTO
AMAPOR+;-52,785216;-23,085749;JUNHO-JULHO-AGOSTO
DEPUTADO JOS+ AFONSO;-52,66716;-23,083528;JUNHO-JULHO-AGOSTO
COPACABANA DO NORTE;-52,381326;-23,531308;JUNHO-JULHO-AGOSTO
FLORIANO;-52,054101;-23,526864;JUNHO-JULHO-AGOSTO
COMUR;-52,959662;-23,077693;JUNHO-JULHO-AGOSTO
S-TIO FLORESTA;-52,19688;-23,61742;JUNHO-JULHO-AGOSTO
NOVA ESPERANÃA;-52,183545;-23,183529;JUNHO-JULHO-AGOSTO
S+O JORGE DO IVA-;-52,300492;-23,417141;JUNHO-JULHO-AGOSTO
SANTA ISABEL DO IVA-;-53,189386;-23,007137;JUNHO-JULHO-AGOSTO
ALTÈNIA;-53,883561;-23,850471;JUNHO-JULHO-AGOSTO
XAMBRE;-53,486891;-23,734638;JUNHO-JULHO-AGOSTO
PEROBAL (S-TIO 2 KM 9);-53,328001;-23,933529;JUNHO-JULHO-AGOSTO
SANTA MÈNICA;-53,016608;-23,439083;JUNHO-JULHO-AGOSTO
BAIRRO GURUCAIA;-53,909393;-23,693526;JUNHO-JULHO-AGOSTO
PINDORAMA;-53,713559;-23,717138;JUNHO-JULHO-AGOSTO
SERRA DOS DOURADOS;-53,367167;-23,617138;JUNHO-JULHO-AGOSTO
MARIA HELENA;-53,204666;-23,60825;JUNHO-JULHO-AGOSTO
SANTA ELIZA;-53,463278;-23,527971;JUNHO-JULHO-AGOSTO
NOVA OLIMPIA;-53,084387;-23,486306;JUNHO-JULHO-AGOSTO
ICARAIMA;-53,617168;-23,383526;JUNHO-JULHO-AGOSTO
VENDA DO PAULO;-53,417166;-23,333526;JUNHO-JULHO-AGOSTO
DOURADINHA;-53,283554;-23,367138;JUNHO-JULHO-AGOSTO
TAPIRA;-53,070497;-23,320194;JUNHO-JULHO-AGOSTO
S+O JOS+ DO IVA-;-53,27772;-23,131581;JUNHO-JULHO-AGOSTO
APARECIDA DO IVA-;-53,067163;-23,183527;JUNHO-JULHO-AGOSTO
IGUAIPORA;-53,967173;-23,950471;JUNHO-JULHO-AGOSTO
TATUPEVA;-48,750468;-24,717157;JUNHO-JULHO-AGOSTO
FAZENDA BOA VISTA (CRICIUMA);-48,968526;-24,756879;JUNHO-JULHO-AGOSTO
BALSA DO CERRO AZUL;-49,283806;-24,800489;JUNHO-JULHO-AGOSTO
TURVO;-49,333807;-24,750489;JUNHO-JULHO-AGOSTO
CERRO AZUL;-49,26714;-24,817156;JUNHO-JULHO-AGOSTO
PIRA- DO SUL;-49,929366;-24,529653;JUNHO-JULHO-AGOSTO
COSTAS;-49,300474;-24,95049;JUNHO-JULHO-AGOSTO
S+O SEBASTI+O;-49,467141;-24,850489;JUNHO-JULHO-AGOSTO
TUNAS;-49,083528;-24,967157;JUNHO-JULHO-AGOSTO
TABOR (FAZENDA MAR+O);-49,683531;-24,633543;JUNHO-JULHO-AGOSTO
CAPINZAL - PIRAI DO SUL;-49,726864;-24,500765;JUNHO-JULHO-AGOSTO
EDUARDO XAVIER DA SILVA;-49,583529;-24,383542;JUNHO-JULHO-AGOSTO
JAGUARIAIVA;-49,717141;-24,246319;JUNHO-JULHO-AGOSTO
SENGES;-49,467139;-24,100486;JUNHO-JULHO-AGOSTO
BALSA DO JACAR+;-49,467142;-24,967156;JUNHO-JULHO-AGOSTO
TIBAJI;-50,400481;-24,511318;JUNHO-JULHO-AGOSTO
TEL-MACO BORBA;-50,617149;-24,333817;JUNHO-JULHO-AGOSTO
CHACARA CACHOEIRA (FUND+O);-50,067146;-24,767153;JUNHO-JULHO-AGOSTO
BOCAINA;-50,267148;-24,983542;JUNHO-JULHO-AGOSTO
CATANDUVA DE FORA (RONCA PORCO);-50,000479;-24,950488;JUNHO-JULHO-AGOSTO
COLÈNIA IAPË;-50,133535;-24,633542;JUNHO-JULHO-AGOSTO
GUARICANGA - PIRAI DO SUL;-50,100478;-24,367152;JUNHO-JULHO-AGOSTO
VENTANIA;-50,233534;-24,217151;JUNHO-JULHO-AGOSTO
SALTINHO;-50,892153;-24,957985;JUNHO-JULHO-AGOSTO
BARREIRO;-50,935486;-24,669372;JUNHO-JULHO-AGOSTO
RIO NOVO;-50,967152;-24,417149;JUNHO-JULHO-AGOSTO
ENGENHEIRO ROSALDO LEIT+O;-50,383816;-24,950486;JUNHO-JULHO-AGOSTO
RESERVA;-50,850485;-24,650484;JUNHO-JULHO-AGOSTO
UB- DO SUL;-51,617155;-24,050479;JUNHO-JULHO-AGOSTO
SANTA MARIA DO OESTE;-51,883828;-24,933815;JUNHO-JULHO-AGOSTO
PITANGA;-51,767159;-24,750481;JUNHO-JULHO-AGOSTO
IVAIPOR+;-51,65049;-24,25048;JUNHO-JULHO-AGOSTO
MANOEL RIBAS;-51,667158;-24,517147;JUNHO-JULHO-AGOSTO
BARBOSA FERRAZ;-51,950491;-24,017144;JUNHO-JULHO-AGOSTO
BARRA GRANDE;-51,954939;-24,779647;JUNHO-JULHO-AGOSTO
JACUTINGA;-51,533822;-24,25048;JUNHO-JULHO-AGOSTO
ARROIO GRANDE;-51,833826;-24,617147;JUNHO-JULHO-AGOSTO
CARAZINHO;-51,65827;-24,908815;JUNHO-JULHO-AGOSTO
FAXINAL DA BOA VISTA;-51,367157;-24,91715;JUNHO-JULHO-AGOSTO
JACIABA;-51,283545;-24,833539;JUNHO-JULHO-AGOSTO
BAIRRO DA IMBUIA;-51,009376;-24,859651;JUNHO-JULHO-AGOSTO
BOM RETIRO;-51,758548;-24,641592;JUNHO-JULHO-AGOSTO
FAXINAL DE CATANDUVAS;-51,267155;-24,617149;JUNHO-JULHO-AGOSTO
LARANJEIRAS;-51,033542;-24,683539;JUNHO-JULHO-AGOSTO
BARRA BONITA;-51,153543;-24,569927;JUNHO-JULHO-AGOSTO
NOVA TEBAS;-51,933826;-24,417146;JUNHO-JULHO-AGOSTO
ALTO POR+;-51,691879;-24,353535;JUNHO-JULHO-AGOSTO
ARIRANHA;-51,500489;-24,367147;JUNHO-JULHO-AGOSTO
RIO BRANCO DO IVAI;-51,300487;-24,317148;JUNHO-JULHO-AGOSTO
C-NDIDO DE ABREU;-51,331877;-24,565482;JUNHO-JULHO-AGOSTO
CAMPO MOUR+O;-52,367994;-24,047699;JUNHO-JULHO-AGOSTO
IRETAMA;-52,100494;-24,417145;JUNHO-JULHO-AGOSTO
UBIRAT+;-52,983834;-24,53381;JUNHO-JULHO-AGOSTO
JANIËPOLIS;-52,767164;-24,133809;JUNHO-JULHO-AGOSTO
CAMPINA DA LAGOA;-52,804667;-24,600199;JUNHO-JULHO-AGOSTO
ALTAMIRA DO PARAN-;-52,7005;-24,800478;JUNHO-JULHO-AGOSTO
MAMBOR-;-52,517163;-24,283532;JUNHO-JULHO-AGOSTO
RONCADOR;-52,267162;-24,600479;JUNHO-JULHO-AGOSTO
PALMITAL;-52,203274;-24,884925;JUNHO-JULHO-AGOSTO
LARANJAL;-52,474387;-24,886313;JUNHO-JULHO-AGOSTO
FAROL;-52,621885;-24,091031;JUNHO-JULHO-AGOSTO
PRIMAVERA;-52,933555;-24,333531;JUNHO-JULHO-AGOSTO
GUARANI;-52,550497;-24,433533;JUNHO-JULHO-AGOSTO
PENSAMENTO;-52,650498;-24,317143;JUNHO-JULHO-AGOSTO
MARILU;-52,200495;-24,417145;JUNHO-JULHO-AGOSTO
-GUA FRIA;-52,077438;-24,293256;JUNHO-JULHO-AGOSTO
BALSA SANTA MARIA;-53,733838;-24,167139;JUNHO-JULHO-AGOSTO
PONTE DO PIQUIRI;-53,167169;-24,517142;JUNHO-JULHO-AGOSTO
ALTO PIQUIRI;-53,440225;-24,015195;JUNHO-JULHO-AGOSTO
FORMOSA DO OESTE;-53,317169;-24,28353;JUNHO-JULHO-AGOSTO
CORBELIA;-53,300504;-24,800476;JUNHO-JULHO-AGOSTO
SALTO SAPUCA-;-53,100502;-24,63381;JUNHO-JULHO-AGOSTO
PONTE TOURINHO - BRAGANEY;-53,06717;-24,883533;JUNHO-JULHO-AGOSTO
OURO VERDE DO OESTE;-53,902175;-24,775752;JUNHO-JULHO-AGOSTO
BOM PRINC-PIO;-53,643007;-24,772697;JUNHO-JULHO-AGOSTO
DOIS IRM+OS;-53,926619;-24,620473;JUNHO-JULHO-AGOSTO
BRAGANTINA;-53,614673;-24,611586;JUNHO-JULHO-AGOSTO
PALMITËPOLIS;-53,380504;-24,573531;JUNHO-JULHO-AGOSTO
VILA MARIP-;-53,817173;-24,41714;JUNHO-JULHO-AGOSTO
ALTO SANTA F+;-53,933007;-24,392417;JUNHO-JULHO-AGOSTO
BRASIL-NDIA DO SUL;-53,526059;-24,198807;JUNHO-JULHO-AGOSTO
RIO BONITO;-53,950506;-24,083527;JUNHO-JULHO-AGOSTO
S+O JO+O DO OESTE;-53,244394;-24,963255;JUNHO-JULHO-AGOSTO
TOLEDO;-53,717174;-24,733808;JUNHO-JULHO-AGOSTO
GUA-RA (PTO. GUA-RA);-54,250509;-24,067137;JUNHO-JULHO-AGOSTO
ENTRE RIOS DO OESTE;-54,233011;-24,692973;JUNHO-JULHO-AGOSTO
PORTO BRIT-NIA;-54,298845;-24,648528;JUNHO-JULHO-AGOSTO
TERRA ROXA DO OESTE;-54,100508;-24,167138;JUNHO-JULHO-AGOSTO
S+O CLEMENTE;-54,239956;-24,779362;JUNHO-JULHO-AGOSTO
NOVA MERCEDES;-54,167176;-24,450472;JUNHO-JULHO-AGOSTO
RANCHO ALEGRE;-54,217176;-24,317138;JUNHO-JULHO-AGOSTO
PONTE QUEIMADA;-54,2019;-24,906585;JUNHO-JULHO-AGOSTO
MORRETES;-48,833805;-25,46716;JUNHO-JULHO-AGOSTO
COLÈNIA DO CACHOEIRA;-48,75047;-25,233826;JUNHO-JULHO-AGOSTO
PAIOL DE BAIXO;-48,900472;-25,233826;JUNHO-JULHO-AGOSTO
RIO GUARAQUEÃABA;-48,217132;-25,083549;JUNHO-JULHO-AGOSTO
BANANAL;-48,417134;-25,233549;JUNHO-JULHO-AGOSTO
COLÈNIA SANTA CRUZ;-48,625193;-25,597161;JUNHO-JULHO-AGOSTO
ILHA DO RIO CLARO;-48,924085;-25,813272;JUNHO-JULHO-AGOSTO
ANTONINA;-48,767138;-25,433827;JUNHO-JULHO-AGOSTO
S+O BENTO;-49,783815;-25,933825;JUNHO-JULHO-AGOSTO
PORTO AMAZONAS;-49,883814;-25,55049;JUNHO-JULHO-AGOSTO
RIO DA V-RZEA DOS LIMA;-49,383812;-25,950493;ABRIL-MAIO-JUNHO
PIRAQUARA;-49,06714;-25,450493;ABRIL-MAIO-JUNHO
CURITIBA;-49,267142;-25,433825;JUNHO-JULHO-AGOSTO
FAZENDINHA;-49,150475;-25,517159;JUNHO-JULHO-AGOSTO
ITAQUI;-49,567145;-25,467158;JUNHO-JULHO-AGOSTO
CONTENDA;-49,536867;-25,680492;ABRIL-MAIO-JUNHO
TR-S CËRREGOS;-49,633811;-25,233823;JUNHO-JULHO-AGOSTO
OURO FINO DE BAIXO;-49,51881;-25,291602;JUNHO-JULHO-AGOSTO
ITAIACOCA;-49,900479;-25,133822;JUNHO-JULHO-AGOSTO
ERVALZINHO;-49,550477;-25,133545;JUNHO-JULHO-AGOSTO
SANTA CRUZ - TIGRE;-49,124084;-25,065769;JUNHO-JULHO-AGOSTO
PINHEIRINHO;-49,650477;-25,000489;JUNHO-JULHO-AGOSTO
PEDRA ALTA;-49,88326;-25,800491;JUNHO-JULHO-AGOSTO
QUITANDINHA;-49,500479;-25,850493;ABRIL-MAIO-JUNHO
MANDIRITUBA;-49,324922;-25,776882;ABRIL-MAIO-JUNHO
CAMPO DO TENENTE;-49,683814;-25,983826;ABRIL-MAIO-JUNHO
S+O MATEUS DO SUL;-50,389931;-25,876045;JUNHO-JULHO-AGOSTO
RIO CLARO DO SUL (EUFROZINA);-50,679656;-25,952711;JUNHO-JULHO-AGOSTO
PEDRA LISA;-50,013538;-25,697713;JUNHO-JULHO-AGOSTO
GONÃALVES JUNIOR;-50,783821;-25,467154;JUNHO-JULHO-AGOSTO
-GUA AZUL;-50,133817;-25,820768;JUNHO-JULHO-AGOSTO
TURVO;-50,517153;-25,700489;JUNHO-JULHO-AGOSTO
GUAIACA;-50,200761;-25,622434;JUNHO-JULHO-AGOSTO
MANDACAIA;-50,076871;-25,495767;JUNHO-JULHO-AGOSTO
APIABA;-50,767154;-25,33382;JUNHO-JULHO-AGOSTO
TEIXEIRA SOARES;-50,467151;-25,367154;JUNHO-JULHO-AGOSTO
IMBITUVA;-50,601041;-25,237987;JUNHO-JULHO-AGOSTO
SALTINHO;-50,983821;-25,150485;JUNHO-JULHO-AGOSTO
GUARAPUAVA;-51,450493;-25,450485;JUNHO-JULHO-AGOSTO
LEONËPOLIS;-51,202992;-25,694653;JUNHO-JULHO-AGOSTO
CAMPINA DO SIM+O;-51,806883;-25,109649;JUNHO-JULHO-AGOSTO
GUARAPUAVA - COL+GIO AGRICOLA;-51,497437;-25,365206;JUNHO-JULHO-AGOSTO
IN-CIO MARTINS;-51,067157;-25,567153;JUNHO-JULHO-AGOSTO
SANTANA;-51,262716;-25,944376;JUNHO-JULHO-AGOSTO
P-TIO VELHO (PINAR+);-51,104936;-25,903543;JUNHO-JULHO-AGOSTO
SANTA CRUZ;-51,767164;-25,850485;JUNHO-JULHO-AGOSTO
FAXINAL DOS RIBEIROS;-51,517162;-25,800486;JUNHO-JULHO-AGOSTO
FAZENDA ZANIOLO;-51,100492;-25,817154;JUNHO-JULHO-AGOSTO
PINH+O;-51,667162;-25,650485;JUNHO-JULHO-AGOSTO
CAMPINA BONITA;-51,250492;-25,567152;JUNHO-JULHO-AGOSTO
COLONIA SOCORRO;-51,550494;-25,550485;JUNHO-JULHO-AGOSTO
RONDINHA;-51,883829;-25,267149;JUNHO-JULHO-AGOSTO
PALMEIRINHA;-51,550493;-25,250484;JUNHO-JULHO-AGOSTO
INVERNADINHA;-51,433825;-25,300484;JUNHO-JULHO-AGOSTO
CAMPO DE DENTRO;-51,250491;-25,267151;JUNHO-JULHO-AGOSTO
PEDRO LUSTOSA;-51,850497;-25,800485;JUNHO-JULHO-AGOSTO
TIJUCO PRETO;-51,083267;-25,380208;JUNHO-JULHO-AGOSTO
RELËGIO;-51,100489;-25,283819;JUNHO-JULHO-AGOSTO
VILA ESPERANÃA;-51,067155;-25,150485;JUNHO-JULHO-AGOSTO
QUEDAS DO IGUAÃU (CAMPO NOVO);-52,904949;-25,448813;JUNHO-JULHO-AGOSTO
BALSA DO SANTANA;-52,850228;-25,915482;JUNHO-JULHO-AGOSTO
CAVERNOSO I RESERV. - MONT.;-52,218832;-25,484371;JUNHO-JULHO-AGOSTO
GUARANIAÃU;-52,883836;-25,083812;JUNHO-JULHO-AGOSTO
LARANJEIRAS DO SUL;-52,417167;-25,400481;JUNHO-JULHO-AGOSTO
MARQUINHOS;-52,258831;-25,112703;JUNHO-JULHO-AGOSTO
LARANJEIRAS DO SUL;-52,417167;-25,417148;JUNHO-JULHO-AGOSTO
NOVA LARANJEIRAS;-52,533834;-25,300481;JUNHO-JULHO-AGOSTO
MANGUEIRINHA;-52,178001;-25,936873;JUNHO-JULHO-AGOSTO
CAMPO VERDE (FAXINAL DOS -NDIOS);-52,431611;-25,222981;JUNHO-JULHO-AGOSTO
RESERVA DO IGUAÃU;-52,017165;-25,800484;JUNHO-JULHO-AGOSTO
CACHOEIRA;-52,197166;-25,698261;JUNHO-JULHO-AGOSTO
GOIOXIM;-51,991329;-25,183815;JUNHO-JULHO-AGOSTO
S+O JO+O DO OESTE;-52,733838;-25,850482;JUNHO-JULHO-AGOSTO
CHOPINZINHO;-52,517169;-25,850482;JUNHO-JULHO-AGOSTO
BUGRE;-52,417169;-25,817149;JULHO-AGOSTO-SETEMBRO
S+O LUIZ DO OESTE;-52,50328;-25,727982;JUNHO-JULHO-AGOSTO
BAIA;-52,383835;-25,717149;JUNHO-JULHO-AGOSTO
RIO BONITO DO IGUAÃU;-52,532724;-25,490203;JUNHO-JULHO-AGOSTO
PORTO BARREIRO;-52,400501;-25,517148;JUNHO-JULHO-AGOSTO
ESPIG+O ALTO DO IGUAÃU;-52,83717;-25,422702;JUNHO-JULHO-AGOSTO
S+O ROQUE;-52,770503;-25,386036;JUNHO-JULHO-AGOSTO
ITAPEJARA DO OESTE;-52,825506;-25,941037;JUNHO-JULHO-AGOSTO
VISTA ALEGRE;-52,711616;-25,934371;JULHO-AGOSTO-SETEMBRO
CORONEL VIVIDA;-52,56717;-25,983816;JUNHO-JULHO-AGOSTO
IOLËPOLIS;-52,917172;-25,717147;JUNHO-JULHO-AGOSTO
VILA GUARANI;-52,652168;-25,211869;JUNHO-JULHO-AGOSTO
CRUZEIRO DO IGUAÃU I;-53,13384;-25,567146;JUNHO-JULHO-AGOSTO
P+ROLA DO OESTE;-53,750512;-25,833811;JULHO-AGOSTO-SETEMBRO
SALTO DO LONTRA;-53,311342;-25,777146;JUNHO-JULHO-AGOSTO
C+U AZUL;-53,85051;-25,133531;JUNHO-JULHO-AGOSTO
SANTA IZABEL DO OESTE;-53,50051;-25,817146;JUNHO-JULHO-AGOSTO
AMPERE;-53,483844;-25,917146;JUNHO-JULHO-AGOSTO
PORTO MOISES LUPION;-53,983568;-25,583532;JUNHO-JULHO-AGOSTO
NELSON TABORDA;-53,367173;-25,167144;JUNHO-JULHO-AGOSTO
IBEMA;-53,067171;-25,100478;JUNHO-JULHO-AGOSTO
FLORIANO;-53,873566;-25,306865;JUNHO-JULHO-AGOSTO
CAPIT+O LEONIDAS MARQUES;-53,617176;-25,483811;JUNHO-JULHO-AGOSTO
FLOR DA SERRA;-53,38523;-25,394922;JUNHO-JULHO-AGOSTO
SANTA L+CIA;-53,567176;-25,400477;JUNHO-JULHO-AGOSTO
LINHA SANTA CATARINA;-53,550509;-25,350477;JUNHO-JULHO-AGOSTO
TR-S BARRAS DO PARAN-;-53,183839;-25,417145;JUNHO-JULHO-AGOSTO
IBIRACEMA;-53,317173;-25,283811;JUNHO-JULHO-AGOSTO
BOI PRETO;-53,617175;-25,150476;JUNHO-JULHO-AGOSTO
RIO DO SALTO;-53,317173;-25,133533;JUNHO-JULHO-AGOSTO
NOVA ESPERANÃA;-53,833847;-25,950478;JULHO-AGOSTO-SETEMBRO
TR-S IRM+OS;-53,617178;-25,950479;JULHO-AGOSTO-SETEMBRO
S+O VAL+RIO;-53,664956;-25,7702;JUNHO-JULHO-AGOSTO
TORRA ALTA;-53,050504;-25,217145;JUNHO-JULHO-AGOSTO
ENEAS MARQUES;-53,17023;-25,933536;JUNHO-JULHO-AGOSTO
PINHALZINHO;-53,083007;-25,887981;JUNHO-JULHO-AGOSTO
NOVA PRATA DO IGUAÃU;-53,367175;-25,617145;JUNHO-JULHO-AGOSTO
PARQUE NACIONAL IGUAÃU - MUSEU;-54,483572;-25,617142;JUNHO-JULHO-AGOSTO
SALTO CATARATAS;-54,433572;-25,683531;JULHO-AGOSTO-SETEMBRO
MATEL-NDIA;-53,975789;-25,240475;JUNHO-JULHO-AGOSTO
S+O MIGUEL DO IGUAÃU;-54,24468;-25,346308;JUNHO-JULHO-AGOSTO
SANTA TEREZINHA DE ITAIPU;-54,403571;-25,441308;JUNHO-JULHO-AGOSTO
JARDINËPOLIS;-54,037735;-25,413809;JULHO-AGOSTO-SETEMBRO
MISSAL;-54,248568;-25,087696;JUNHO-JULHO-AGOSTO
FAZENDA RAMI;-54,056067;-25,045752;JUNHO-JULHO-AGOSTO
PICARRAS;-48,69992;-26,755499;JUNHO-JULHO-AGOSTO
PONTE SC-301;-48,830754;-26,448831;ABRIL-MAIO-JUNHO
POMERODE;-49,170758;-26,736053;ABRIL-MAIO-JUNHO
BENEDITO NOVO;-49,365482;-26,781608;ABRIL-MAIO-JUNHO
TIMBË NOVO;-49,272426;-26,830219;JUNHO-JULHO-AGOSTO
RIO NEGRO;-49,800482;-26,100493;JUNHO-JULHO-AGOSTO
BLUMENAU;-49,065758;-26,918554;JUNHO-JULHO-AGOSTO
ARROZEIRA;-49,271036;-26,74133;ABRIL-MAIO-JUNHO
GARCIA DE BLUMENAU;-49,074647;-26,968832;ABRIL-MAIO-JUNHO
ITOUPAVA CENTRAL;-49,083813;-26,793553;ABRIL-MAIO-JUNHO
RIO JARAGU-;-49,087978;-26,494941;JUNHO-JULHO-AGOSTO
CORUP- (HANSA);-49,29298;-26,424384;ABRIL-MAIO-JUNHO
RIO PRETO DO SUL;-49,603815;-26,216605;ABRIL-MAIO-JUNHO
DOUTOR PEDRINHO;-49,483538;-26,717718;ABRIL-MAIO-JUNHO
FRAGOSOS;-49,381035;-26,155216;ABRIL-MAIO-JUNHO
WITMARSUM;-49,802986;-26,926607;ABRIL-MAIO-JUNHO
MOEMA;-49,844096;-26,53105;ABRIL-MAIO-JUNHO
CORREDEIRA;-49,573537;-26,419939;ABRIL-MAIO-JUNHO
ITAIËPOLIS;-49,927707;-26,333271;ABRIL-MAIO-JUNHO
CAMPO ALEGRE;-49,273812;-26,186884;JUNHO-JULHO-AGOSTO
BARRA DO PRATA;-49,828541;-26,697995;ABRIL-MAIO-JUNHO
PRIMEIRO SALTO DO CUBAT+O;-49,081033;-26,216329;JUNHO-JULHO-AGOSTO
BARRAGEM NORTE;-49,672707;-26,895496;ABRIL-MAIO-JUNHO
SALTO CANOINHAS;-50,291321;-26,371048;MARÇO-ABRIL-MAIO
SANTA CRUZ DO TIMBË;-50,878826;-26,384379;JUNHO-JULHO-AGOSTO
RIO DO CAMPO;-50,143822;-26,945495;ABRIL-MAIO-JUNHO
RESIDENCIA FUCK (LAJEADINHO);-50,291322;-26,710771;ABRIL-MAIO-JUNHO
BURITI (TIMBË GRANDE);-50,601602;-26,556325;JUNHO-JULHO-AGOSTO
PINHEIROS;-50,646046;-26,35188;MARÇO-ABRIL-MAIO
UNI+O DA VITËRIA - 396;-51,080771;-26,228544;JUNHO-JULHO-AGOSTO
CAMPINA DA ALEGRIA;-51,796891;-26,873822;JUNHO-JULHO-AGOSTO
JANGADA DO SUL - 396;-51,27244;-26,387155;JUNHO-JULHO-AGOSTO
PORTO VITËRIA;-51,217161;-26,167155;JUNHO-JULHO-AGOSTO
PALMITAL DO MEIO (ex. Fazenda  Maracana) - 396;-51,142437;-26,031043;JUNHO-JULHO-AGOSTO
SERRARIA S+O SEBASTI+O - INDUBRAS;-51,333552;-26,633545;JUNHO-JULHO-AGOSTO
COLÈNIA AUGUSTO LOUREIRO;-51,298273;-26,191043;JUNHO-JULHO-AGOSTO
USINA BITURUNA;-51,550497;-26,167154;JUNHO-JULHO-AGOSTO
SALTO DO VAU;-51,200493;-26,050488;JUNHO-JULHO-AGOSTO
SANTO ANTÈNIO DO IRATIM;-51,400495;-26,150487;JUNHO-JULHO-AGOSTO
SANTO AGOSTINHO;-51,882168;-26,609098;JUNHO-JULHO-AGOSTO
LINHA SANTA MARIA;-51,567163;-26,117153;JUNHO-JULHO-AGOSTO
IRATIM;-51,428553;-26,480211;JUNHO-JULHO-AGOSTO
FAZENDA SANTA TEREZA;-51,867167;-26,367153;JUNHO-JULHO-AGOSTO
QUILOMETRO 30;-51,263275;-26,776323;JUNHO-JULHO-AGOSTO
PONTE SERRADA;-52,01967;-26,862154;JUNHO-JULHO-AGOSTO
PALMAS;-51,983835;-26,48382;JUNHO-JULHO-AGOSTO
BONITO;-52,183005;-26,952987;MARÇO-ABRIL-MAIO
MARATA;-52,640785;-26,584373;JUNHO-JULHO-AGOSTO
PONTE DO VITORINO;-52,801339;-26,051038;JUNHO-JULHO-AGOSTO
PALMAS;-52,000502;-26,48382;JUNHO-JULHO-AGOSTO
MARIËPOLIS;-52,567172;-26,350484;JUNHO-JULHO-AGOSTO
VITORINO - MOINHO CAÃADOR;-52,800507;-26,26715;JUNHO-JULHO-AGOSTO
PATO BRANCO;-52,683839;-26,233817;JUNHO-JULHO-AGOSTO
SALTO CLAUDELINO;-52,296614;-26,27854;JULHO-AGOSTO-SETEMBRO
JARDINËPOLIS;-52,900787;-26,736595;JUNHO-JULHO-AGOSTO
S+O CARVAJO;-52,717173;-26,31715;JUNHO-JULHO-AGOSTO
S+O LOURENÃO DO OESTE;-52,838563;-26,350761;JUNHO-JULHO-AGOSTO
GRAMADOS;-52,51717;-26,083817;JUNHO-JULHO-AGOSTO
PASSO DA ILHA;-52,597172;-26,231595;JUNHO-JULHO-AGOSTO
CAMPO ERE - EMPASC;-53,080787;-26,447149;JUNHO-JULHO-AGOSTO
DION-SIO CERQUEIRA;-53,621346;-26,265758;JUNHO-JULHO-AGOSTO
MODELO;-53,053011;-26,782984;JUNHO-JULHO-AGOSTO
PONTE DO SARGENTO;-53,288568;-26,681871;JUNHO-JULHO-AGOSTO
S+O JOS+ DO CEDRO;-53,49718;-26,454925;JUNHO-JULHO-AGOSTO
SAUDADES;-53,008289;-26,927151;JUNHO-JULHO-AGOSTO
FRANCISCO BELTR+O;-53,067175;-26,083815;JUNHO-JULHO-AGOSTO
MARCIANËPOLIS;-53,650513;-26,117146;JULHO-AGOSTO-SETEMBRO
LINHA GAUCHA;-53,200509;-26,083814;JUNHO-JULHO-AGOSTO
S+O SEBASTI+O DA BELA VISTA;-53,362732;-26,064925;JUNHO-JULHO-AGOSTO
GUABIJU;-53,463844;-26,112702;JUNHO-JULHO-AGOSTO
RIO VERDE;-53,20051;-26,233815;JUNHO-JULHO-AGOSTO
SALGADO FILHO;-53,383844;-26,183814;JUNHO-JULHO-AGOSTO
SIQUEIRA BELO;-53,483845;-26,217147;JUNHO-JULHO-AGOSTO
FAXINAL DO CAMPO ERE;-53,045231;-26,378538;JUNHO-JULHO-AGOSTO
RINC+O DO CAPETINGA;-53,217177;-26,333815;JUNHO-JULHO-AGOSTO
MARMELEIRO;-53,018841;-26,152982;JUNHO-JULHO-AGOSTO
BRUSQUE;-48,918257;-27,101055;ABRIL-MAIO-JUNHO
MAJOR GERCINO;-48,953259;-27,414667;ABRIL-MAIO-JUNHO
GARCIA DE ANGELINA;-48,988537;-27,489667;ABRIL-MAIO-JUNHO
ANTÈNIO CARLOS;-48,769924;-27,517446;JUNHO-JULHO-AGOSTO
PAULO LOPES;-48,67687;-27,956614;JUNHO-JULHO-AGOSTO
S+O BONIF-CIO;-48,924927;-27,901613;ABRIL-MAIO-JUNHO
APIUNA - R+GUA NOVA;-49,395483;-27,038553;ABRIL-MAIO-JUNHO
IBIRAMA;-49,517151;-27,054386;ABRIL-MAIO-JUNHO
ITUPORANGA;-49,60632;-27,399109;MARÇO-ABRIL-MAIO
TAIË;-49,994933;-27,113551;ABRIL-MAIO-JUNHO
NOVA BREMEN;-49,590207;-27,034663;ABRIL-MAIO-JUNHO
POUSO REDONDO;-49,941322;-27,257719;ABRIL-MAIO-JUNHO
LOMBA ALTA;-49,383264;-27,731056;ABRIL-MAIO-JUNHO
DIVISA DE ANIT-POLIS;-49,115207;-27,996891;JUNHO-JULHO-AGOSTO
TROMBUDO CENTRAL;-49,769376;-27,290775;ABRIL-MAIO-JUNHO
FAZENDA BOA ESPERANÃA;-48,980481;-27,397722;ABRIL-MAIO-JUNHO
NEISSE CENTRAL;-49,381872;-27,040775;ABRIL-MAIO-JUNHO
BARRAGEM SUL;-49,553542;-27,502443;ABRIL-MAIO-JUNHO
RANCHO QUEIMADO;-49,006594;-27,673001;ABRIL-MAIO-JUNHO
ANIT-POLIS;-49,132429;-27,912446;ABRIL-MAIO-JUNHO
VIDAL RAMOS;-49,36604;-27,392999;ABRIL-MAIO-JUNHO
LEOBERTO LEAL;-49,287984;-27,508;ABRIL-MAIO-JUNHO
BOCAINA DO SUL;-49,944657;-27,744665;ABRIL-MAIO-JUNHO
SALTINHO;-49,365763;-27,683833;ABRIL-MAIO-JUNHO
RIO DO SUL - NOVO;-49,632152;-27,206053;ABRIL-MAIO-JUNHO
PAINEL;-50,099104;-27,921887;MARÇO-ABRIL-MAIO
PASSO CARU;-50,860219;-27,538272;MARÇO-ABRIL-MAIO
PASSO MAROMBAS;-50,751329;-27,331327;MARÇO-ABRIL-MAIO
PONTE ALTA DO NORTE;-50,467159;-27,162994;MARÇO-ABRIL-MAIO
PONTE DO RIO ANTINHAS;-50,434382;-27,345217;MARÇO-ABRIL-MAIO
BARRAGEM OESTE;-50,034377;-27,097718;ABRIL-MAIO-JUNHO
S+O JOS+ DO CERRITO;-50,583551;-27,661051;MARÇO-ABRIL-MAIO
JOAÃABA;-51,500778;-27,172157;MARÇO-ABRIL-MAIO
PAIM FILHO;-51,768005;-27,70438;MARÇO-ABRIL-MAIO
SANANDUVA;-51,814951;-27,95077;FEVEREIRO-MARÇO-ABRIL
IRANI;-51,912726;-27,0516;JUNHO-JULHO-AGOSTO
CAPINZAL;-51,608836;-27,342713;MARÇO-ABRIL-MAIO
BARRAC+O;-51,457447;-27,67827;MARÇO-ABRIL-MAIO
CLEMENTE ARGOLO;-51,453004;-28,005216;FEVEREIRO-MARÇO-ABRIL
CONCORDIA;-51,993838;-27,314934;JUNHO-JULHO-AGOSTO
EREBANGO;-52,304399;-27,854657;FEVEREIRO-MARÇO-ABRIL
ITATIBA DO SUL;-52,454954;-27,389377;FEVEREIRO-MARÇO-ABRIL
FREDERICO WESTPHALEN;-53,400516;-27,350484;MARÇO-ABRIL-MAIO
LINHA CESCON;-53,028293;-27,812154;FEVEREIRO-MARÇO-ABRIL
PALMITOS;-53,159402;-27,071595;JUNHO-JULHO-AGOSTO
SANTO AUGUSTO;-53,767188;-27,850484;JANEIRO-FEVEREIRO-MARÇO
TR-S PASSOS;-53,933854;-27,450483;JUNHO-JULHO-AGOSTO
IPOR+;-53,53246;-26,997983;JUNHO-JULHO-AGOSTO
LIBERATO SALZANO;-53,071348;-27,59882;JANEIRO-FEVEREIRO-MARÇO
PALMEIRA DAS MISSiES;-53,311352;-27,91382;FEVEREIRO-MARÇO-ABRIL
MIRAGUAI;-53,682464;-27,50215;JUNHO-JULHO-AGOSTO
ALTO URUGUAI;-54,134966;-27,303537;JUNHO-JULHO-AGOSTO
TR-S DE MAIO;-54,233858;-27,783816;JUNHO-JULHO-AGOSTO
TUCUNDUVA;-54,442748;-27,65437;JUNHO-JULHO-AGOSTO
ESQUINA ARAUJO;-54,116914;-27,968539;JUNHO-JULHO-AGOSTO
PORTO LUCENA;-55,023031;-27,854924;JUNHO-JULHO-AGOSTO
VARGEM DO CEDRO;-48,919095;-28,105225;ABRIL-MAIO-JUNHO
IMBITUBA;-48,702705;-28,281615;ABRIL-MAIO-JUNHO
RIO DO POUSO;-49,107153;-28,419948;ABRIL-MAIO-JUNHO
ORLEANS - MONTANTE;-49,295488;-28,359391;ABRIL-MAIO-JUNHO
S+O LUDGERO;-49,179654;-28,326336;ABRIL-MAIO-JUNHO
TAQUARUÃU;-49,601882;-28,958837;ABRIL-MAIO-JUNHO
MELEIRO;-49,63716;-28,832725;ABRIL-MAIO-JUNHO
RIO PEQUENO;-49,195487;-28,209947;ABRIL-MAIO-JUNHO
BOM JARDIM DA SERRA;-49,617157;-28,333835;ABRIL-MAIO-JUNHO
TIMB+ DO SUL;-49,838273;-28,835502;ABRIL-MAIO-JUNHO
JAGUARUNA;-49,033543;-28,607171;ABRIL-MAIO-JUNHO
URUBICI;-49,577989;-27,989111;ABRIL-MAIO-JUNHO
IÃARA;-49,303823;-28,72217;ABRIL-MAIO-JUNHO
DESPRAIADO;-49,804659;-28,368556;ABRIL-MAIO-JUNHO
FOZ DO MANUEL ALVES;-49,590215;-28,854114;ABRIL-MAIO-JUNHO
CAPELA S+O JOS+ DOS AUSENTES;-50,067163;-28,733834;MARÇO-ABRIL-MAIO
COXILHA RICA;-50,44133;-28,15272;MARÇO-ABRIL-MAIO
PASSO SOCORRO;-50,759111;-28,21133;MARÇO-ABRIL-MAIO
PASSO TAINHAS;-50,454389;-28,867167;MARÇO-ABRIL-MAIO
ANTÈNIO PRADO;-51,284118;-28,85383;MARÇO-ABRIL-MAIO
ENCRUZILHADA II;-51,550506;-28,233827;MARÇO-ABRIL-MAIO
FAZENDA ROSEIRA;-51,133838;-28,667163;MARÇO-ABRIL-MAIO
PASSO DAS PEDRAS;-51,850508;-28,250493;FEVEREIRO-MARÇO-ABRIL
PASSO DO PRATA;-51,446064;-28,867996;MARÇO-ABRIL-MAIO
PASSO MIGLIAVACA;-51,866621;-28,620494;MARÇO-ABRIL-MAIO
PRATA;-51,620509;-28,769106;MARÇO-ABRIL-MAIO
SERAFINA CORR-A;-51,933845;-28,700494;MARÇO-ABRIL-MAIO
ESMERALDA;-51,189391;-28,059661;FEVEREIRO-MARÇO-ABRIL
AULER;-52,367182;-28,800493;JANEIRO-FEVEREIRO-MARÇO
CARAZINHO;-52,788849;-28,294378;FEVEREIRO-MARÇO-ABRIL
COLÈNIA XADREZ;-52,745793;-28,188823;FEVEREIRO-MARÇO-ABRIL
COLORADO;-52,983852;-28,533823;FEVEREIRO-MARÇO-ABRIL
DEPOSITO;-52,800519;-28,933825;MARÇO-ABRIL-MAIO
ILËPOLIS;-52,11718;-28,917161;MARÇO-ABRIL-MAIO
MARAU;-52,200512;-28,450492;MARÇO-ABRIL-MAIO
PULADOR;-52,567181;-28,283824;FEVEREIRO-MARÇO-ABRIL
USINA ERNESTINA;-52,550515;-28,550491;FEVEREIRO-MARÇO-ABRIL
TAPEJARA;-51,99662;-28,057158;FEVEREIRO-MARÇO-ABRIL
BELIS-RIO;-53,450522;-28,483821;FEVEREIRO-MARÇO-ABRIL
CONCEIÃ+O;-53,971359;-28,455485;JUNHO-JULHO-AGOSTO
PASSO DA DIVISA;-53,350522;-28,650488;JANEIRO-FEVEREIRO-MARÇO
PASSO FAXINAL;-53,780524;-28,289652;FEVEREIRO-MARÇO-ABRIL
SALDANHA MARINHO;-53,083852;-28,383822;FEVEREIRO-MARÇO-ABRIL
SANTA CLARA DO INGAI;-53,186355;-28,7291;JANEIRO-FEVEREIRO-MARÇO
PASSO DOS ALEM+ES;-53,600525;-28,833821;DEZEMBRO-JANEIRO-FEVEREIRO
CONDOR;-54,332473;-28,38965;FEVEREIRO-MARÇO-ABRIL
CHAPADA;-53,066628;-28,059099;FEVEREIRO-MARÇO-ABRIL
ANDERSON CLAYTON;-53,605246;-28,659098;JANEIRO-FEVEREIRO-MARÇO
BOA VISTA;-53,993024;-28,107429;JUNHO-JULHO-AGOSTO
GIRUA;-54,344138;-28,026872;JUNHO-JULHO-AGOSTO
PASSO MAJOR ZEFERINO;-54,64831;-28,734095;JUNHO-JULHO-AGOSTO
PASSO VIOLA;-54,602752;-28,211038;JANEIRO-FEVEREIRO-MARÇO
COIMBRA;-54,452476;-28,788262;DEZEMBRO-JANEIRO-FEVEREIRO
GARRUCHOS;-55,64387;-28,182978;JUNHO-JULHO-AGOSTO
PASSO DO SARMENTO;-55,320257;-28,212424;JUNHO-JULHO-AGOSTO
PASSO DO NOVO;-55,581928;-28,679091;JUNHO-JULHO-AGOSTO
FAZENDA SANTA CEC-LIA DO BUTUI;-55,680819;-28,99548;JUNHO-JULHO-AGOSTO
PRAIA GRANDE;-49,963831;-29,196336;ABRIL-MAIO-JUNHO
SOMBRIO;-49,639383;-29,117726;ABRIL-MAIO-JUNHO
CAMISAS;-50,167165;-29,100502;MARÇO-ABRIL-MAIO
CAP+O DOS COXOS;-50,583837;-29,400501;MARÇO-ABRIL-MAIO
GLORINHA;-50,788841;-29,883002;MARÇO-ABRIL-MAIO
LAJEADO GRANDE;-50,617169;-29,083833;MARÇO-ABRIL-MAIO
RENANIA;-50,900506;-29,417167;MARÇO-ABRIL-MAIO
RIO DOS CARVALHOS;-50,183834;-29,383836;ABRIL-MAIO-JUNHO
ROLANTE;-50,567172;-29,667169;MARÇO-ABRIL-MAIO
SANTO ANTÈNIO;-50,517172;-29,817169;MARÇO-ABRIL-MAIO
SECA;-50,967172;-29,067165;MARÇO-ABRIL-MAIO
SERRA DO PINTO;-50,183834;-29,367169;ABRIL-MAIO-JUNHO
TERRA DE AREIA;-50,056889;-29,572726;ABRIL-MAIO-JUNHO
ENCANTADO;-51,85468;-29,234662;JANEIRO-FEVEREIRO-MARÇO
JANSEN;-51,367175;-29,133831;MARÇO-ABRIL-MAIO
NOVA PALMIRA;-51,189119;-29,335221;MARÇO-ABRIL-MAIO
PORTO GARIBALDI;-51,37829;-29,817722;JANEIRO-FEVEREIRO-MARÇO
S+O VENDELINO;-51,371621;-29,366887;MARÇO-ABRIL-MAIO
SAPUCAIA DO SUL;-51,495791;-29,82161;MARÇO-ABRIL-MAIO
BOTUCARAI;-52,894413;-29,722715;MARÇO-ABRIL-MAIO
BARRAGEM SALTO GRANDE;-53,200523;-29,067157;MARÇO-ABRIL-MAIO
COLONINHA;-53,000522;-29,183825;JANEIRO-FEVEREIRO-MARÇO
DONA FRANCISCA;-53,35386;-29,627991;DEZEMBRO-JANEIRO-FEVEREIRO
ITAUBA;-53,233858;-29,250491;JANEIRO-FEVEREIRO-MARÇO
USINA IVA-;-53,350524;-29,117156;DEZEMBRO-JANEIRO-FEVEREIRO
TUPANCIRETA;-53,822472;-29,086043;DEZEMBRO-JANEIRO-FEVEREIRO
CACEQUI;-54,824151;-29,878264;JUNHO-JULHO-AGOSTO
ERNESTO ALVES;-54,735259;-29,366318;JUNHO-JULHO-AGOSTO
FURNAS DO SEGREDO;-54,501368;-29,359375;DEZEMBRO-JANEIRO-FEVEREIRO
JAGUARI;-54,689426;-29,490763;JUNHO-JULHO-AGOSTO
QUEVEDOS;-54,068034;-29,852433;JUNHO-JULHO-AGOSTO
SANTIAGO;-54,85637;-29,187151;JUNHO-JULHO-AGOSTO
CACHOEIRA SANTA CEC-LIA;-55,474985;-29,196593;JUNHO-JULHO-AGOSTO
PONTE DO MIRACATU;-55,290819;-29,459372;JUNHO-JULHO-AGOSTO
UNISTALDA;-55,151649;-29,047982;JUNHO-JULHO-AGOSTO
MANOEL VIANA;-55,482488;-29,591038;JUNHO-JULHO-AGOSTO
ITAQUI;-56,558326;-29,118532;JUNHO-JULHO-AGOSTO
PASSO MARIANO PINTO;-56,055268;-29,308813;JUNHO-JULHO-AGOSTO
PLANO ALTO;-56,516385;-29,770479;JUNHO-JULHO-AGOSTO
JO+O ARREGUI;-56,684163;-29,474922;JULHO-AGOSTO-SETEMBRO
PALMARES DO SUL;-50,506896;-30,25356;DEZEMBRO-JANEIRO-FEVEREIRO
CERRO GRANDE;-51,754964;-30,598556;MARÇO-ABRIL-MAIO
GUA-BA COUNTRY CLUB;-51,649405;-30,107166;MARÇO-ABRIL-MAIO
CAMAQU+;-51,795243;-30,871056;MARÇO-ABRIL-MAIO
FAZENDA DA BOA VISTA;-51,660242;-30,772168;MARÇO-ABRIL-MAIO
BARRA DO RIBEIRO;-51,314681;-30,298001;JANEIRO-FEVEREIRO-MARÇO
DOM FELICIANO;-52,067189;-30,700499;MARÇO-ABRIL-MAIO
PASSO DA GUARDA;-52,450527;-30,900498;NOVEMBRO-DEZEMBRO-JANEIRO
PORTO TARUMA;-52,950531;-30,917163;NOVEMBRO-DEZEMBRO-JANEIRO
QUITERIA;-52,073854;-30,419665;JANEIRO-FEVEREIRO-MARÇO
SERRA DOS PEDROSAS;-52,81025;-30,62244;NOVEMBRO-DEZEMBRO-JANEIRO
LAVRAS DO SUL;-53,900538;-30,800492;NOVEMBRO-DEZEMBRO-JANEIRO
PASSO DOS FREIRES;-53,713034;-30,43577;NOVEMBRO-DEZEMBRO-JANEIRO
DOM PEDRITO;-54,676378;-30,978545;JULHO-AGOSTO-SETEMBRO
ROS-RIO DO SUL;-54,918042;-30,247431;JUNHO-JULHO-AGOSTO
GRANJA UMBU;-54,770821;-30,514932;JUNHO-JULHO-AGOSTO
FAZENDA ENCERRA;-55,841663;-30,696039;JUNHO-JULHO-AGOSTO
SAICA;-55,092765;-30,02993;JUNHO-JULHO-AGOSTO
SANTA RITA;-55,127212;-30,533542;JUNHO-JULHO-AGOSTO
FAZENDA JUNCO;-56,821111;-30,018533;JUNHO-JULHO-AGOSTO
HARMONIA;-56,15944;-30,069925;JUNHO-JULHO-AGOSTO
S+O LOURENÃO DO SUL;-51,987192;-31,369946;NOVEMBRO-DEZEMBRO-JANEIRO
BOQUEIR+O;-52,079692;-31,281612;NOVEMBRO-DEZEMBRO-JANEIRO
CANGUÃU;-52,697754;-31,39161;OUTUBRO-NOVEMBRO-DEZEMBRO
VILA FREIRE;-52,7972;-31,654665;NOVEMBRO-DEZEMBRO-JANEIRO
GRANJA S+O PEDRO;-52,180807;-31,669112;NOVEMBRO-DEZEMBRO-JANEIRO
PASSO DO MENDONÃA;-52,050246;-31,000778;NOVEMBRO-DEZEMBRO-JANEIRO
PEDRO OSËRIO;-52,809146;-31,879944;NOVEMBRO-DEZEMBRO-JANEIRO
PONTE CORDEIRO DE FARIAS;-52,462475;-31,573556;NOVEMBRO-DEZEMBRO-JANEIRO
PARA-SO;-53,85054;-31,21716;JUNHO-JULHO-AGOSTO
FERRARIA;-53,052203;-31,736887;NOVEMBRO-DEZEMBRO-JANEIRO
PASSO DA CAPELA;-53,054977;-31,134107;NOVEMBRO-DEZEMBRO-JANEIRO
PEDRAS ALTAS;-53,589429;-31,736607;NOVEMBRO-DEZEMBRO-JANEIRO
PINHEIRO MACHADO;-53,377482;-31,577996;NOVEMBRO-DEZEMBRO-JANEIRO
TORRINHAS;-53,498315;-31,314662;NOVEMBRO-DEZEMBRO-JANEIRO
ESTAÃ+O EXPERIMENTAL DE PIRATINI;-53,106646;-31,430497;NOVEMBRO-DEZEMBRO-JANEIRO
TORQUATO SEVERO;-54,184986;-31,029103;NOVEMBRO-DEZEMBRO-JANEIRO
TR-S VENDAS;-55,038327;-31,275488;JUNHO-JULHO-AGOSTO
GRANJA CORONEL PEDRO OSËRIO;-52,653312;-32,006056;NOVEMBRO-DEZEMBRO-JANEIRO
GRANJA CERRITO;-52,540813;-32,349946;NOVEMBRO-DEZEMBRO-JANEIRO
GRANJA SANTA MARIA;-52,556369;-32,404946;NOVEMBRO-DEZEMBRO-JANEIRO
ARROIO GRANDE;-53,088317;-32,236888;NOVEMBRO-DEZEMBRO-JANEIRO
GRANJA OSËRIO;-53,119433;-32,953001;NOVEMBRO-DEZEMBRO-JANEIRO
HERVAL;-53,399152;-32,028275;NOVEMBRO-DEZEMBRO-JANEIRO
Araripina;-40,4167;-7,4583;JULHO-AGOSTO-SETEMBRO
Serra Talhada (Ipa);-38,2889;-7,9306;AGOSTO-SETEMBRO-OUTUBRO
SÒo Bento Do Una (Ipa);-36,459444;-8,527222;OUTUBRO-NOVEMBRO-DEZEMBRO
Caruaru (Ipa);-35,9158;-8,2383;OUTUBRO-NOVEMBRO-DEZEMBRO
Vit¾ria De Santo AntÒo (Ipa);-35,302778;-8,128333;SETEMBRO-OUTUBRO-NOVEMBRO
ItambÚ (Ipa);-35,1786;-7,4069;OUTUBRO-NOVEMBRO-DEZEMBRO
Goiana (Itapirema - Ipa);-34,9489;-7,6442;OUTUBRO-NOVEMBRO-DEZEMBRO
PetrolÔndia;-38,2164;-8,9742;AGOSTO-SETEMBRO-OUTUBRO
PoþÒo;-36,7053;-8,1836;SETEMBRO-OUTUBRO-NOVEMBRO
Moreilandia;-39,5528;-7,6319;AGOSTO-SETEMBRO-OUTUBRO
Rio Formoso (Usina Cucau);-35,2686;-8,6411;OUTUBRO-NOVEMBRO-DEZEMBRO
Barreiros;-35,1953;-8,8156;OUTUBRO-NOVEMBRO-DEZEMBRO
Brejo Da Madre De Deus (Fazenda Nova);-36,1942;-8,1819;SETEMBRO-OUTUBRO-NOVEMBRO
BuÝque;-37,1547;-8,6147;SETEMBRO-OUTUBRO-NOVEMBRO
Santa Cruz Da Venerada;-40,3317;-8,2394;JULHO-AGOSTO-SETEMBRO
Serrita (Santa Rosa);-39,1486;-7,8197;JULHO-AGOSTO-SETEMBRO
Pedra (SÒo Pedro Do Cordeiro);-36,9428;-8,8625;AGOSTO-SETEMBRO-OUTUBRO
Santa Filomena (Campo Santo);-40,5711;-8,3419;JULHO-AGOSTO-SETEMBRO
Igarassu (Bar.Catucß);-35,0336;-7,8364;OUTUBRO-NOVEMBRO-DEZEMBRO
Cana Brava;-35,566667;-5,316667;OUTUBRO-NOVEMBRO-DEZEMBRO
Macaiba;-35,35;-5,85;OUTUBRO-NOVEMBRO-DEZEMBRO
Natal-Ufrn;-35,216667;-5,8;OUTUBRO-NOVEMBRO-DEZEMBRO
SÒo Pedro;-35,616667;-5,866667;OUTUBRO-NOVEMBRO-DEZEMBRO
Jacuma;-35,227778;-5,588889;OUTUBRO-NOVEMBRO-DEZEMBRO
Bom Jesus (Dnos);-35,616667;-5,983333;OUTUBRO-NOVEMBRO-DEZEMBRO
Barcelona;-35,933333;-5,95;OUTUBRO-NOVEMBRO-DEZEMBRO
Pureza;-35,533333;-5,533333;OUTUBRO-NOVEMBRO-DEZEMBRO
Fazenda Potenji;-35,523333;-5,845833;OUTUBRO-NOVEMBRO-DEZEMBRO
SÒo Bento Do Norte;-36,033333;-5,066667;SETEMBRO-OUTUBRO-NOVEMBRO
Monsenhor Honorio;-36,533333;-5,35;AGOSTO-SETEMBRO-OUTUBRO
Pedra Preta;-36,116667;-5,583333;SETEMBRO-OUTUBRO-NOVEMBRO
Guamare;-36,316667;-5,116667;SETEMBRO-OUTUBRO-NOVEMBRO
C¾rregos;-36,283333;-5,283333;SETEMBRO-OUTUBRO-NOVEMBRO
Acude Pataxo;-36,833333;-5,616667;AGOSTO-SETEMBRO-OUTUBRO
Barao De Serra Branca;-36,85;-5,983333;SETEMBRO-OUTUBRO-NOVEMBRO
Caiþara Do Rio Do Vento;-36,016667;-5,766667;SETEMBRO-OUTUBRO-NOVEMBRO
Carnaubais;-36,8333;-5,3333;SETEMBRO-OUTUBRO-NOVEMBRO
Jandaira;-36,066667;-5,416667;SETEMBRO-OUTUBRO-NOVEMBRO
Mendubim De Baixo;-36,916111;-5,631944;SETEMBRO-OUTUBRO-NOVEMBRO
Pendencias;-36,723333;-5,257222;SETEMBRO-OUTUBRO-NOVEMBRO
Volta;-37,1833;-5,5;SETEMBRO-OUTUBRO-NOVEMBRO
Olho D'-gua Dos Borges;-37,7;-5,966667;SETEMBRO-OUTUBRO-NOVEMBRO
Baraunas;-37,6333;-5,0833;SETEMBRO-OUTUBRO-NOVEMBRO
Pedras De Abelhas (Dnocs);-37,684167;-5,593333;SETEMBRO-OUTUBRO-NOVEMBRO
Riacho Da Cruz;-37,966667;-5,933333;AGOSTO-SETEMBRO-OUTUBRO
Riacho Dos Matheus;-37,583333;-5,316667;SETEMBRO-OUTUBRO-NOVEMBRO
Sitio Do Gois;-37,8;-5,283333;SETEMBRO-OUTUBRO-NOVEMBRO
Fazenda Novo Horizonte;-37,666667;-5,216667;SETEMBRO-OUTUBRO-NOVEMBRO
Upanema (Dnocs);-37,255278;-5,643611;SETEMBRO-OUTUBRO-NOVEMBRO
Umarizal;-37,816667;-5,983333;SETEMBRO-OUTUBRO-NOVEMBRO
Aþude Morcego;-37,35;-5,866667;SETEMBRO-OUTUBRO-NOVEMBRO
Augusto Severo;-37,314722;-5,867222;SETEMBRO-OUTUBRO-NOVEMBRO
Fazenda Angicos;-37,288889;-5,288889;SETEMBRO-OUTUBRO-NOVEMBRO
Governador Dix-Sept Rosado;-37,515;-5,45;SETEMBRO-OUTUBRO-NOVEMBRO
Mossoro;-37,362222;-5,219444;SETEMBRO-OUTUBRO-NOVEMBRO
Pedro Velho;-35,233333;-6,45;SETEMBRO-OUTUBRO-NOVEMBRO
Acude Trairi;-35,8;-6,233333;OUTUBRO-NOVEMBRO-DEZEMBRO
Engenho Olho D'Agua;-35,248611;-6,085278;OUTUBRO-NOVEMBRO-DEZEMBRO
SÝtio Exu (Lagoa Salgada);-35,483333;-6,116667;SETEMBRO-OUTUBRO-NOVEMBRO
Boa Saude;-35,583333;-6,15;OUTUBRO-NOVEMBRO-DEZEMBRO
Japi;-35,866667;-6,466667;SETEMBRO-OUTUBRO-NOVEMBRO
SÒo JosÚ Do Campestre;-35,7;-6,3;SETEMBRO-OUTUBRO-NOVEMBRO
Nisia Floresta;-35,2;-6,083333;SETEMBRO-OUTUBRO-NOVEMBRO
SÒo JosÚ Da Passagem;-36,616667;-6,016667;SETEMBRO-OUTUBRO-NOVEMBRO
Lagoa Nova;-36,4667;-6,1;SETEMBRO-OUTUBRO-NOVEMBRO
Acude Tororo;-36,533333;-6,2;AGOSTO-SETEMBRO-OUTUBRO
Coronel Ezequiel;-36,216667;-6,383333;SETEMBRO-OUTUBRO-NOVEMBRO
Acude Corredor;-37,9667;-6,1833;AGOSTO-SETEMBRO-OUTUBRO
Acude Oiticica;-37,1333;-6,15;SETEMBRO-OUTUBRO-NOVEMBRO
Acude Lagoinha (Sudene);-37,3025;-6,462222;AGOSTO-SETEMBRO-OUTUBRO
Palma;-37,0167;-6,6667;SETEMBRO-OUTUBRO-NOVEMBRO
SÒo Fernando;-37,183333;-6,383333;AGOSTO-SETEMBRO-OUTUBRO
Sitio Milagres;-37,783333;-6,15;AGOSTO-SETEMBRO-OUTUBRO
Sitio Jardim;-37,35;-6,3833;AGOSTO-SETEMBRO-OUTUBRO
Sao Mamede;-37,1036;-6,9306;AGOSTO-SETEMBRO-OUTUBRO
Caico;-37,090556;-6,451111;SETEMBRO-OUTUBRO-NOVEMBRO
Sitio Angicos -Acude Arapua;-38,283333;-6,35;AGOSTO-SETEMBRO-OUTUBRO
Sitio Gangorra;-38,2667;-6,2167;AGOSTO-SETEMBRO-OUTUBRO
Acude Bonito (Sudene);-38,425556;-6,212778;SETEMBRO-OUTUBRO-NOVEMBRO
Tenente Ananias;-38,183333;-6,466667;AGOSTO-SETEMBRO-OUTUBRO
Igarassu;-34,9;-7,833333;OUTUBRO-NOVEMBRO-DEZEMBRO
Umbuzeiro;-35,666667;-7,7;OUTUBRO-NOVEMBRO-DEZEMBRO
Mulungu (Camarazal);-35,468056;-7,029444;OUTUBRO-NOVEMBRO-DEZEMBRO
Mata Virgem;-35,816667;-7,733333;OUTUBRO-NOVEMBRO-DEZEMBRO
Fazenda Lagoa Dos Marcos;-35,816667;-7,533333;OUTUBRO-NOVEMBRO-DEZEMBRO
Bodocongo;-35,983333;-7,533333;OUTUBRO-NOVEMBRO-DEZEMBRO
Aroeiras;-35,683333;-7,516667;OUTUBRO-NOVEMBRO-DEZEMBRO
NazarÚ Da Mata;-35,2333;-7,7333;OUTUBRO-NOVEMBRO-DEZEMBRO
Paudalho;-35,173333;-7,894167;OUTUBRO-NOVEMBRO-DEZEMBRO
Salgadinho;-35,634167;-7,942778;OUTUBRO-NOVEMBRO-DEZEMBRO
Limoeiro;-35,451944;-7,878889;OUTUBRO-NOVEMBRO-DEZEMBRO
Bodocongo;-35,999722;-7,528333;OUTUBRO-NOVEMBRO-DEZEMBRO
Bom Jardim;-35,6;-7,7833;OUTUBRO-NOVEMBRO-DEZEMBRO
Buenos Aires;-35,3667;-7,75;OUTUBRO-NOVEMBRO-DEZEMBRO
Frei Miguelinho;-35,95;-7,95;OUTUBRO-NOVEMBRO-DEZEMBRO
Carpina;-35,1825;-7,842778;OUTUBRO-NOVEMBRO-DEZEMBRO
Surubim;-35,764444;-7,854722;OUTUBRO-NOVEMBRO-DEZEMBRO
Vertentes;-35,988611;-7,91;SETEMBRO-OUTUBRO-NOVEMBRO
Taperoa Ii;-36,828889;-7,2175;SETEMBRO-OUTUBRO-NOVEMBRO
Riacho Santo Ant¶nio;-36,15;-7,7;SETEMBRO-OUTUBRO-NOVEMBRO
Coxixola;-36,616667;-7,616667;SETEMBRO-OUTUBRO-NOVEMBRO
Cabaceiras;-36,283333;-7,6;OUTUBRO-NOVEMBRO-DEZEMBRO
Barra De SÒo Miguel;-36,333333;-7,75;SETEMBRO-OUTUBRO-NOVEMBRO
Santa Cruz Do Capibaribe;-36,2;-7,95;SETEMBRO-OUTUBRO-NOVEMBRO
Jata·ba;-36,5006;-7,9864;SETEMBRO-OUTUBRO-NOVEMBRO
Santa Cruz Do Capibaribe;-36,202222;-7,961944;SETEMBRO-OUTUBRO-NOVEMBRO
Taquaritinga Do Norte;-36,046944;-7,903889;OUTUBRO-NOVEMBRO-DEZEMBRO
Prata;-37,1;-7,683333;AGOSTO-SETEMBRO-OUTUBRO
Pianco;-37,925833;-7,214167;AGOSTO-SETEMBRO-OUTUBRO
Agua Branca;-37,6367;-7,5119;SETEMBRO-OUTUBRO-NOVEMBRO
Afogados Da Ingazeira;-37,648333;-7,738889;AGOSTO-SETEMBRO-OUTUBRO
Flores;-37,9725;-7,867778;AGOSTO-SETEMBRO-OUTUBRO
SÒo Jose Do Egito;-37,2833;-7,4667;AGOSTO-SETEMBRO-OUTUBRO
Serra Talhada;-38,3;-7,9833;AGOSTO-SETEMBRO-OUTUBRO
Verdejante;-38,9667;-7,9333;JULHO-AGOSTO-SETEMBRO
Bodoco;-39,9833;-7,7667;AGOSTO-SETEMBRO-OUTUBRO
Exu;-39,7333;-7,5;JULHO-AGOSTO-SETEMBRO
Serrita;-39,3;-7,95;AGOSTO-SETEMBRO-OUTUBRO
Recife (Curado);-34,9167;-8,05;OUTUBRO-NOVEMBRO-DEZEMBRO
SÒo Lourenþo Da Mata;-35,031944;-7,998611;OUTUBRO-NOVEMBRO-DEZEMBRO
Sirinhaem;-35,1167;-8,5833;OUTUBRO-NOVEMBRO-DEZEMBRO
Caruaru;-36,002778;-8,299167;SETEMBRO-OUTUBRO-NOVEMBRO
Cortes;-35,5;-8,4667;OUTUBRO-NOVEMBRO-DEZEMBRO
Gl¾ria Do Goita;-35,3;-8,0167;OUTUBRO-NOVEMBRO-DEZEMBRO
Pombos;-36,4;-8,15;SETEMBRO-OUTUBRO-NOVEMBRO
Cumaru;-35,696111;-8,011944;OUTUBRO-NOVEMBRO-DEZEMBRO
Pombos;-35,399722;-8,140833;SETEMBRO-OUTUBRO-NOVEMBRO
Pirapama;-35,063333;-8,279167;OUTUBRO-NOVEMBRO-DEZEMBRO
JacuÝpe;-35,4475;-8,841944;OUTUBRO-NOVEMBRO-DEZEMBRO
Engenho Mato Grosso;-35,305556;-8,6375;OUTUBRO-NOVEMBRO-DEZEMBRO
Palmares;-35,577222;-8,679444;OUTUBRO-NOVEMBRO-DEZEMBRO
SÒo JoÒo Do Tigre;-36,866667;-8,666667;SETEMBRO-OUTUBRO-NOVEMBRO
Santa Maria Da ParaÝba;-36,683333;-8,033333;SETEMBRO-OUTUBRO-NOVEMBRO
Belo Jardim;-36,45;-8,3333;SETEMBRO-OUTUBRO-NOVEMBRO
Cachoeirinha;-36,2333;-8,4833;OUTUBRO-NOVEMBRO-DEZEMBRO
Jucati (Pindorama);-36,45;-8,7;OUTUBRO-NOVEMBRO-DEZEMBRO
Sanharo;-36,560278;-8,365556;SETEMBRO-OUTUBRO-NOVEMBRO
Alagoinha;-36,7739;-8,4661;SETEMBRO-OUTUBRO-NOVEMBRO
Angelim;-36,3;-8,8833;SETEMBRO-OUTUBRO-NOVEMBRO
Garanhuns;-36,5;-8,8833;OUTUBRO-NOVEMBRO-DEZEMBRO
Ibirajuba;-36,183333;-8,583333;OUTUBRO-NOVEMBRO-DEZEMBRO
Jurema;-36,15;-8,7;OUTUBRO-NOVEMBRO-DEZEMBRO
Pedra;-36,9464;-8,4989;SETEMBRO-OUTUBRO-NOVEMBRO
Pesqueira;-36,7;-8,366667;SETEMBRO-OUTUBRO-NOVEMBRO
Sanharo;-36,566667;-8,366667;SETEMBRO-OUTUBRO-NOVEMBRO
SÒo Caetano;-36,1667;-8,3333;SETEMBRO-OUTUBRO-NOVEMBRO
Toritama;-36,0667;-8,0167;SETEMBRO-OUTUBRO-NOVEMBRO
Brejo Da Madre De Deus;-36,370278;-8,145556;SETEMBRO-OUTUBRO-NOVEMBRO
SÒo SebastiÒo Do Umbuzeiro;-37,016667;-8,15;AGOSTO-SETEMBRO-OUTUBRO
Inajß;-37,830556;-8,920833;AGOSTO-SETEMBRO-OUTUBRO
Cust¾dia;-37,645;-8,0864;AGOSTO-SETEMBRO-OUTUBRO
ItaÝba;-37,4236;-8,9347;SETEMBRO-OUTUBRO-NOVEMBRO
Tupanatinga;-37,3422;-8,7547;SETEMBRO-OUTUBRO-NOVEMBRO
Airi (Rochedo);-38,192778;-8,539167;AGOSTO-SETEMBRO-OUTUBRO
Acude Serrinha;-38,530278;-8,238889;AGOSTO-SETEMBRO-OUTUBRO
BelÚm De SÒo Francisco;-38,960556;-8,765;AGOSTO-SETEMBRO-OUTUBRO
Floresta;-38,578611;-8,606389;AGOSTO-SETEMBRO-OUTUBRO
Serra Talhada;-38,244722;-8,000556;AGOSTO-SETEMBRO-OUTUBRO
Mirandiba;-38,7333;-8,1333;AGOSTO-SETEMBRO-OUTUBRO
Jacare;-39,847222;-8,262778;AGOSTO-SETEMBRO-OUTUBRO
Parnamirim;-39,574167;-8,092222;JULHO-AGOSTO-SETEMBRO
Poco Do Fumo;-39,731389;-8,177778;JULHO-AGOSTO-SETEMBRO
Ibo;-39,239167;-8,623056;AGOSTO-SETEMBRO-OUTUBRO
Fazenda Tapera;-39,640833;-8,520278;AGOSTO-SETEMBRO-OUTUBRO
Santa Maria Da Boa Vista;-39,8225;-8,804167;AGOSTO-SETEMBRO-OUTUBRO
Terra Nova;-39,3833;-8,2333;AGOSTO-SETEMBRO-OUTUBRO
Fazenda SÒo Bento;-39,999444;-8,616111;JULHO-AGOSTO-SETEMBRO
Lagoa Grande;-40,273056;-8,998889;AGOSTO-SETEMBRO-OUTUBRO
Dormentes;-40,7667;-8,4167;JUNHO-JULHO-AGOSTO
Murici - Ponte;-35,949722;-9,313611;OUTUBRO-NOVEMBRO-DEZEMBRO
Fazenda Boa Fortuna;-35,856389;-9,4675;OUTUBRO-NOVEMBRO-DEZEMBRO
Marechal Deodoro;-35,891667;-9,716389;OUTUBRO-NOVEMBRO-DEZEMBRO
Bom Conselho;-36,6833;-9,1667;OUTUBRO-NOVEMBRO-DEZEMBRO
Correntes;-36,1167;-9,3333;OUTUBRO-NOVEMBRO-DEZEMBRO
Traipu;-37,003333;-9,972778;OUTUBRO-NOVEMBRO-DEZEMBRO
Viþosa;-36,249167;-9,379167;OUTUBRO-NOVEMBRO-DEZEMBRO
SÒo JosÚ Da Laje;-36,051111;-9,004167;OUTUBRO-NOVEMBRO-DEZEMBRO
UniÒo Dos Palmares;-36,038889;-9,146389;OUTUBRO-NOVEMBRO-DEZEMBRO
Santana Do Mundau;-36,219722;-9,168889;OUTUBRO-NOVEMBRO-DEZEMBRO
Quebrangulo;-36,491944;-9,320278;OUTUBRO-NOVEMBRO-DEZEMBRO
Delmiro Gouveia (Pedra);-37,994167;-9,392778;SETEMBRO-OUTUBRO-NOVEMBRO
PÒo De Aþucar;-37,446667;-9,7525;OUTUBRO-NOVEMBRO-DEZEMBRO
-guas Belas;-37,131667;-9,105556;SETEMBRO-OUTUBRO-NOVEMBRO
Santana Do Ipanema;-37,245278;-9,372778;SETEMBRO-OUTUBRO-NOVEMBRO
Tacaratu;-38,1461;-9,1058;SETEMBRO-OUTUBRO-NOVEMBRO
Penedo;-36,556389;-10,285;NOVEMBRO-DEZEMBRO-JANEIRO
Propriß  (Pcd Inpe);-36,823889;-10,215278;NOVEMBRO-DEZEMBRO-JANEIRO
Camaþari;-36,303889;-10,031389;NOVEMBRO-DEZEMBRO-JANEIRO
SANTA MARIA DO BOIAÃU;-61,786389;-0,505278;DEZEMBRO-JANEIRO-FEVEREIRO
BARCELOS;-62,928611;-0,967778;SETEMBRO-OUTUBRO-NOVEMBRO
CUMARU;-63,383889;-0,601944;OUTUBRO-NOVEMBRO-DEZEMBRO
TAPURUQUARA;-65,015833;-0,102778;AGOSTO-SETEMBRO-OUTUBRO
LIVRAMENTO;-66,1475;-0,290833;SETEMBRO-OUTUBRO-NOVEMBRO
S+O GABRIEL DA CACHOEIRA;-67,0875;-0,133056;AGOSTO-SETEMBRO-OUTUBRO
ORIXIMINA;-55,861389;-1,759722;AGOSTO-SETEMBRO-OUTUBRO
VISTA ALEGRE - CONJ.2;-56,053333;-1,130278;AGOSTO-SETEMBRO-OUTUBRO
CACH DA PORTEIRA - CONJ 1;-57,046944;-1,0875;AGOSTO-SETEMBRO-OUTUBRO
PORTUGUES;-57,050556;-1,868333;JULHO-AGOSTO-SETEMBRO
BALBINA P-8 (UHE BALBINA);-59,483333;-1,938056;JULHO-AGOSTO-SETEMBRO
POSTO ABONARI - FUNAI;-60,399722;-1,298889;AGOSTO-SETEMBRO-OUTUBRO
MOURA;-61,634722;-1,456667;AGOSTO-SETEMBRO-OUTUBRO
CARVOEIRO;-61,978333;-1,394444;AGOSTO-SETEMBRO-OUTUBRO
UMANAPANA;-62,460833;-1,88;AGOSTO-SETEMBRO-OUTUBRO
MARA+;-65,590556;-1,861111;AGOSTO-SETEMBRO-OUTUBRO
ACANAUI;-66,6;-1,821111;SETEMBRO-OUTUBRO-NOVEMBRO
PARINTINS;-56,726667;-2,621944;AGOSTO-SETEMBRO-OUTUBRO
JURUTI;-56,0875;-2,152222;AGOSTO-SETEMBRO-OUTUBRO
NHAMUNDA;-56,710556;-2,189722;AGOSTO-SETEMBRO-OUTUBRO
URUCARA;-57,758056;-2,537778;JULHO-AGOSTO-SETEMBRO
BARREIRINHA;-57,064444;-2,792222;AGOSTO-SETEMBRO-OUTUBRO
BOA VISTA DO RAMOS;-57,59;-2,970278;AGOSTO-SETEMBRO-OUTUBRO
MOCAMBO;-57,2825;-2,455556;AGOSTO-SETEMBRO-OUTUBRO
CACHOEIRA MORENA;-59,335278;-2,114444;AGOSTO-SETEMBRO-OUTUBRO
NOVO AIR+O;-60,9425;-2,627222;JULHO-AGOSTO-SETEMBRO
PRESIDENTE FIGUEIREDO;-60,025833;-2,041667;JULHO-AGOSTO-SETEMBRO
BARURI;-61,541667;-2,025;AGOSTO-SETEMBRO-OUTUBRO
FONTE BOA;-66,166667;-2,533333;JULHO-AGOSTO-SETEMBRO
BOA UNI+O;-68,798611;-2,880556;JULHO-AGOSTO-SETEMBRO
GUARIBA;-56,586111;-3,228056;AGOSTO-SETEMBRO-OUTUBRO
MAU+S;-57,715556;-3,400556;AGOSTO-SETEMBRO-OUTUBRO
MUCAJ-;-57,504167;-3,896667;JULHO-AGOSTO-SETEMBRO
ITACOATIARA;-58,443056;-3,1375;JULHO-AGOSTO-SETEMBRO
BALSA DO RIO URUB+;-59,043333;-2,913056;JULHO-AGOSTO-SETEMBRO
OSËRIO FONSECA;-58,286111;-3,816667;JULHO-AGOSTO-SETEMBRO
MANACAPURU;-60,609444;-3,308333;JULHO-AGOSTO-SETEMBRO
BERURI;-61,374722;-3,897778;JULHO-AGOSTO-SETEMBRO
CAAPIRANGA;-61,213333;-3,329722;JULHO-AGOSTO-SETEMBRO
CODAJ-S;-62,083333;-3,833333;JULHO-AGOSTO-SETEMBRO
BADAJËS;-62,678611;-3,418333;JULHO-AGOSTO-SETEMBRO
BARRO ALTO - S-O RAIMUNDO DO IPIXUNA;-63,785833;-3,875;JUNHO-JULHO-AGOSTO
TEF+ - MISSiES;-64,7;-3,366667;JULHO-AGOSTO-SETEMBRO
FORTE DAS GRAÃAS;-66,103056;-3,641389;JULHO-AGOSTO-SETEMBRO
SANTO ANTÈNIO DO IÃ-;-67,935556;-3,101667;JULHO-AGOSTO-SETEMBRO
S+O PAULO DE OLIVENÃA;-68,911944;-3,456944;JULHO-AGOSTO-SETEMBRO
SANTA RITA DO WEIL;-69,370833;-3,573056;JULHO-AGOSTO-SETEMBRO
COARI;-63,133333;-4,083333;JULHO-AGOSTO-SETEMBRO
ESTIR+O DA SANTA CRUZ;-65,201667;-4,292222;JULHO-AGOSTO-SETEMBRO
CARAUARI;-66,9;-4,95;JUNHO-JULHO-AGOSTO
GAVI+O;-66,850556;-4,839167;JULHO-AGOSTO-SETEMBRO
BARREIRA ALTA;-67,8925;-4,221111;JUNHO-JULHO-AGOSTO
BENJAMIN CONSTANT;-70,033333;-4,383333;JUNHO-JULHO-AGOSTO
ESTIR+O DO REPOUSO;-70,966667;-4,383333;JULHO-AGOSTO-SETEMBRO
SERINGAL MOREIRA;-63,984722;-5,109167;JUNHO-JULHO-AGOSTO
XIBAUA;-67,856944;-5,893611;JULHO-AGOSTO-SETEMBRO
COLOCAÃ+O CAXIAS;-68,998333;-5,380833;JUNHO-JULHO-AGOSTO
PALMEIRAS DO JAVARI;-72,813611;-5,1375;JULHO-AGOSTO-SETEMBRO
BACABA;-64,886111;-6,319167;JUNHO-JULHO-AGOSTO
CANUTAMA;-64,383889;-6,5375;JUNHO-JULHO-AGOSTO
SANTOS DUMONT;-68,243889;-6,441667;JUNHO-JULHO-AGOSTO
EIRUNEP+;-69,866667;-6,666667;JUNHO-JULHO-AGOSTO
SOLEDADE;-69,133333;-6,616667;JULHO-AGOSTO-SETEMBRO
FOZ DO GREGËRIO;-70,65;-6,8;JUNHO-JULHO-AGOSTO
L-BREA;-64,833333;-7,25;JUNHO-JULHO-AGOSTO
CRISTO;-64,243333;-7,465;JUNHO-JULHO-AGOSTO
CACHOEIRA;-66,051389;-7,7025;JUNHO-JULHO-AGOSTO
S+O BENTO;-65,35;-7,518889;JUNHO-JULHO-AGOSTO
SERINGAL FORTALEZA;-66,984722;-7,717222;JUNHO-JULHO-AGOSTO
FAZENDA BORANGABA;-67,559167;-7,55;JUNHO-JULHO-AGOSTO
ENVIRA;-70,0225;-7,428056;JUNHO-JULHO-AGOSTO
IPIXUNA;-71,684167;-7,050833;JUNHO-JULHO-AGOSTO
FAZENDA PARANACRE;-71,482222;-7,951111;JUNHO-JULHO-AGOSTO
CRUZEIRO DO SUL;-72,681111;-7,611111;JUNHO-JULHO-AGOSTO
SERINGAL BOA F+;-72,333611;-7,235833;JUNHO-JULHO-AGOSTO
SERRA DO MOA;-73,652222;-7,435556;JUNHO-JULHO-AGOSTO
FAZENDA SHEFFER;-65,719444;-8,334444;JUNHO-JULHO-AGOSTO
BOCA DO ACRE;-67,400278;-8,735556;JUNHO-JULHO-AGOSTO
TARAUAC- (SEABRA);-70,766667;-8,166667;JUNHO-JULHO-AGOSTO
FEIJË;-70,356389;-8,163611;JUNHO-JULHO-AGOSTO
TAUMATURGO;-72,785;-8,935278;JUNHO-JULHO-AGOSTO
PORTO WALTER;-72,734444;-8,2675;JUNHO-JULHO-AGOSTO
RIO BRANCO;-67,8;-9,975833;JUNHO-JULHO-AGOSTO
RESTAURANTE PORTEIRA DO AMAZONAS;-67,283333;-9,433333;JUNHO-JULHO-AGOSTO
SERINGAL DA CARIDADE;-68,577222;-9,043889;JUNHO-JULHO-AGOSTO
SERINGAL GUARANY;-68,993333;-9,110278;JUNHO-JULHO-AGOSTO
FOZ DO BREU;-72,7025;-9,401667;JUNHO-JULHO-AGOSTO
XAPURI;-68,506667;-10,649722;JUNHO-JULHO-AGOSTO
ASSIS BRASIL;-69,566667;-10,933333;JUNHO-JULHO-AGOSTO
BRASIL+IA;-68,735;-11,023333;JUNHO-JULHO-AGOSTO
FAZENDA S+O JOS+;-60,466111;0,517778;DEZEMBRO-JANEIRO-FEVEREIRO
POSTO AJURICABA;-62,622222;0,884167;DEZEMBRO-JANEIRO-FEVEREIRO
IAUARET-;-69,191667;0,602222;SETEMBRO-OUTUBRO-NOVEMBRO
PARI CACHOEIRA;-69,784444;0,251667;SETEMBRO-OUTUBRO-NOVEMBRO
FAZENDA PARAN-;-60,399444;1,126389;DEZEMBRO-JANEIRO-FEVEREIRO
AGROPECU-RIA BOA VISTA;-60,7675;1,460833;DEZEMBRO-JANEIRO-FEVEREIRO
CARACARAI;-61,123611;1,821389;DEZEMBRO-JANEIRO-FEVEREIRO
CUCU-;-66,852222;1,214722;SETEMBRO-OUTUBRO-NOVEMBRO
FAZENDA VERDUM;-59,918333;2,418889;DEZEMBRO-JANEIRO-FEVEREIRO
BOA VISTA;-60,661667;2,829722;DEZEMBRO-JANEIRO-FEVEREIRO
FAZENDA CASTEL+O;-60,325;2,761944;NOVEMBRO-DEZEMBRO-JANEIRO
F+ E ESPERANÃA;-61,440556;2,870833;JANEIRO-FEVEREIRO-MARÇO
MISS+O SURUCUCU;-63,641667;2,835833;SETEMBRO-OUTUBRO-NOVEMBRO
BOM FIM;-59,823889;3,359722;JANEIRO-FEVEREIRO-MARÇO
FAZENDA PASSAR+O;-60,571111;3,207778;DEZEMBRO-JANEIRO-FEVEREIRO
FAZENDA S+O JO+O;-61,383889;3,660833;DEZEMBRO-JANEIRO-FEVEREIRO
BOQUEIR+O;-61,288056;3,290556;DEZEMBRO-JANEIRO-FEVEREIRO
COLÈNIA DO TAIANO;-61,088333;3,287222;DEZEMBRO-JANEIRO-FEVEREIRO
NOVA ESPERANÃA/MARCO BV-8;-61,131667;4,451389;DEZEMBRO-JANEIRO-FEVEREIRO
CANIND+;-47,870833;-20,257778;JUNHO-JULHO-AGOSTO
FRANCA;-47,4;-20,516667;JUNHO-JULHO-AGOSTO
S+O JOAQUIM DA BARRA;-47,891389;-20,585;JUNHO-JULHO-AGOSTO
ITIRAPUA;-47,216667;-20,633333;JUNHO-JULHO-AGOSTO
ORL-NDIA;-47,883333;-20,733333;JUNHO-JULHO-AGOSTO
FAZENDA CONQUISTA;-47,766667;-20,8;JUNHO-JULHO-AGOSTO
BATATAIS;-47,616667;-20,883333;JUNHO-JULHO-AGOSTO
COBIÃA;-47,263333;-20,995833;JUNHO-JULHO-AGOSTO
BRODOSQUI;-47,66;-20,996944;JUNHO-JULHO-AGOSTO
S+O JOS+ DA BELA VISTA;-47,633333;-20,6;JUNHO-JULHO-AGOSTO
PORTO COLOMBIA;-48,6825;-20,171944;JUNHO-JULHO-AGOSTO
FAZENDA BREJINHO DAS ANTAS;-48,3;-20,35;JUNHO-JULHO-AGOSTO
IPU+;-48,016667;-20,45;JUNHO-JULHO-AGOSTO
GUARACI;-48,940278;-20,496667;JUNHO-JULHO-AGOSTO
RIBEIRO DOS SANTOS;-48,983333;-20,6;JUNHO-JULHO-AGOSTO
IBITU;-48,766667;-20,616667;JUNHO-JULHO-AGOSTO
JABORANDI;-48,416667;-20,683333;JUNHO-JULHO-AGOSTO
TERRA ROXA;-48,3325;-20,783056;JUNHO-JULHO-AGOSTO
COLINA;-48,55;-20,733333;JUNHO-JULHO-AGOSTO
FAZENDA MARAMBAIA;-48,483333;-20,816667;JUNHO-JULHO-AGOSTO
MONTE VERDE PAULISTA;-48,8;-20,85;JUNHO-JULHO-AGOSTO
DESENGANO;-48,024444;-20,999167;JUNHO-JULHO-AGOSTO
OL-MPIA;-48,9;-20,733333;JUNHO-JULHO-AGOSTO
FAZENDA CONTINENTAL;-48,65;-20,25;JUNHO-JULHO-AGOSTO
FAZENDA CAMPO GRANDE (CUTRALE);-48,816667;-20,25;JUNHO-JULHO-AGOSTO
FAZENDA SANTA LAURA;-49,966667;-20,133333;JUNHO-JULHO-AGOSTO
ORINDIUVA;-49,366667;-20,183333;JUNHO-JULHO-AGOSTO
FAZENDA SANTA MARIA;-49,766667;-20,3;JUNHO-JULHO-AGOSTO
PALESTINA;-49,433333;-20,383333;JUNHO-JULHO-AGOSTO
IBIPORANGA;-49,566667;-20,483333;JUNHO-JULHO-AGOSTO
COSMORAMA;-49,783333;-20,483333;JUNHO-JULHO-AGOSTO
ALTAIR;-49,05;-20,516667;JUNHO-JULHO-AGOSTO
ONDA VERDE;-49,3;-20,616667;JUNHO-JULHO-AGOSTO
CASTORES;-49,333333;-20,633333;JUNHO-JULHO-AGOSTO
MIRASSOL-NDIA;-49,466667;-20,616667;JUNHO-JULHO-AGOSTO
BALSAMO;-49,583333;-20,733333;JUNHO-JULHO-AGOSTO
SEBASTIANËPOLIS DO SUL;-49,95;-20,633333;JUNHO-JULHO-AGOSTO
MONTE APRAZIVEL;-49,7;-20,766667;JUNHO-JULHO-AGOSTO
S+O JOS+ DO RIO PRETO;-49,383333;-20,8;JUNHO-JULHO-AGOSTO
BADY BASSIT;-49,45;-20,916667;JUNHO-JULHO-AGOSTO
NIPO+;-49,783333;-20,916667;JUNHO-JULHO-AGOSTO
TABAPUA;-49,016667;-20,983333;JUNHO-JULHO-AGOSTO
VOTUPORANGA;-49,983333;-20,433333;JUNHO-JULHO-AGOSTO
ICEM (USINA MARIMBONDO);-49,2;-20,333333;JUNHO-JULHO-AGOSTO
CEDRAL;-49,3;-20,916667;JUNHO-JULHO-AGOSTO
SANTA ALBERTINA;-50,733333;-20,033333;JUNHO-JULHO-AGOSTO
DOLCINËPOLIS;-50,5;-20,116667;JUNHO-JULHO-AGOSTO
MACEDÈNIA;-50,2;-20,15;JUNHO-JULHO-AGOSTO
FAZENDA SANTA RITA;-50,316667;-20,233333;JUNHO-JULHO-AGOSTO
UR-NIA;-50,65;-20,233333;JUNHO-JULHO-AGOSTO
VALENTIM GENTIL;-50,066667;-20,433333;JUNHO-JULHO-AGOSTO
PONTALINDA;-50,533333;-20,433333;JUNHO-JULHO-AGOSTO
AURIFLAMA;-50,55;-20,7;JUNHO-JULHO-AGOSTO
MAJOR PRADO;-50,483333;-20,866667;JUNHO-JULHO-AGOSTO
FAZENDA JACAR+ZINHO;-50,833333;-20,916667;JUNHO-JULHO-AGOSTO
FAZENDA ARACANGUA;-50,683333;-20,966667;JUNHO-JULHO-AGOSTO
FERNANDËPOLIS;-50,25;-20,3;JUNHO-JULHO-AGOSTO
JALES;-50,55;-20,3;JUNHO-JULHO-AGOSTO
TURIUBA;-50,1;-20,95;JUNHO-JULHO-AGOSTO
LUSSANVIRA;-51,133333;-20,733333;JUNHO-JULHO-AGOSTO
ANDRADINA;-51,366667;-20,916667;JUNHO-JULHO-AGOSTO
CASTILHO;-51,483333;-20,866667;JUNHO-JULHO-AGOSTO
SEGUNDA ALIANÃA;-51,116667;-20,933333;JUNHO-JULHO-AGOSTO
PONTE DO CANOAS;-46,963056;-21,420278;JUNHO-JULHO-AGOSTO
CACONDE;-46,633333;-21,533333;JUNHO-JULHO-AGOSTO
S+O JOS+ DO RIO PARDO;-46,9;-21,6;JUNHO-JULHO-AGOSTO
S+O SEBASTI+O DA GRAMA;-46,816667;-21,7;JUNHO-JULHO-AGOSTO
VARGEM GRANDE DO SUL;-46,9;-21,833333;JUNHO-JULHO-AGOSTO
S+O JO+O DA BOA VISTA;-46,795278;-21,984722;JUNHO-JULHO-AGOSTO
S+O JO+O DA BOA VISTA;-46,8;-21,95;JUNHO-JULHO-AGOSTO
ALTINËPOLIS;-47,4;-21,016667;JUNHO-JULHO-AGOSTO
SANTO ANTÈNIO DA ALEGRIA;-47,15;-21,1;JUNHO-JULHO-AGOSTO
CLUBE DE REGATAS;-47,75;-21,1;JUNHO-JULHO-AGOSTO
RIBEIR+O PRETO;-47,866667;-21,216667;JUNHO-JULHO-AGOSTO
FAZENDA CORREDEIRA;-47,478889;-21,321389;JUNHO-JULHO-AGOSTO
FAZENDA SANTA AM+LIA;-47,933333;-21,3;JUNHO-JULHO-AGOSTO
CRAVINHOS;-47,716667;-21,366667;JUNHO-JULHO-AGOSTO
FAZENDA CAP+O DA CRUZ;-47,9;-21,45;JUNHO-JULHO-AGOSTO
SANTA ROSA DO VITERBO;-47,364444;-21,521667;JUNHO-JULHO-AGOSTO
SANTA EUDOXIA;-47,783333;-21,783333;JUNHO-JULHO-AGOSTO
PORTO FERREIRA;-47,474722;-21,846389;JUNHO-JULHO-AGOSTO
FAZENDA VISTA ALEGRE;-47,296944;-21,848333;JUNHO-JULHO-AGOSTO
FAZENDA SANTA RITA;-47,7;-21,966667;JUNHO-JULHO-AGOSTO
CASA BRANCA;-47,05;-21,75;JUNHO-JULHO-AGOSTO
USINA CAP+O PRETO;-47,8;-21,866667;JUNHO-JULHO-AGOSTO
VENDA BRANCA;-47,133333;-21,933333;JUNHO-JULHO-AGOSTO
JARDINËPOLIS;-47,766667;-21,016667;JUNHO-JULHO-AGOSTO
LAGOA BRANCA;-47,033333;-21,9;JUNHO-JULHO-AGOSTO
USINA AM-LIA;-47,333333;-21,433333;JUNHO-JULHO-AGOSTO
PITANGUEIRAS;-48,266667;-21,05;JUNHO-JULHO-AGOSTO
VISTA ALEGRE DO ALTO;-48,633333;-21,15;JUNHO-JULHO-AGOSTO
ESTAÃ+O EXPERIMENTAL;-48,9;-21,216667;JUNHO-JULHO-AGOSTO
SANTA SOFIA;-48,766667;-21,266667;JUNHO-JULHO-AGOSTO
MONTE ALTO;-48,5;-21,266667;JUNHO-JULHO-AGOSTO
GUARIBA;-48,2;-21,35;JUNHO-JULHO-AGOSTO
IT-POLIS;-48,816667;-21,583333;JUNHO-JULHO-AGOSTO
MAT+O;-48,35;-21,6;JUNHO-JULHO-AGOSTO
FAZENDA DOS ALPES;-48,05;-21,666667;JUNHO-JULHO-AGOSTO
USINA SANTA F+;-48,6;-21,8;JUNHO-JULHO-AGOSTO
PASSAGEM (FAZ.S+O VICENTE);-48,158611;-21,049722;JUNHO-JULHO-AGOSTO
PITANGUEIRAS;-48,219722;-21,011111;JUNHO-JULHO-AGOSTO
USINA CHIBARRO (CPFL);-48,15;-21,883333;JUNHO-JULHO-AGOSTO
SANTA L+CIA;-48,083333;-21,683333;JUNHO-JULHO-AGOSTO
C-NDIDO RODRIGUES;-48,633333;-21,333333;JUNHO-JULHO-AGOSTO
ARARUBA;-48,533333;-21,7;JUNHO-JULHO-AGOSTO
TAIUVA;-48,416667;-21,116667;JUNHO-JULHO-AGOSTO
USINA SANTA ELISA;-48,066667;-21,1;JUNHO-JULHO-AGOSTO
USINA REYNALDO GONÃALVES;-48,966667;-21,6;JUNHO-JULHO-AGOSTO
POTIRENDABA;-49,383333;-21,033333;JUNHO-JULHO-AGOSTO
JOS+ BONIF-CIO;-49,683333;-21,05;JUNHO-JULHO-AGOSTO
CATIGU-;-49,066667;-21,05;JUNHO-JULHO-AGOSTO
MENDONÃA;-49,583333;-21,183333;JUNHO-JULHO-AGOSTO
URUPES;-49,3;-21,183333;JUNHO-JULHO-AGOSTO
USINA AVANHANDAVA (CPFL);-49,933333;-21,266667;JUNHO-JULHO-AGOSTO
ITAJOBI;-49,05;-21,316667;JUNHO-JULHO-AGOSTO
GUAICARA;-49,8;-21,616667;JUNHO-JULHO-AGOSTO
FAZENDA S+O PEDRO;-49,683333;-21,7;JUNHO-JULHO-AGOSTO
NOVA F-TIMA;-49,8;-21,783333;JUNHO-JULHO-AGOSTO
GUAIMB-;-49,9;-21,916667;JUNHO-JULHO-AGOSTO
GUARANTA;-49,533333;-21,883333;JUNHO-JULHO-AGOSTO
PROMISS+O;-49,866667;-21,533333;JUNHO-JULHO-AGOSTO
TERMAS DE IBIRA;-49,183333;-21,1;JUNHO-JULHO-AGOSTO
DESTIVALE;-50,466667;-21,05;JUNHO-JULHO-AGOSTO
ARAÃATUBA;-50,45;-21,2;JUNHO-JULHO-AGOSTO
GUARARAPES;-50,633333;-21,266667;JUNHO-JULHO-AGOSTO
BIRIGUI;-50,333333;-21,283333;JUNHO-JULHO-AGOSTO
-GUA LIMPA;-50,516667;-21,333333;JUNHO-JULHO-AGOSTO
COROADOS;-50,283333;-21,35;JUNHO-JULHO-AGOSTO
FAZENDA RIO PRETO;-50,683333;-21,35;JUNHO-JULHO-AGOSTO
PEN-POLIS;-50,066667;-21,433333;JUNHO-JULHO-AGOSTO
FAZENDA N.S. APARECIDA;-50,333333;-21,566667;JUNHO-JULHO-AGOSTO
PIACATU;-50,6;-21,6;JUNHO-JULHO-AGOSTO
ALTO ALEGRE;-50,166667;-21,583333;JUNHO-JULHO-AGOSTO
FAZENDA COROADOS;-50,916667;-21,616667;JUNHO-JULHO-AGOSTO
FAZENDA BOM RETIRO;-50,3;-21,7;JUNHO-JULHO-AGOSTO
MACUCOS;-50,116667;-21,75;JUNHO-JULHO-AGOSTO
QUEIROZ;-50,233333;-21,8;JUNHO-JULHO-AGOSTO
IACRI;-50,7;-21,866667;JUNHO-JULHO-AGOSTO
BASTOS;-50,733333;-21,916667;JUNHO-JULHO-AGOSTO
USINA QUATIARA;-50,933333;-21,95;JUNHO-JULHO-AGOSTO
BAIRRO SABI-;-50,45;-21,966667;JUNHO-JULHO-AGOSTO
VALPARA-SO;-50,866667;-21,25;JUNHO-JULHO-AGOSTO
GUARAÃAI;-51,2;-21,033333;JUNHO-JULHO-AGOSTO
FAZENDA BOA VISTA;-51,333333;-21,083333;JUNHO-JULHO-AGOSTO
ADAMANTINA;-51,083333;-21,683333;JUNHO-JULHO-AGOSTO
MONTE CASTELO;-51,566667;-21,3;JUNHO-JULHO-AGOSTO
PANORAMA;-51,85;-21,35;JUNHO-JULHO-AGOSTO
DRACENA;-51,533333;-21,466667;JUNHO-JULHO-AGOSTO
IRAPURU;-51,35;-21,566667;JUNHO-JULHO-AGOSTO
FAZENDA SANTO ANDR+;-51,15;-21,5;JUNHO-JULHO-AGOSTO
EMILIANËPOLIS;-51,483333;-21,833333;JUNHO-JULHO-AGOSTO
PIQUEROBI;-51,733333;-21,883333;JUNHO-JULHO-AGOSTO
PRESIDENTE VENCESLAU;-51,833333;-21,883333;JUNHO-JULHO-AGOSTO
ALFREDO MARCONDES;-51,416667;-21,95;JUNHO-JULHO-AGOSTO
CAIU-;-51,983333;-21,833333;JUNHO-JULHO-AGOSTO
LUC+LIA;-51,016667;-21,733333;JUNHO-JULHO-AGOSTO
VALPARA-SO / ADAMANTINA;-51,016667;-21,433333;JUNHO-JULHO-AGOSTO
TECAINDA;-51,133333;-21,999722;JUNHO-JULHO-AGOSTO
FAZENDA PAULISTA;-51,716667;-21,583333;JUNHO-JULHO-AGOSTO
GRANJA YUBA;-51,1;-21,016667;JUNHO-JULHO-AGOSTO
MIRANDËPOLIS;-51,1;-21,133333;JUNHO-JULHO-AGOSTO
SANTO ANAST-CIO;-51,65;-21,966667;JUNHO-JULHO-AGOSTO
QUELUZ (CENTRO SA+DE);-44,781389;-22,5475;JUNHO-JULHO-AGOSTO
FAZENDA SANTA CLARA (EX BOCAINA);-44,975;-22,691944;JUNHO-JULHO-AGOSTO
CAMPOS DE CUNHA;-44,822222;-22,921111;JUNHO-JULHO-AGOSTO
PICO DO ITAPEVA;-45,516667;-22,766667;JUNHO-JULHO-AGOSTO
PINDAMONHANGABA;-45,470278;-22,911111;JUNHO-JULHO-AGOSTO
BONFIM;-45,25;-22,95;JUNHO-JULHO-AGOSTO
MONTEIRO LOBATO;-45,833333;-22,933333;JUNHO-JULHO-AGOSTO
ESTRADA DE CUNHA;-45,041667;-22,995833;JUNHO-JULHO-AGOSTO
MOGI GUAÃU;-46,931389;-22,366389;JUNHO-JULHO-AGOSTO
ITAPIRA;-46,816667;-22,45;JUNHO-JULHO-AGOSTO
MARTIM FRANCISCO;-46,95;-22,516667;JUNHO-JULHO-AGOSTO
LINDËIA;-46,65;-22,516667;JUNHO-JULHO-AGOSTO
SOCORRO;-46,533333;-22,6;JUNHO-JULHO-AGOSTO
FAZENDA CHAPAD+O;-46,85;-22,616667;JUNHO-JULHO-AGOSTO
FAZENDA DA BARRA;-46,966667;-22,666667;JUNHO-JULHO-AGOSTO
MONTE ALEGRE DO SUL;-46,666667;-22,7;JUNHO-JULHO-AGOSTO
PEDREIRA;-46,933333;-22,75;JUNHO-JULHO-AGOSTO
RIO ABAIXO  (FAZ. CACHOEIRA);-46,631667;-22,881944;JUNHO-JULHO-AGOSTO
MORUNGABA;-46,783333;-22,883333;JUNHO-JULHO-AGOSTO
VARGEM (US. FLORES - CPFL);-46,416667;-22,9;JUNHO-JULHO-AGOSTO
BRAGANÃA PAULISTA;-46,533333;-22,933333;JUNHO-JULHO-AGOSTO
ITATIBA;-46,83;-22,984722;JUNHO-JULHO-AGOSTO
JOANËPOLIS;-46,266667;-22,933333;JUNHO-JULHO-AGOSTO
PEDRA BELA;-46,45;-22,8;JUNHO-JULHO-AGOSTO
ANAL-NDIA;-47,666667;-22,133333;JUNHO-JULHO-AGOSTO
CRESCIUMAL;-47,283333;-22,166667;JUNHO-JULHO-AGOSTO
VISCONDE DE RIO CLARO;-47,8;-22,15;JUNHO-JULHO-AGOSTO
CORUMBATAI;-47,616667;-22,216667;JUNHO-JULHO-AGOSTO
GRAUNA;-47,75;-22,3;JUNHO-JULHO-AGOSTO
IPEUNA;-47,716667;-22,433333;JUNHO-JULHO-AGOSTO
SANTA GERTRUDES;-47,516667;-22,483333;JUNHO-JULHO-AGOSTO
LIMEIRA;-47,366667;-22,566667;JUNHO-JULHO-AGOSTO
FAZENDA HOLAMBRA;-47,05;-22,633333;JUNHO-JULHO-AGOSTO
USINA ESTER;-47,216667;-22,666667;JUNHO-JULHO-AGOSTO
FAZENDA MONTE D'ESTE;-47,033333;-22,783333;JUNHO-JULHO-AGOSTO
BAR+O GERALDO;-47,066667;-22,833333;JUNHO-JULHO-AGOSTO
RIO DAS PEDRAS;-47,616667;-22,866667;JUNHO-JULHO-AGOSTO
CAMPINAS - IA;-47,083333;-22,883333;JUNHO-JULHO-AGOSTO
BAIRRO PAVIOLI;-47,25;-22,933333;JUNHO-JULHO-AGOSTO
JAGUARIUNA;-46,986667;-22,707222;JUNHO-JULHO-AGOSTO
MONTE MOR;-47,295833;-22,960833;JUNHO-JULHO-AGOSTO
CAPIVARI;-47,504722;-23,009167;JUNHO-JULHO-AGOSTO
PIRACICABA (SEMAE);-47,65;-22,716667;JUNHO-JULHO-AGOSTO
CAPIVARI;-47,5;-22,999722;JUNHO-JULHO-AGOSTO
RIBEIR+O BONITO;-48,183333;-22,083333;JUNHO-JULHO-AGOSTO
DOURADO;-48,316667;-22,133333;JUNHO-JULHO-AGOSTO
GUAIANAS;-48,883333;-22,316667;JUNHO-JULHO-AGOSTO
FAZENDA DO BARREIRO RICO;-48,116667;-22,683333;JUNHO-JULHO-AGOSTO
S+O MANUEL;-48,566667;-22,733333;JUNHO-JULHO-AGOSTO
ANHEMBI;-48,133333;-22,783333;JUNHO-JULHO-AGOSTO
FAZENDA S. JO+O MORRO VERMELHO;-48,433333;-22,816667;JUNHO-JULHO-AGOSTO
FAZENDA MONTE ALEGRE;-48,65;-22,866667;JUNHO-JULHO-AGOSTO
GLEBA RIO CLARO;-48,833333;-22,766667;JUNHO-JULHO-AGOSTO
JACUBA;-49,033333;-22,05;JUNHO-JULHO-AGOSTO
S+O FRANCISCO DA CORREDEIRA;-49,616667;-22,05;JUNHO-JULHO-AGOSTO
GARÃA;-49,65;-22,2;JUNHO-JULHO-AGOSTO
MAR-LIA;-49,933333;-22,216667;JUNHO-JULHO-AGOSTO
MUNDO NOVO;-49,766667;-22,316667;JUNHO-JULHO-AGOSTO
OCAUÃU;-49,916667;-22,433333;JUNHO-JULHO-AGOSTO
CABRALIA PAULISTA;-49,316667;-22,45;JUNHO-JULHO-AGOSTO
UBIRAJARA;-49,65;-22,533333;JUNHO-JULHO-AGOSTO
RIBEIR+O DO SUL;-49,933333;-22,783333;JUNHO-JULHO-AGOSTO
OURINHOS;-49,833333;-22,983333;JUNHO-JULHO-AGOSTO
FAZENDA LAJEADINHO;-49,833333;-22,999722;JUNHO-JULHO-AGOSTO
AREIA BRANCA;-49,816667;-22,583333;JUNHO-JULHO-AGOSTO
DIRCEU;-49,916667;-22,133333;JUNHO-JULHO-AGOSTO
S+O PEDRO DO TURVO;-49,733333;-22,75;JUNHO-JULHO-AGOSTO
ALVARO DE CARVALHO;-49,716667;-22,083333;JUNHO-JULHO-AGOSTO
AVA-;-49,333333;-22,166667;JUNHO-JULHO-AGOSTO
FAZENDA S+O FRANCISCO;-49,55;-22,583333;JUNHO-JULHO-AGOSTO
FAZENDA NOVA NIAGARA;-49,383333;-22,95;JUNHO-JULHO-AGOSTO
RANCHARIA (MC FADDEN);-50,883333;-22,216667;JUNHO-JULHO-AGOSTO
ECHAPORA;-50,216667;-22,433333;JUNHO-JULHO-AGOSTO
TRONC+O RANCHARIA;-50,999722;-22,433333;JUNHO-JULHO-AGOSTO
PLATINA;-50,2;-22,633333;JUNHO-JULHO-AGOSTO
USINA PARI;-50,333333;-22,883333;JUNHO-JULHO-AGOSTO
PORTO JA+;-50,021111;-22,897222;JUNHO-JULHO-AGOSTO
SUCUI;-50,3;-22,816667;JUNHO-JULHO-AGOSTO
TABAJARA;-50,366667;-22,466667;JUNHO-JULHO-AGOSTO
QUATA;-50,7;-22,233333;JUNHO-JULHO-AGOSTO
PARAGUAÃU PAULISTA;-50,566667;-22,416667;JUNHO-JULHO-AGOSTO
FAZENDA BARRA MANSA;-50,833333;-22,116667;JUNHO-JULHO-AGOSTO
INDIANA;-51,25;-22,15;JUNHO-JULHO-AGOSTO
USINA LARANJA DOCE;-51,166667;-22,25;JUNHO-JULHO-AGOSTO
PIRAPOZINHO;-51,5;-22,266667;JUNHO-JULHO-AGOSTO
MIRANTE DO PARANAPANEMA;-51,916667;-22,3;JUNHO-JULHO-AGOSTO
TACIBA;-51,283333;-22,383333;JUNHO-JULHO-AGOSTO
NARANDIBA;-51,516667;-22,416667;JUNHO-JULHO-AGOSTO
FAZENDA VISTA BONITA;-51,816667;-22,516667;JUNHO-JULHO-AGOSTO
IEPE;-51,083333;-22,666667;JUNHO-JULHO-AGOSTO
FAZENDA FORMOSA;-51,166667;-22,416667;JUNHO-JULHO-AGOSTO
TEODORO SAMPAIO;-52,183333;-22,516667;JUNHO-JULHO-AGOSTO
FAZENDA ROSANELA;-52,416667;-22,566667;JUNHO-JULHO-AGOSTO
EUCLIDES DA CUNHA;-52,583333;-22,55;JUNHO-JULHO-AGOSTO
TAUBAT+;-45,566667;-23,033333;JUNHO-JULHO-AGOSTO
PEDREGULHO;-45,783333;-23,033333;JUNHO-JULHO-AGOSTO
CER-MICA QUIRINO;-45,666667;-23,083333;JUNHO-JULHO-AGOSTO
SAP+;-45,716667;-23,133333;JUNHO-JULHO-AGOSTO
BAIRRO CAJURU;-45,783333;-23,216667;JUNHO-JULHO-AGOSTO
JAMBEIRO;-45,683333;-23,25;JUNHO-JULHO-AGOSTO
REDENÃ+O DA SERRA;-45,533333;-23,283333;JUNHO-JULHO-AGOSTO
JACARE-;-45,95;-23,283333;JUNHO-JULHO-AGOSTO
NATIVIDADE DA SERRA;-45,45;-23,383333;JUNHO-JULHO-AGOSTO
ALFERES;-45,683333;-23,366667;JUNHO-JULHO-AGOSTO
MATO DENTRO;-45,116667;-23,383333;JUNHO-JULHO-AGOSTO
SANTA BRANCA;-45,883333;-23,4;JUNHO-JULHO-AGOSTO
SALESËPOLIS;-45,85;-23,533333;JUNHO-JULHO-AGOSTO
USINA SALESËPOLIS;-45,833333;-23,566667;JUNHO-JULHO-AGOSTO
PONTE NOVA;-45,966667;-23,566667;JUNHO-JULHO-AGOSTO
CARAGUATATUBA;-45,433333;-23,633333;JUNHO-JULHO-AGOSTO
S+O FRANCISCO;-45,416667;-23,766667;JUNHO-JULHO-AGOSTO
CAÃAPAVA;-45,710278;-23,077778;JUNHO-JULHO-AGOSTO
S+O LU-S DO PARAITINGA;-45,323333;-23,221944;JUNHO-JULHO-AGOSTO
PONTE ALTA 1;-45,143889;-23,328889;JUNHO-JULHO-AGOSTO
SANTA BRANCA;-45,9;-23,368889;JUNHO-JULHO-AGOSTO
FAZENDA S+O JO+O;-45,466667;-23,2;JUNHO-JULHO-AGOSTO
PARARANGABA;-45,8;-23,183333;JUNHO-JULHO-AGOSTO
ALEGRE;-45,683333;-23,533333;JUNHO-JULHO-AGOSTO
BRIET;-45,2;-23,366667;JUNHO-JULHO-AGOSTO
ALTO DA SERRA;-45,45;-23,566667;JUNHO-JULHO-AGOSTO
ITATIBA;-46,833333;-23,016667;JUNHO-JULHO-AGOSTO
BAIXO COTIA;-46,866667;-23,55;JUNHO-JULHO-AGOSTO
REPRESA  (MONTE CLARO);-46,033333;-23,1;JUNHO-JULHO-AGOSTO
NAZAR+ PAULISTA;-46,4;-23,183333;JUNHO-JULHO-AGOSTO
ERMIDA;-46,983333;-23,2;JUNHO-JULHO-AGOSTO
SANTA ISABEL;-46,233333;-23,333333;JUNHO-JULHO-AGOSTO
FRANCO DA ROCHA (HOSP. JUQUERI);-46,683333;-23,333333;JUNHO-JULHO-AGOSTO
BAIRRO FAZENDA VELHA;-46,35;-23,383333;JUNHO-JULHO-AGOSTO
FAZENDA S+O BENTO;-46,283333;-23,433333;JUNHO-JULHO-AGOSTO
BOM SUCESSO;-46,4;-23,416667;JUNHO-JULHO-AGOSTO
SANTANA DE PARNAIBA;-46,916667;-23,45;JUNHO-JULHO-AGOSTO
NOSSA SENHORA DO Ë;-46,716667;-23,466667;JUNHO-JULHO-AGOSTO
MONTE BELO;-46,366667;-23,483333;JUNHO-JULHO-AGOSTO
SANTANA;-46,616667;-23,5;JUNHO-JULHO-AGOSTO
LUZ (ESTAÃ+O);-46,633333;-23,533333;JUNHO-JULHO-AGOSTO
-GUA BRANCA;-46,683333;-23,516667;JUNHO-JULHO-AGOSTO
CAPIXINGA;-46,1;-23,566667;JUNHO-JULHO-AGOSTO
VILA PROSPERIDADE (GM);-46,55;-23,616667;JUNHO-JULHO-AGOSTO
CACHOEIRA DA GRAÃA;-46,95;-23,65;JUNHO-JULHO-AGOSTO
S+O CAETANO DO SUL;-46,583333;-23,633333;JUNHO-JULHO-AGOSTO
MAU-;-46,483333;-23,666667;JUNHO-JULHO-AGOSTO
OBSERVATËRIO DO IAG;-46,633333;-23,65;JUNHO-JULHO-AGOSTO
PEDRO BEICHT;-46,966667;-23,716667;JUNHO-JULHO-AGOSTO
ITAPECERICA DA SERRA;-46,85;-23,716667;JUNHO-JULHO-AGOSTO
REPRESA ITATINGA;-46,133333;-23,75;JUNHO-JULHO-AGOSTO
USINA ITATINGA;-46,116667;-23,766667;JUNHO-JULHO-AGOSTO
ALDEINHA;-46,916667;-23,783333;JUNHO-JULHO-AGOSTO
MORRO DO CHIQUEIRO;-46,933333;-23,783333;JUNHO-JULHO-AGOSTO
CAET+;-46,216667;-23,883333;JUNHO-JULHO-AGOSTO
PEREQUE;-46,183333;-23,95;JUNHO-JULHO-AGOSTO
PIRACAIA;-46,365278;-23,052222;JUNHO-JULHO-AGOSTO
ATIBAIA;-46,557222;-23,105556;JUNHO-JULHO-AGOSTO
JUNDIA-;-46,876667;-23,186389;JUNHO-JULHO-AGOSTO
FRANCO DA ROCHA;-46,733333;-23,333333;JUNHO-JULHO-AGOSTO
ERMELINDO MATARAZZO;-46,471111;-23,480833;JUNHO-JULHO-AGOSTO
BIRITIBA MIRIM;-46,040278;-23,584444;JUNHO-JULHO-AGOSTO
VARINHAS;-46,255556;-23,584167;JUNHO-JULHO-AGOSTO
FAZENDA N.S. APARECIDA;-46,008611;-23,655278;JUNHO-JULHO-AGOSTO
PONTA DA PRAIA;-46,283333;-23,999722;JUNHO-JULHO-AGOSTO
ROSEL-NDIA;-46,933333;-23,566667;JUNHO-JULHO-AGOSTO
FREGUESIA DA ESCADA;-46,066667;-23,383333;JUNHO-JULHO-AGOSTO
CRIOULOS;-46,3;-23,066667;JUNHO-JULHO-AGOSTO
SERT+OZINHO;-46,483333;-23,7;JUNHO-JULHO-AGOSTO
IGARATA;-46,15;-23,2;JUNHO-JULHO-AGOSTO
PARELHEIROS;-46,733333;-23,833333;JUNHO-JULHO-AGOSTO
RIO ACIMA;-46,583333;-23,833333;JUNHO-JULHO-AGOSTO
LARANJAL PAULISTA;-47,85;-23,033333;JUNHO-JULHO-AGOSTO
PEREIRAS;-47,966667;-23,066667;JUNHO-JULHO-AGOSTO
INDAIATUBA;-47,216667;-23,083333;JUNHO-JULHO-AGOSTO
FAZENDA SANTA RITA;-47,133333;-23,166667;JUNHO-JULHO-AGOSTO
PORTO FELIZ;-47,516667;-23,2;JUNHO-JULHO-AGOSTO
AM+RICANA VELHA;-47,783333;-23,316667;JUNHO-JULHO-AGOSTO
IPERO;-47,683333;-23,333333;JUNHO-JULHO-AGOSTO
BAIRRO SARAPU;-47,766667;-23,4;JUNHO-JULHO-AGOSTO
EDEN;-47,4;-23,416667;JUNHO-JULHO-AGOSTO
MAIRINQUE;-47,183333;-23,55;JUNHO-JULHO-AGOSTO
SALTO DE PIRAPORA;-47,566667;-23,65;JUNHO-JULHO-AGOSTO
IBIUNA;-47,216667;-23,65;JUNHO-JULHO-AGOSTO
CAUCAIA DO ALTO;-47,016667;-23,683333;JUNHO-JULHO-AGOSTO
PIEDADE;-47,416667;-23,733333;JUNHO-JULHO-AGOSTO
S-TIO FRUTOL-NDIA;-47,483333;-23,75;JUNHO-JULHO-AGOSTO
USINA BATISTA;-47,65;-23,833333;JUNHO-JULHO-AGOSTO
S+O MIGUEL ARCANJO;-47,999722;-23,866667;JUNHO-JULHO-AGOSTO
CACHOEIRA DO FRANÃA;-47,216667;-23,95;JUNHO-JULHO-AGOSTO
TAPIRA-;-47,5;-23,966667;JUNHO-JULHO-AGOSTO
LARANJAL PAULISTA;-47,818333;-23,026111;JUNHO-JULHO-AGOSTO
ITAICI;-47,181944;-23,109444;JUNHO-JULHO-AGOSTO
TIET-;-47,716667;-23,1;JUNHO-JULHO-AGOSTO
ITUPEVA;-47,057778;-23,151111;JUNHO-JULHO-AGOSTO
FAZENDA S+O MATEUS;-47,762222;-23,3325;JUNHO-JULHO-AGOSTO
EDEN (PIRAJIBU);-47,401389;-23,415556;JUNHO-JULHO-AGOSTO
SALTO DE PIRAPORA;-47,571111;-23,639444;JUNHO-JULHO-AGOSTO
BAIRRO DO SARAPU;-47,803056;-23,502778;JUNHO-JULHO-AGOSTO
JUQUITIBA - II;-47,100833;-23,941389;JUNHO-JULHO-AGOSTO
SALTO;-47,3;-23,2;JUNHO-JULHO-AGOSTO
MATO DO GADO;-47,116667;-23,716667;JUNHO-JULHO-AGOSTO
SANTA CRUZ DOS MOTAS;-47,933333;-23,733333;JUNHO-JULHO-AGOSTO
FAZENDA SANTA TEREZINHA;-48,183333;-23,066667;JUNHO-JULHO-AGOSTO
BOFETE;-48,25;-23,1;JUNHO-JULHO-AGOSTO
AVAR+;-48,916667;-23,1;JUNHO-JULHO-AGOSTO
GUAREI;-48,183333;-23,366667;JUNHO-JULHO-AGOSTO
ANGATUBA;-48,416667;-23,483333;JUNHO-JULHO-AGOSTO
CAMPO DO PAIOL;-48,033333;-23,383333;JUNHO-JULHO-AGOSTO
FAZENDA S+O JOS+ DO BOM RETIRO;-48,35;-23,783333;JUNHO-JULHO-AGOSTO
ITAPETININGA;-48,05;-23,583333;JUNHO-JULHO-AGOSTO
ITAPEVA;-48,95;-23,966667;JUNHO-JULHO-AGOSTO
ANGATUBA;-48,389722;-23,563889;JUNHO-JULHO-AGOSTO
CAMPINA DO MONTE ALEGRE;-48,493611;-23,591667;JUNHO-JULHO-AGOSTO
CERRADINHO;-48,281111;-23,963056;JUNHO-JULHO-AGOSTO
PARDINHO;-48,383333;-23,083333;JUNHO-JULHO-AGOSTO
FAZENDA BOA ESPERANÃA;-48,416667;-23,95;JUNHO-JULHO-AGOSTO
CERQUEIRA CESAR;-49,166667;-23,033333;JUNHO-JULHO-AGOSTO
FAZENDA PALMEIRAS;-49,566667;-23,033333;JUNHO-JULHO-AGOSTO
FAZENDA MARCONDINHA;-49,766667;-23,05;JUNHO-JULHO-AGOSTO
PIRAJU;-49,390833;-23,185556;JUNHO-JULHO-AGOSTO
SARUTAIA (US. BOA VISTA - CLFSC);-49,466667;-23,233333;JUNHO-JULHO-AGOSTO
TAGUA- (RIBEIRËPOLIS);-49,416667;-23,45;JUNHO-JULHO-AGOSTO
ITAPORANGA;-49,471667;-23,708056;JUNHO-JULHO-AGOSTO
MOSTEIRO ITAPORANGA;-49,483333;-23,7;JUNHO-JULHO-AGOSTO
OLARIA DOS PADRES ANA/CESP;-49,555833;-23,721944;JUNHO-JULHO-AGOSTO
ITANHA+M;-46,8;-24,183333;JUNHO-JULHO-AGOSTO
TAQUARAL;-47,999722;-24,05;JUNHO-JULHO-AGOSTO
CAPELA DO PORTO;-47,65;-24,166667;JUNHO-JULHO-AGOSTO
GUANHANHA;-47,166667;-24,266667;JUNHO-JULHO-AGOSTO
RIBEIR+O DA SERRA;-47,95;-24,283333;JUNHO-JULHO-AGOSTO
PEDRO DE TOLEDO;-47,233333;-24,283333;JUNHO-JULHO-AGOSTO
BAIRRO IGREJINHA;-47,2;-24,333333;JUNHO-JULHO-AGOSTO
ESCALVADO;-47,716667;-24,35;JUNHO-JULHO-AGOSTO
CACHOEIRA DO GUILHERME;-47,25;-24,483333;JUNHO-JULHO-AGOSTO
REGISTRO;-47,85;-24,5;JUNHO-JULHO-AGOSTO
JACUPIRANGA;-47,999722;-24,683333;JUNHO-JULHO-AGOSTO
PARIQUERA-AÃU;-47,883333;-24,716667;JUNHO-JULHO-AGOSTO
IGUAPE;-47,566667;-24,7;JUNHO-JULHO-AGOSTO
CANHA;-47,966667;-24,8;JUNHO-JULHO-AGOSTO
PEDRO BARROS;-47,383056;-24,233056;JUNHO-JULHO-AGOSTO
ITARIRI;-47,177222;-24,288889;JUNHO-JULHO-AGOSTO
JUQUI-;-47,624444;-24,320833;JUNHO-JULHO-AGOSTO
APIA-;-48,85;-24,516667;JUNHO-JULHO-AGOSTO
IPORANGA;-48,591111;-24,590556;JUNHO-JULHO-AGOSTO
SERRANA DO SUL;-48,116667;-24,716667;JUNHO-JULHO-AGOSTO
BARRA DO TURVO;-48,5;-24,75;JUNHO-JULHO-AGOSTO
CABOCLOS;-48,583333;-24,433333;JUNHO-JULHO-AGOSTO
RIO PARDINHO;-48,566667;-25,066667;JUNHO-JULHO-AGOSTO
ARAGUATINS;-48,207778;-5,648333;JUNHO-JULHO-AGOSTO
TOCANTINËPOLIS;-47,391944;-6,287222;JUNHO-JULHO-AGOSTO
WANDERL-NDIA - RD BEL+M - BRAS-LIA;-47,97;-6,838889;JUNHO-JULHO-AGOSTO
XAMBIO-;-48,535556;-6,413056;JUNHO-JULHO-AGOSTO
ANANAS;-48,071389;-6,363889;JUNHO-JULHO-AGOSTO
PIRAQUE;-48,469722;-6,671667;JUNHO-JULHO-AGOSTO
CAROLINA;-47,464444;-7,323056;JUNHO-JULHO-AGOSTO
GOIATINS;-47,315;-7,711389;JUNHO-JULHO-AGOSTO
COLÈNIA;-48,895278;-7,877778;JUNHO-JULHO-AGOSTO
FAZ. PRIMAVERA - ROD. BEL - BRAS-LIA;-48,420833;-7,559444;JUNHO-JULHO-AGOSTO
MURICIL-NDIA;-48,469722;-7,154444;JUNHO-JULHO-AGOSTO
ARAPOEMA;-49,064722;-7,655;JUNHO-JULHO-AGOSTO
ITACAJA;-47,765278;-8,391667;JUNHO-JULHO-AGOSTO
COLINAS DO TOCANTINS;-48,481667;-8,052778;JUNHO-JULHO-AGOSTO
GUARAI;-48,516944;-8,830833;JUNHO-JULHO-AGOSTO
ITAPOR+ DO TOCANTINS;-48,690833;-8,573056;JUNHO-JULHO-AGOSTO
TUPIRATINS;-48,130278;-8,398056;JUNHO-JULHO-AGOSTO
ARAGUACEMA (CHACARA ARAGUAIA);-49,556111;-8,810278;JUNHO-JULHO-AGOSTO
SANTA ROSA;-57,416389;-8,870278;JUNHO-JULHO-AGOSTO
MIRACEMA DO TOCANTINS;-48,3875;-9,564167;JUNHO-JULHO-AGOSTO
PORTO REAL;-47,929167;-9,306944;JUNHO-JULHO-AGOSTO
ABREUL-NDIA;-49,155;-9,625;JUNHO-JULHO-AGOSTO
DOIS IRM+OS DO TOCANTINS;-49,065;-9,2575;JUNHO-JULHO-AGOSTO
CACHIMBO;-54,885833;-9,817222;JUNHO-JULHO-AGOSTO
JATOB- (FAZENDA BOA NOVA);-47,478611;-9,990556;JUNHO-JULHO-AGOSTO
NOVO ACORDO;-47,674722;-9,960556;JUNHO-JULHO-AGOSTO
PORTO GIL-NDIA;-47,8;-10,785556;JUNHO-JULHO-AGOSTO
F-TIMA;-48,902222;-10,763611;JUNHO-JULHO-AGOSTO
PARA-SO DO TOCANTINS;-48,890556;-10,165278;JUNHO-JULHO-AGOSTO
TAQUARUSSU DO PORTO;-48,159444;-10,313333;JUNHO-JULHO-AGOSTO
VILA S+O JOS+ DO XINGU;-52,737778;-10,804444;JUNHO-JULHO-AGOSTO
FAZENDA SANTA EM-LIA;-53,608889;-10,539167;JUNHO-JULHO-AGOSTO
AGROPECU-RIA CAJABI;-54,546111;-10,746111;JUNHO-JULHO-AGOSTO
INDECO;-55,57;-10,1125;JUNHO-JULHO-AGOSTO
COLIDER;-55,448611;-10,798611;JUNHO-JULHO-AGOSTO
FAZENDA AGROTEP;-57,581111;-10,881389;JUNHO-JULHO-AGOSTO
TRIVELATO;-57,131944;-9,941389;JUNHO-JULHO-AGOSTO
N+CLEO ARIEL;-58,246944;-9,856111;JUNHO-JULHO-AGOSTO
JURUENA;-58,498056;-10,332222;JUNHO-JULHO-AGOSTO
HUMBOLDT;-59,450833;-10,174722;JUNHO-JULHO-AGOSTO
DIANËPOLIS;-46,810556;-11,625278;JUNHO-JULHO-AGOSTO
ALMAS;-47,173889;-11,578889;JUNHO-JULHO-AGOSTO
NATIVIDADE;-47,728333;-11,696944;JUNHO-JULHO-AGOSTO
PINDORAMA DO TOCANTINS;-47,576667;-11,140556;JUNHO-JULHO-AGOSTO
PORTO ALEGRE;-47,045;-11,6125;JUNHO-JULHO-AGOSTO
FAZENDA LOBEIRA;-48,294722;-11,531389;JUNHO-JULHO-AGOSTO
DUERE;-49,2675;-11,339444;JUNHO-JULHO-AGOSTO
FORMOSO DO ARAGUAIA;-49,529722;-11,801667;JUNHO-JULHO-AGOSTO
GURUPI;-49,136389;-11,736389;JUNHO-JULHO-AGOSTO
S+O F+LIX DO ARAGUAIA;-50,689722;-11,6275;JUNHO-JULHO-AGOSTO
SUIA LIQUIL-NDIA;-51,696389;-11,721944;JUNHO-JULHO-AGOSTO
ESPIG+O;-52,234722;-11,39;JUNHO-JULHO-AGOSTO
CACHOEIR+O;-55,701667;-11,653056;JUNHO-JULHO-AGOSTO
FAZENDA ITAUBA;-56,424444;-11,471389;JUNHO-JULHO-AGOSTO
SINOP (FAZENDA SEMPRE VERDE);-55,463889;-11,710556;JUNHO-JULHO-AGOSTO
JUARA;-57,505833;-11,2525;JUNHO-JULHO-AGOSTO
FONTANILHAS;-58,336944;-11,340833;JUNHO-JULHO-AGOSTO
JU-NA;-58,717778;-11,408611;JUNHO-JULHO-AGOSTO
FAZENDA TOMBADOR;-58,0725;-11,777222;JUNHO-JULHO-AGOSTO
PONTE ALTA DO BOM JESUS;-46,479444;-12,090833;JUNHO-JULHO-AGOSTO
AURORA DO NORTE;-46,408611;-12,713889;JUNHO-JULHO-AGOSTO
CONCEIÃ+O DO TOCANTINS;-47,324444;-12,2325;JUNHO-JULHO-AGOSTO
RIO DA PALMA (FAZ. CHUVA MANGA);-47,199722;-12,415556;JUNHO-JULHO-AGOSTO
COLONHA;-48,711389;-12,387778;JUNHO-JULHO-AGOSTO
ALVORADA;-49,124167;-12,480833;JUNHO-JULHO-AGOSTO
ARAGUAÃU;-49,8275;-12,928889;JUNHO-JULHO-AGOSTO
PROJETO RIO FORMOSO;-49,771667;-11,839444;JUNHO-JULHO-AGOSTO
FAZENDA PIRATININGA;-50,336111;-12,820556;JUNHO-JULHO-AGOSTO
SANTO ANTÈNIO DO LEVERGER;-50,963611;-12,291944;JUNHO-JULHO-AGOSTO
ALÈ BRASIL;-51,696944;-12,164167;JUNHO-JULHO-AGOSTO
DIV-NEA;-51,826389;-12,939722;JUNHO-JULHO-AGOSTO
N+CLEO COLONIAL RIO FERRO;-54,910556;-12,516111;JUNHO-JULHO-AGOSTO
BRASNORTE;-57,999167;-12,116944;JUNHO-JULHO-AGOSTO
S+O DOMINGOS;-46,315833;-13,3975;JUNHO-JULHO-AGOSTO
NOVA ROMA (FAZ.SUCURI);-46,8775;-13,742222;JUNHO-JULHO-AGOSTO
FAZENDA INGAZEIRO;-46,367222;-13,568056;JUNHO-JULHO-AGOSTO
CAMPOS BELOS;-46,776944;-13,035833;JUNHO-JULHO-AGOSTO
S+O VICENTE;-46,467222;-13,633611;JUNHO-JULHO-AGOSTO
CAVALCANTE;-47,461667;-13,796944;JUNHO-JULHO-AGOSTO
PONTE PARAN+;-47,131944;-13,423889;JUNHO-JULHO-AGOSTO
CAMPINAÃU;-48,566944;-13,79;JUNHO-JULHO-AGOSTO
SAMA;-48,226944;-13,533056;JUNHO-JULHO-AGOSTO
TROMBAS;-48,745;-13,512778;JUNHO-JULHO-AGOSTO
ESTRELA DO NORTE;-49,071389;-13,871667;JUNHO-JULHO-AGOSTO
NOVO PLANALTO;-50,199444;-13,328611;JUNHO-JULHO-AGOSTO
PORANGATU (DESCOBERTO);-49,145278;-13,447222;JUNHO-JULHO-AGOSTO
ENTRONCAMENTO S+O MIGUEL;-49,201389;-13,102778;JUNHO-JULHO-AGOSTO
BANDEIRANTES;-50,8;-13,689722;JUNHO-JULHO-AGOSTO
RIO PINTADO (FAZ.PONTAL);-50,188333;-13,528889;JUNHO-JULHO-AGOSTO
S+O MIGUEL DO ARAGUAIA;-50,160556;-13,273889;JUNHO-JULHO-AGOSTO
FAZENDA SETE DE SETEMBRO;-52,411944;-13,880556;JUNHO-JULHO-AGOSTO
GARAPU;-52,454444;-13,495556;JUNHO-JULHO-AGOSTO
FAZENDA AGROCHAPADA;-54,280556;-13,446667;JUNHO-JULHO-AGOSTO
PORTO RONCADOR;-55,331667;-13,556389;JUNHO-JULHO-AGOSTO
NOVA MUTUM;-56,084167;-13,820556;JUNHO-JULHO-AGOSTO
NOVA MARING-;-57,090556;-13,0275;JUNHO-JULHO-AGOSTO
BACAVAL;-58,2875;-13,641667;JUNHO-JULHO-AGOSTO
FAZENDA TUCUNAR+;-58,975;-13,466667;JUNHO-JULHO-AGOSTO
PADRONAL;-59,878056;-13,180833;JUNHO-JULHO-AGOSTO
VILA ALEGRE;-59,768611;-13,778611;JUNHO-JULHO-AGOSTO
ALTO PARA-SO DE GOI-S;-47,511667;-14,134722;JUNHO-JULHO-AGOSTO
FLORES DE GOI-S;-47,045833;-14,45;JUNHO-JULHO-AGOSTO
S+O JO+O D'ALIANÃA;-47,523611;-14,707222;JUNHO-JULHO-AGOSTO
COLINAS DO SUL;-48,078333;-14,150556;JUNHO-JULHO-AGOSTO
NIQUEL-NDIA;-48,458333;-14,475;JUNHO-JULHO-AGOSTO
PONTE QUEBRA LINHA;-48,673611;-14,973889;JUNHO-JULHO-AGOSTO
PILAR DE GOI-S;-49,578889;-14,764444;JUNHO-JULHO-AGOSTO
PORTO URUAÃU;-49,048889;-14,519167;JUNHO-JULHO-AGOSTO
SANTA TEREZINHA DE GOI-S;-49,706111;-14,433333;JUNHO-JULHO-AGOSTO
LAGOA DA FLECHA;-50,730278;-14,332778;JUNHO-JULHO-AGOSTO
MOZARL-NDIA (CHAC. FOGUEIRA);-50,577222;-14,741389;JUNHO-JULHO-AGOSTO
GOVERNADOR LEÈNINO;-50,333056;-14,0975;JUNHO-JULHO-AGOSTO
ARUAN+;-51,080556;-14,927222;JUNHO-JULHO-AGOSTO
XAVANTINA;-52,354722;-14,672222;JUNHO-JULHO-AGOSTO
-GUA BOA;-52,150278;-14,076389;JUNHO-JULHO-AGOSTO
PASSAGEM DA  BR-309;-53,998611;-14,611944;JUNHO-JULHO-AGOSTO
PARANATINGA;-54,048889;-14,418611;JUNHO-JULHO-AGOSTO
AREN-POLIS (CANA+);-56,848889;-14,52;JUNHO-JULHO-AGOSTO
NORTEL-NDIA;-56,813889;-14,451111;JUNHO-JULHO-AGOSTO
QUEBË;-56,1225;-14,652778;JUNHO-JULHO-AGOSTO
TAPIRAPU+;-57,767778;-14,850556;JUNHO-JULHO-AGOSTO
TANGAR- DA SERRA;-57,468056;-14,631944;JUNHO-JULHO-AGOSTO
DECIOL-NDIA;-57,506667;-14,183889;JUNHO-JULHO-AGOSTO
BRASFOR;-58,234167;-14,385278;JUNHO-JULHO-AGOSTO
FAZENDA SANTA S+;-47,156944;-15,216111;JUNHO-JULHO-AGOSTO
MIMOSO;-48,159444;-15,0575;JUNHO-JULHO-AGOSTO
PIRENËPOLIS;-48,95;-15,85;JUNHO-JULHO-AGOSTO
GOIAN+SIA;-49,120556;-15,328889;JUNHO-JULHO-AGOSTO
ITAPURANGA;-49,943611;-15,564167;JUNHO-JULHO-AGOSTO
JARAGU-;-49,328889;-15,719722;JUNHO-JULHO-AGOSTO
NOVA AM+RICA;-49,892222;-15,020833;JUNHO-JULHO-AGOSTO
URUANA;-49,690833;-15,496111;JUNHO-JULHO-AGOSTO
ITAPIRAPUA;-50,608611;-15,815833;JUNHO-JULHO-AGOSTO
JEROAQUARA;-50,500278;-15,373056;JUNHO-JULHO-AGOSTO
TRAVESS+O;-50,704722;-15,368889;JUNHO-JULHO-AGOSTO
BRIT-NIA;-51,163611;-15,246667;JUNHO-JULHO-AGOSTO
MONTES CLAROS DE GOI-S;-51,356667;-15,605556;JUNHO-JULHO-AGOSTO
PERES;-51,852778;-15,889722;JUNHO-JULHO-AGOSTO
SANTA F+;-51,104444;-15,767222;JUNHO-JULHO-AGOSTO
TORIQUEJE;-53,054722;-15,250278;JUNHO-JULHO-AGOSTO
RIO DAS MORTES;-54,175833;-15,314722;JUNHO-JULHO-AGOSTO
JACIARA;-54,967222;-15,988333;JUNHO-JULHO-AGOSTO
CHAPADA DOS GUIMAR+ES;-55,728889;-15,468889;JUNHO-JULHO-AGOSTO
S+O JOS+ DA SERRA;-55,323056;-15,836944;JUNHO-JULHO-AGOSTO
NOSSA SENHORA DA GUIA;-56,217778;-15,356111;JUNHO-JULHO-AGOSTO
N.S. LIVRAMENTO - BOSQUE F. BARROS;-56,350833;-15,774167;JUNHO-JULHO-AGOSTO
ACORIZAL;-56,365556;-15,206667;JUNHO-JULHO-AGOSTO
SECO (FAZENDA SECO);-56,095833;-15,635278;JUNHO-JULHO-AGOSTO
PORTO ESTRELA;-57,231111;-15,325833;JUNHO-JULHO-AGOSTO
BARRA DO BUGRES;-57,177778;-15,068333;JUNHO-JULHO-AGOSTO
PONTES E LACERDA;-59,353611;-15,215556;JUNHO-JULHO-AGOSTO
MATO GROSSO;-59,949167;-15,0075;JUNHO-JULHO-AGOSTO
FAZENDA AREI+O;-60,031667;-15,400278;JUNHO-JULHO-AGOSTO
CRISTALINA;-47,606111;-16,756389;JUNHO-JULHO-AGOSTO
MINGONE;-47,936667;-16,155833;JUNHO-JULHO-AGOSTO
PONTE AN-POLIS - BRAS-LIA;-48,508333;-16,083333;JUNHO-JULHO-AGOSTO
VIANËPOLIS;-48,524722;-16,746389;JUNHO-JULHO-AGOSTO
ARAGOI-NIA;-49,452222;-16,911944;JUNHO-JULHO-AGOSTO
GOIAN-POLIS;-49,020278;-16,516389;JUNHO-JULHO-AGOSTO
INHUMAS;-49,494167;-16,346389;JUNHO-JULHO-AGOSTO
ITABERA-;-49,800278;-16,030278;JUNHO-JULHO-AGOSTO
OURO VERDE DE GOI-S;-49,143611;-16,228056;JUNHO-JULHO-AGOSTO
PALMEIRAS DE GOI-S;-49,928611;-16,803056;JUNHO-JULHO-AGOSTO
TRINDADE;-49,486389;-16,659444;JUNHO-JULHO-AGOSTO
CACHOEIRA DE GOI-S;-50,648889;-16,668056;JUNHO-JULHO-AGOSTO
CËRREGO DO OURO;-50,556667;-16,298611;JUNHO-JULHO-AGOSTO
ISRAEL-NDIA;-50,905278;-16,316389;JUNHO-JULHO-AGOSTO
TURV-NIA;-50,132778;-16,609444;JUNHO-JULHO-AGOSTO
CAIAPONIA;-51,810278;-16,948889;JUNHO-JULHO-AGOSTO
PIRANHAS;-51,821389;-16,423333;JUNHO-JULHO-AGOSTO
S+O FERREIRA;-51,469444;-16,3025;JUNHO-JULHO-AGOSTO
BOM JARDIM DE GOI-S;-52,168333;-16,208611;JUNHO-JULHO-AGOSTO
TORIXOREU;-52,549722;-16,200556;JUNHO-JULHO-AGOSTO
TESOURO;-53,5475;-16,077778;JUNHO-JULHO-AGOSTO
GUIRATINGA;-53,759167;-16,350833;JUNHO-JULHO-AGOSTO
ALTO GARÃAS;-53,533056;-16,943889;JUNHO-JULHO-AGOSTO
RONDONËPOLIS;-54,656389;-16,470556;JUNHO-JULHO-AGOSTO
SANTA TEREZINHA;-54,263889;-16,673333;JUNHO-JULHO-AGOSTO
SANTA ESCOL-STICA;-54,407222;-16,842222;JUNHO-JULHO-AGOSTO
BAR+O DE MELGAÃO;-55,945833;-16,193889;JUNHO-JULHO-AGOSTO
TAIAM+;-55,521389;-16,7275;JUNHO-JULHO-AGOSTO
POCONE;-56,545833;-16,320278;JUNHO-JULHO-AGOSTO
S+O JO+O;-56,632778;-16,944444;JUNHO-JULHO-AGOSTO
PONTE S+O MARCOS;-47,158056;-17,028333;JUNHO-JULHO-AGOSTO
CAMPO ALEGRE DE GOI-S;-47,555556;-17,504167;JUNHO-JULHO-AGOSTO
CRISTIANËPOLIS;-48,714444;-17,191944;JUNHO-JULHO-AGOSTO
ESTAÃ+O VER-SSIMO;-48,175278;-17,971944;JUNHO-JULHO-AGOSTO
MARZAG+O;-48,641389;-17,982778;JUNHO-JULHO-AGOSTO
MONTES CLAROS;-48,133333;-17,129722;JUNHO-JULHO-AGOSTO
PIRES DO RIO I;-48,270833;-17,303889;JUNHO-JULHO-AGOSTO
ED+IA (ALEGRETE);-49,930278;-17,341389;JUNHO-JULHO-AGOSTO
FAZENDA BOA VISTA;-49,688333;-17,106944;JUNHO-JULHO-AGOSTO
JOVI-NIA;-49,616944;-17,81;JUNHO-JULHO-AGOSTO
MORRINHOS;-49,115278;-17,7325;JUNHO-JULHO-AGOSTO
PONTALINA;-49,441111;-17,516667;JUNHO-JULHO-AGOSTO
PIRACANJUBA;-49,025556;-17,307222;JUNHO-JULHO-AGOSTO
CROM-NIA;-49,378889;-17,291111;JUNHO-JULHO-AGOSTO
BARRA DO MONJOLO;-50,180833;-17,732222;JUNHO-JULHO-AGOSTO
FAZENDA NOVA DO TURVO;-50,289444;-17,079167;JUNHO-JULHO-AGOSTO
PONTE RODAGEM;-50,681944;-17,325833;JUNHO-JULHO-AGOSTO
FAZENDA PARA-SO;-50,774167;-17,465833;JUNHO-JULHO-AGOSTO
PARAUNA;-50,446944;-16,948889;JUNHO-JULHO-AGOSTO
PONTE RIO DOCE;-51,39;-17,860833;JUNHO-JULHO-AGOSTO
BENJAMIN  BARROS;-52,169167;-17,685833;JUNHO-JULHO-AGOSTO
MONTIVIDIU;-51,260833;-17,328333;JUNHO-JULHO-AGOSTO
FAZENDA S+O BERNARDO;-52,882778;-17,688056;JUNHO-JULHO-AGOSTO
PONTE DO CEDRO;-52,601389;-17,579444;JUNHO-JULHO-AGOSTO
BOM JARDIM;-52,169167;-17,717778;JUNHO-JULHO-AGOSTO
ALTO ARAGUAIA;-53,216667;-17,301944;JUNHO-JULHO-AGOSTO
ITIQUIRA;-54,138889;-17,207222;JUNHO-JULHO-AGOSTO
ILHA CAMARGO;-56,580556;-17,056389;JUNHO-JULHO-AGOSTO
TR-S RANCHOS;-47,779444;-18,362778;JUNHO-JULHO-AGOSTO
FAZENDA S+O DOMINGOS;-47,694722;-18,103056;JUNHO-JULHO-AGOSTO
CORUMBAZUL;-48,858333;-18,241944;JUNHO-JULHO-AGOSTO
PONTE MEIA PONTE;-49,610833;-18,338889;JUNHO-JULHO-AGOSTO
FAZENDA ALIANÃA;-50,031389;-18,104722;JUNHO-JULHO-AGOSTO
MAURIL-NDIA;-50,337222;-18,018611;JUNHO-JULHO-AGOSTO
CAMPO ALEGRE;-51,093056;-18,517778;JUNHO-JULHO-AGOSTO
ITARUM+;-51,347222;-18,764722;JUNHO-JULHO-AGOSTO
POMBAL;-51,496944;-18,095;JUNHO-JULHO-AGOSTO
APOR+;-51,91;-18,966667;JUNHO-JULHO-AGOSTO
COLÈNIA FIGUEIR+O;-53,641389;-18,673611;JUNHO-JULHO-AGOSTO
CANASTRA;-51,149444;-19,1;JUNHO-JULHO-AGOSTO
ITAJ-;-51,533611;-19,106111;JUNHO-JULHO-AGOSTO
ROCHEDO;-54,892778;-19,951111;JUNHO-JULHO-AGOSTO
RIO NEGRO;-54,983333;-19,439722;JUNHO-JULHO-AGOSTO
CAMAPU+;-54,036389;-19,533889;JUNHO-JULHO-AGOSTO
BANDEIRANTES;-54,359722;-19,918333;JUNHO-JULHO-AGOSTO
FAZENDA CARANDA;-54,172778;-19,3025;JUNHO-JULHO-AGOSTO
IGUAÃU;-55,792222;-19,943056;JUNHO-JULHO-AGOSTO
PARA-SO;-56,712222;-19,173333;JUNHO-JULHO-AGOSTO
CAMPO ALTO;-56,088889;-19,003333;JUNHO-JULHO-AGOSTO
FORTE COIMBRA;-57,789444;-19,918611;JUNHO-JULHO-AGOSTO
PORTO ESPERANÃA;-57,437222;-19,600556;JUNHO-JULHO-AGOSTO
-GUA CLARA;-52,901389;-20,445;JUNHO-JULHO-AGOSTO
RIBAS DO RIO PARDO;-53,7575;-20,443333;JUNHO-JULHO-AGOSTO
SANTA ELISA;-54,871667;-20,495;JUNHO-JULHO-AGOSTO
CIPOL-NDIA;-55,393056;-20,1275;JUNHO-JULHO-AGOSTO
TABOCO;-55,644167;-20,070278;JUNHO-JULHO-AGOSTO
PORTO VELHO;-52,183333;-21,016667;JUNHO-JULHO-AGOSTO
PORTO UER-;-52,437222;-21,715833;JUNHO-JULHO-AGOSTO
XAVANTINA DO SUL;-52,810278;-21,295;JUNHO-JULHO-AGOSTO
PORTO PINDA-BA;-53,051111;-21,614444;JUNHO-JULHO-AGOSTO
AROEIRA;-54,424444;-21,646389;JUNHO-JULHO-AGOSTO
PORTO RIO BRILHANTE;-54,6225;-21,796389;JUNHO-JULHO-AGOSTO
VAU DO BALSAMO;-54,506944;-20,993889;JUNHO-JULHO-AGOSTO
MARACAJU;-55,136389;-21,617222;JUNHO-JULHO-AGOSTO
BONITO;-56,516944;-21,115278;JUNHO-JULHO-AGOSTO
MARAB-;-57,357778;-21,688333;JUNHO-JULHO-AGOSTO
ANAURIL-NDIA;-52,716944;-22,181667;JUNHO-JULHO-AGOSTO
CAARAPË;-54,824444;-22,624167;JUNHO-JULHO-AGOSTO
DOURADOS;-54,791944;-22,397222;JUNHO-JULHO-AGOSTO
GLËRIA DE DOURADOS;-54,235;-22,405;JUNHO-JULHO-AGOSTO
BELA VISTA;-56,526389;-22,108889;JUNHO-JULHO-AGOSTO
CARACOL;-57,029167;-22,030833;JULHO-AGOSTO-SETEMBRO
NAVIRAI;-54,200278;-23,063333;JUNHO-JULHO-AGOSTO
IGUATEMI;-54,562778;-23,681944;JUNHO-JULHO-AGOSTO
AMAMBAI;-55,240833;-23,099444;JUNHO-JULHO-AGOSTO
CAMPO DOS CAVALOS;-40,647276;-9,559874;JULHO-AGOSTO-SETEMBRO
JUNCO (CODEVASF);-40,606442;-9,674319;JULHO-AGOSTO-SETEMBRO
FAZENDA BEL+M;-37,345309;-10,942107;NOVEMBRO-DEZEMBRO-JANEIRO
SANTA ROSA DE LIMA (CAMBOATA);-37,193085;-10,664606;NOVEMBRO-DEZEMBRO-JANEIRO
CAPELA;-37,066973;-10,483772;DEZEMBRO-JANEIRO-FEVEREIRO
PEDRA VERMELHA;-39,509769;-10,361824;AGOSTO-SETEMBRO-OUTUBRO
QUEIMADAS;-39,634215;-10,973494;AGOSTO-SETEMBRO-OUTUBRO
AÃUDE JACURICI;-39,720881;-10,652381;AGOSTO-SETEMBRO-OUTUBRO
SA+DE;-40,400331;-10,933771;AGOSTO-SETEMBRO-OUTUBRO
PINDOBAÃU;-40,380053;-10,802381;AGOSTO-SETEMBRO-OUTUBRO
PONTO NOVO;-40,111996;-10,844882;AGOSTO-SETEMBRO-OUTUBRO
AÃUDE SOHEM;-40,114495;-10,395157;AGOSTO-SETEMBRO-OUTUBRO
RIO VERDE II  (CODEVASF);-42,344236;-10,985723;JUNHO-JULHO-AGOSTO
SALGADO;-37,466977;-11,017108;OUTUBRO-NOVEMBRO-DEZEMBRO
EST-NCIA;-37,366976;-11,267109;NOVEMBRO-DEZEMBRO-JANEIRO
ITANHY;-37,566978;-11,550444;NOVEMBRO-DEZEMBRO-JANEIRO
INHAMBUPE;-38,348373;-11,783222;SETEMBRO-OUTUBRO-NOVEMBRO
CIPË;-38,516984;-11,117107;AGOSTO-SETEMBRO-OUTUBRO
PONTE EUCLIDES DA CUNHA;-38,835598;-11,063495;AGOSTO-SETEMBRO-OUTUBRO
GAVI+O II;-39,787549;-11,47183;AGOSTO-SETEMBRO-OUTUBRO
MIGUEL CALMON (DJALMA DUTRA);-37,940592;-12,130724;AGOSTO-SETEMBRO-OUTUBRO
FRANÃA;-40,596444;-11,557385;AGOSTO-SETEMBRO-OUTUBRO
JACOBINA;-40,484499;-11,20405;AGOSTO-SETEMBRO-OUTUBRO
BARRA DO MUNDO NOVO;-40,508388;-11,858498;AGOSTO-SETEMBRO-OUTUBRO
AÃUDE SERROTE;-40,303942;-11,410162;JULHO-AGOSTO-SETEMBRO
AÃUDE RIO DO PEIXE;-39,965606;-11,23044;JULHO-AGOSTO-SETEMBRO
ARRECIFE;-41,883675;-11,017103;JUNHO-JULHO-AGOSTO
FAZENDA CABACEIRAS;-42,317012;-11,442382;JUNHO-JULHO-AGOSTO
FAZENDA REFRIG+RIO - JUSANTE;-42,285622;-11,333493;JUNHO-JULHO-AGOSTO
MORPAR-;-43,283407;-11,566549;JUNHO-JULHO-AGOSTO
BOQUEIR+O;-43,826466;-11,34238;JUNHO-JULHO-AGOSTO
FAZENDA MACAMBIRA;-44,159802;-11,612659;JUNHO-JULHO-AGOSTO
S+O SEBASTI+O;-44,883696;-11,983771;JUNHO-JULHO-AGOSTO
IBIPETUBA;-44,524804;-11,006267;JUNHO-JULHO-AGOSTO
FORMOSA DO RIO PRETO;-45,202308;-11,04821;JUNHO-JULHO-AGOSTO
FAZENDA BOM JARDIM;-45,526755;-10,994321;JUNHO-JULHO-AGOSTO
PONTE SERAFIM - MONTANTE;-45,613423;-11,901547;JUNHO-JULHO-AGOSTO
NOVA VIDA - MONTANTE;-45,122586;-11,852937;JUNHO-JULHO-AGOSTO
CARIPARE;-45,042585;-11,501546;JUNHO-JULHO-AGOSTO
CORTE GRANDE;-37,756702;-12,057947;NOVEMBRO-DEZEMBRO-JANEIRO
TIRIRICA;-38,056983;-12,570727;DEZEMBRO-JANEIRO-FEVEREIRO
ARAÃAS;-38,200872;-12,210725;DEZEMBRO-JANEIRO-FEVEREIRO
BURACICA;-38,515319;-12,251836;DEZEMBRO-JANEIRO-FEVEREIRO
EMBOACICA;-38,139206;-12,607116;DEZEMBRO-JANEIRO-FEVEREIRO
TEODORO SAMPAIO;-38,639487;-12,304058;AGOSTO-SETEMBRO-OUTUBRO
ARGOIM (DNOCS);-39,518382;-12,584614;AGOSTO-SETEMBRO-OUTUBRO
MILAGRES;-39,850329;-12,900449;JULHO-AGOSTO-SETEMBRO
ITAET+;-40,967004;-12,99267;JULHO-AGOSTO-SETEMBRO
IAÃU;-40,215332;-12,760447;JULHO-AGOSTO-SETEMBRO
FAZENDA IGUAÃU;-41,071171;-12,937669;JULHO-AGOSTO-SETEMBRO
ANDARA-;-41,32784;-12,802113;JULHO-AGOSTO-SETEMBRO
PORTO;-41,29645;-12,497945;JULHO-AGOSTO-SETEMBRO
GUINE;-41,544508;-12,771557;JULHO-AGOSTO-SETEMBRO
USINA MUCUG-;-41,37034;-13,007947;JULHO-AGOSTO-SETEMBRO
BROTAS DE MACA+BAS;-42,629791;-12,003611;JUNHO-JULHO-AGOSTO
PONTE BR-242;-42,760627;-12,255442;JUNHO-JULHO-AGOSTO
GAMELEIRA;-43,378687;-12,868499;JUNHO-JULHO-AGOSTO
IBOTIRAMA;-43,222852;-12,183218;JUNHO-JULHO-AGOSTO
SERRA DOURADA (FAZ. MURITIBA);-43,958969;-12,767109;JUNHO-JULHO-AGOSTO
BARREIRAS;-45,008419;-12,154327;JUNHO-JULHO-AGOSTO
FAZENDA COQUEIRO;-44,952864;-12,406273;JUNHO-JULHO-AGOSTO
FAZENDA REDENÃ+O;-45,083698;-12,117105;JUNHO-JULHO-AGOSTO
DEROCAL;-45,119254;-12,410995;JUNHO-JULHO-AGOSTO
S-TIO GRANDE;-45,085365;-12,430439;JUNHO-JULHO-AGOSTO
FAZENDA JOHA;-45,817036;-12,117104;JUNHO-JULHO-AGOSTO
RODA VELHA;-45,947593;-12,764329;JUNHO-JULHO-AGOSTO
COROA;-38,642821;-13,003784;DEZEMBRO-JANEIRO-FEVEREIRO
SANTA LUZIA;-39,491995;-13,601564;AGOSTO-SETEMBRO-OUTUBRO
ITUBER-;-39,169492;-13,81101;SETEMBRO-OUTUBRO-NOVEMBRO
ARATUIPE;-39,002546;-13,074617;NOVEMBRO-DEZEMBRO-JANEIRO
WENCESLAU GUIMAR+ES;-39,479217;-13,685175;AGOSTO-SETEMBRO-OUTUBRO
MUTU-PE;-39,504772;-13,224617;AGOSTO-SETEMBRO-OUTUBRO
NAZAR+;-39,028935;-13,03295;NOVEMBRO-DEZEMBRO-JANEIRO
VALENÃA;-39,077547;-13,367674;NOVEMBRO-DEZEMBRO-JANEIRO
SANTA IN-S;-39,821719;-13,297951;AGOSTO-SETEMBRO-OUTUBRO
NILO PEÃANHA;-39,108381;-13,59962;DEZEMBRO-JANEIRO-FEVEREIRO
JEQUI+;-40,142555;-13,87212;JULHO-AGOSTO-SETEMBRO
NOVA ITARANA;-40,068387;-13,022671;JULHO-AGOSTO-SETEMBRO
ITUAÃU;-41,30923;-13,812396;JULHO-AGOSTO-SETEMBRO
PORTO NOVO;-43,906191;-13,293501;JUNHO-JULHO-AGOSTO
S-TIO DO MATO;-43,466466;-13,085167;JUNHO-JULHO-AGOSTO
MOCAMBO;-44,562863;-13,280444;JUNHO-JULHO-AGOSTO
GATOS;-44,632586;-13,714335;JUNHO-JULHO-AGOSTO
CORRENTINA;-44,638696;-13,3435;JUNHO-JULHO-AGOSTO
COLÈNIA DO FORMOSO;-44,304806;-13,562668;JUNHO-JULHO-AGOSTO
ARROJADO;-44,570085;-13,452945;JUNHO-JULHO-AGOSTO
SANTA MARIA DA VITËRIA;-44,20036;-13,399056;JUNHO-JULHO-AGOSTO
ARROJOL-NDIA;-45,403702;-13,731;JUNHO-JULHO-AGOSTO
FAZENDA PLANALTO;-46,140651;-13,749055;JUNHO-JULHO-AGOSTO
FAZENDA PRAINHA (FAZ.ANTAS);-46,063428;-13,312942;JUNHO-JULHO-AGOSTO
LOMANTO JUNIOR;-39,471163;-14,808236;AGOSTO-SETEMBRO-OUTUBRO
FLORESTA AZUL;-39,658664;-14,860181;AGOSTO-SETEMBRO-OUTUBRO
PEDRINHAS;-39,46894;-14,327123;JULHO-AGOSTO-SETEMBRO
IPIA+;-39,690052;-14,1749;JULHO-AGOSTO-SETEMBRO
ITAJU-PE (PIRANJI);-39,387551;-14,67768;JULHO-AGOSTO-SETEMBRO
SANTA CRUZ DA VITËRIA;-39,807832;-14,959903;JULHO-AGOSTO-SETEMBRO
IBICARA-;-39,608664;-14,876848;JULHO-AGOSTO-SETEMBRO
LUCAIA (CAMPOS SALES);-40,505556;-14,750453;JULHO-AGOSTO-SETEMBRO
VITËRIA DA CONQUISTA;-40,833673;-14,867124;JUNHO-JULHO-AGOSTO
AREI+O;-40,135612;-14,607123;JULHO-AGOSTO-SETEMBRO
SANTO ANTÈNIO;-41,292841;-14,098786;JULHO-AGOSTO-SETEMBRO
PIRIP-;-41,718957;-14,943512;JUNHO-JULHO-AGOSTO
CANDIBA (MUCAMBO);-42,866186;-14,411285;JUNHO-JULHO-AGOSTO
CARINHANHA;-43,768414;-14,304894;JUNHO-JULHO-AGOSTO
PALMAS DE MONTE ALTO;-43,163688;-14,256284;JUNHO-JULHO-AGOSTO
COCOS;-44,531197;-14,180726;JUNHO-JULHO-AGOSTO
CAJUEIRO;-45,173702;-14,836561;JUNHO-JULHO-AGOSTO
S+O JOS+;-39,345885;-15,092683;AGOSTO-SETEMBRO-OUTUBRO
ITAJU DO COLÈNIA;-39,723943;-15,139349;JULHO-AGOSTO-SETEMBRO
MASCOTE;-39,301996;-15,564629;AGOSTO-SETEMBRO-OUTUBRO
FAZENDA NANCY;-39,517275;-15,603796;JULHO-AGOSTO-SETEMBRO
FAZENDA MANAUS;-39,769221;-15,153516;JULHO-AGOSTO-SETEMBRO
CAMACAN (VARGITO);-39,492831;-15,426295;JULHO-AGOSTO-SETEMBRO
INHOBIM;-40,933119;-15,340181;JUNHO-JULHO-AGOSTO
C-NDIDO SALES;-41,22201;-15,511848;JUNHO-JULHO-AGOSTO
ITAMARATI;-41,406733;-15,577404;JUNHO-JULHO-AGOSTO
VEREDA DO PARA-SO;-41,452011;-15,493237;JUNHO-JULHO-AGOSTO
MONTEZUMA;-42,500351;-15,167123;JUNHO-JULHO-AGOSTO
TABOLEIRO ALTO;-42,183683;-15,300457;JUNHO-JULHO-AGOSTO
S+O JO+O DO PARA-SO;-42,023126;-15,314902;JUNHO-JULHO-AGOSTO
RIO PARDO DE MINAS;-42,543408;-15,599624;JUNHO-JULHO-AGOSTO
